Date,log_return,log_volume,log_volume_diff,co_log_ret,log_ret_rolling_z,garman-klass,gk_diff,gk_diff2,negative_return,positive_return,day_sin,day_cos,log_vix,log_vix_return,gk_ma5,gk_ma21,garch,target
2015-12-31,-0.009456485041468454,21.699834778078394,0.11476396212245632,-0.008113103178621638,-0.733213357125373,0.4127464904048044,0.09711204173490412,0.25962639614269034,-0.009456485041468454,0.0,-0.587785252292473,-0.8090169943749475,2.9019708434634395,0.05184249081697834,0.39172068482139866,0.6849458076265409,0.9148008466009796,1.5126714575533053
2016-01-04,-0.015422041797806152,22.183015100105436,0.4831803220270423,-0.012609794217649982,-1.2703784671696943,1.5126714575533053,1.099924967148501,1.002812925413597,-0.015422041797806152,0.0,0.0,1.0,3.0301337371283013,0.12816289366486178,0.637094894945837,0.7265521382926183,1.0735356886809193,0.6176149974352222
2016-01-05,0.002010204139359928,22.033386247363214,-0.1496288527422216,0.0014538838522492926,0.15540819169446718,0.6176149974352222,-0.8950564601180832,-1.994981427266584,0.0,0.002010204139359928,0.9510565162951535,0.30901699437494745,2.9621754979149046,-0.06795823921339661,0.6673632394281837,0.7025044139898857,0.952007322093525,0.9463994496426662
2016-01-06,-0.013202163002625333,22.19037030375311,0.156984056389895,-0.01071979886754483,-1.177483423769824,0.9463994496426662,0.328784452207444,1.2238409123255272,-0.013202163002625333,0.0,0.5877852522924732,-0.8090169943749473,3.0248055284504747,0.06263003053557004,0.7610133687411796,0.7094903474415708,1.0329670833751243,1.010749448655398
2016-01-07,-0.02398581651934517,22.347905613495506,0.15753530974239638,-0.021500611304631073,-1.6792260859262913,1.010749448655398,0.06434999901273186,-0.26443445319471215,-0.02398581651934517,0.0,-0.587785252292473,-0.8090169943749475,3.218475735687924,0.19367020723744943,0.9000363687382793,0.7243498582074124,1.4176804192421057,1.321534542890356
2016-01-08,-0.01089753744584776,22.263340809641036,-0.08456480385446952,-0.012378617941537955,-0.3840341633051963,1.321534542890356,0.3107850942349579,0.24643509522222606,-0.01089753744584776,0.0,-0.9510565162951536,0.30901699437494723,3.296207176278491,0.07773144059056669,1.0817939792353897,0.7550592493638775,1.317084914568224,1.2710787622990067
2016-01-11,0.0008529082958226297,22.250905668824416,-0.01243514081662056,-0.0012727714902625118,0.77740295686346,1.2710787622990067,-0.05045578059134925,-0.3612408748263072,0.0,0.0008529082958226297,0.0,1.0,3.190476318949817,-0.10573085732867371,1.0334754401845299,0.7466464733936574,1.1408496851366852,1.1582435185584536
2016-01-12,0.007772514117774243,22.309897656397492,0.05899198757307644,0.005612361591757918,1.2498392706626529,1.1582435185584536,-0.11283524374055309,-0.06237946314920384,0.0,0.007772514117774243,0.9510565162951535,0.30901699437494745,3.112181055638915,-0.0782952633109022,1.1416011444091763,0.7663545059660952,1.0557492114872893,1.7067287149300103
2016-01-13,-0.02528237507790898,22.34996000035172,0.04006234395422936,-0.026138216090502916,-1.4606016495429197,1.7067287149300103,0.5484851963715567,0.6613204401121098,-0.02528237507790898,0.0,0.5877852522924732,-0.8090169943749473,3.2276373033105434,0.11545624767162854,1.2936669974666448,0.8090231851281582,1.4671605321926464,1.810119923911024
2016-01-14,0.0165580609343845,22.379799145097987,0.02983914474626559,0.015817691154012877,1.7375017466934066,1.810119923911024,0.10339120898101362,-0.44509398739054307,0.0,0.0165580609343845,-0.587785252292473,-0.8090169943749475,3.1759683557124334,-0.05166894759811003,1.45354109251777,0.8470993324250606,1.464848972645371,1.8564564455144255
2016-01-15,-0.021835772698162614,22.42226287827557,0.04246373317758412,-0.01914728067983119,-0.9371771366103673,1.8564564455144255,0.046336521603401515,-0.0570546873776121,-0.021835772698162614,0.0,-0.9510565162951536,0.30901699437494723,3.296577349473713,0.12060899376127976,1.560525473042584,0.896634611513057,1.6154122984856367,1.3621737041072215
2016-01-19,0.0005316801874286625,22.318270083585816,-0.10399279468975564,-0.003888650835076104,0.50519236899511,1.3621737041072215,-0.49428274140720396,-0.5406192630106055,0.0,0.0005316801874286625,0.9510565162951535,0.30901699437494745,3.2600177389118725,-0.03655961056184065,1.578744461404227,0.9204475438258862,1.3854715274453813,2.384851509796415
2016-01-20,-0.011762766025898763,22.582071617831406,0.26380153424559083,-0.009021639293053392,-0.25735225495765784,2.384851509796415,1.0226778056891936,1.5169605470963976,-0.011762766025898763,0.0,0.5877852522924732,-0.8090169943749473,3.3174533937597452,0.05743565484787272,1.8240660596518192,1.0005298062522947,1.311336501753758,1.5254725463276129
2016-01-21,0.005181988635948542,22.348342819323918,-0.23372879850748873,0.0040370677116248485,0.7860982242552007,1.5254725463276129,-0.8593789634688023,-1.882056769157996,0.0,0.005181988635948542,-0.587785252292473,-0.8090169943749475,3.2842889834260847,-0.03316441033366058,1.7878148259313398,1.0444191643420797,1.159814712539148,0.6640544822029462
2016-01-22,0.020080726882213185,22.312860161449457,-0.0354826578744607,0.01559104573651311,1.4364904866400616,0.6640544822029462,-0.8614180641246667,-0.0020391006558644342,0.0,0.020080726882213185,-0.9510565162951536,0.30901699437494723,3.1063788004713095,-0.17791018295477512,1.5586017375897243,1.05260074233509,1.3599398703706709,0.6033211238474472
2016-01-25,-0.015761545172821023,22.205183965287862,-0.10767619616159507,-0.015436359834642822,-0.8543353372486125,0.6033211238474472,-0.06073335835549898,0.8006847057691677,-0.015761545172821023,0.0,0.0,1.0,3.1842843643027336,0.07790556383142411,1.3079746732563287,1.0525466580395806,1.385526172054806,0.650475272780471
2016-01-26,0.014045237830368151,22.195265305820143,-0.009918659467718527,0.013134618917462882,0.913987569240707,0.650475272780471,0.04715414893302383,0.10788750728852281,0.0,0.014045237830368151,0.9510565162951535,0.30901699437494745,3.1135153092103742,-0.07076905509235942,1.1656349869909786,1.0647880630742368,1.3568428279353484,1.5228190308190377
2016-01-27,-0.01092292230052827,22.28226062002655,0.08699531420640483,-0.010339663429538093,-0.4863558843460833,1.5228190308190377,0.8723437580385667,0.8251896091055428,-0.01092292230052827,0.0,0.5877852522924732,-0.8090169943749473,3.1402654506970014,0.026750141486627133,0.9932284911955029,1.1236937118308048,1.2857990174423757,1.064412753501396
2016-01-28,0.005513350717590626,22.26934000480266,-0.01292061522388721,0.004308511311238874,0.36681999841197194,1.064412753501396,-0.4584062773176416,-1.3307500353562083,0.0,0.005513350717590626,-0.587785252292473,-0.8090169943749475,3.109953421046955,-0.030312029650046313,0.9010165326302596,1.1521765441392764,1.1581680457982437,0.8133556611905445
2016-01-29,0.02445865099455702,22.427572013554506,0.1582320087518454,0.024120676966734925,1.4932603235720452,0.8133556611905445,-0.2510570923108516,0.20734918500679,0.0,0.02445865099455702,-0.9510565162951536,0.30901699437494723,3.0056826421764384,-0.10427077887051661,0.9308767684277793,1.168138775477984,1.4763574909811916,0.980536894559071
2016-02-01,-0.00044333484554215374,22.187106716156975,-0.24046529739753097,0.0012589589263320607,-0.2597789757269479,0.980536894559071,0.16718123336852653,0.41823832567937813,-0.00044333484554215374,0.0,0.0,1.0,2.9947317503093127,-0.010950891867125723,1.006319922570104,1.1998007967108015,1.327795777236081,0.9346945885330042
2016-02-02,-0.018920968718231457,22.219129594172237,0.032022878015261824,-0.016794321259691297,-1.3115231574521202,0.9346945885330042,-0.04584230602606676,-0.2130235393945933,-0.018920968718231457,0.0,0.9510565162951535,0.30901699437494745,3.0901329281491026,0.09540117783978985,1.0631637857206109,1.2246554680502397,1.4342789600140835,1.6989594383062023
2016-02-03,0.004979620021574149,22.366708962543154,0.14757936837091634,0.002858983538507257,0.14751154955185528,1.6989594383062023,0.7642648497731981,0.8101071557992648,0.0,0.004979620021574149,0.5877852522924732,-0.8090169943749473,3.0750054368286497,-0.01512749132045288,1.0983918672180437,1.2335263242765682,1.3121986695277634,0.9836215318178481
2016-02-04,0.0015255682925232605,22.37063902151607,0.003930058972915873,0.0019753279021612184,-0.0636324532628065,0.9836215318178481,-0.7153379064883543,-1.4796027562615524,0.0,0.0015255682925232605,-0.587785252292473,-0.8090169943749475,3.083743157863329,0.008737721034679513,1.082233622881334,1.250955206866217,1.1822158723921754,1.0531436789237683
2016-02-05,-0.01865415827635175,22.318592654744396,-0.05204636677167329,-0.017410855248998797,-1.1841468585238213,1.0531436789237683,0.0695221471059202,0.7848600535942745,-0.01865415827635175,0.0,-0.9510565162951536,0.30901699437494723,3.151880920148567,0.06813776228523771,1.1301912264279788,1.2560382654034123,1.3233193153432188,1.5785349829562545
2016-02-08,-0.014255057923056924,22.452522045998595,0.133929391254199,-0.010631549980746413,-0.9020640645495965,1.5785349829562545,0.5253913040324862,0.45586915692656604,-0.014255057923056924,0.0,0.0,1.0,3.258096538021482,0.10621561787291522,1.2497908441074155,1.2830756717986913,1.341186007889616,1.2658626322249995
2016-02-09,-0.0006638406467605051,22.368692321905666,-0.08382972409292933,0.0020266607737054365,0.15510612086543293,1.2658626322249995,-0.312672350731255,-0.8380636547637412,-0.0006638406467605051,0.0,0.9510565162951535,0.30901699437494745,3.278653063400193,0.020556525378710777,1.3160244528458145,1.2804246284336742,1.2120364834292527,1.1723053431382426
2016-02-10,-0.0001889681307609692,22.220915956512748,-0.14777636539291805,-0.0028255865665175275,0.1129092059046403,1.1723053431382426,-0.09355728908675687,0.21911506164449812,-0.0001889681307609692,0.0,0.5877852522924732,-0.8090169943749473,3.269188673565956,-0.009464389834236808,1.2106936338122225,1.2757211322831619,1.1118275195946616,1.2919347346600136
2016-02-11,-0.012377447329256164,22.428159373334594,0.20724341682184644,-0.009749617042343601,-0.6758144656727094,1.2919347346600136,0.11962939152177099,0.21318668060852786,-0.012377447329256164,0.0,-0.587785252292473,-0.8090169943749475,3.3371920299964217,0.06800335643046562,1.2723562743806558,1.2820873806689503,1.1280496309890524,0.5722639329828663
2016-02-12,0.019330015207046358,22.270172811910946,-0.1579865614236482,0.01697091951998997,1.9336072197744536,0.5722639329828663,-0.7196708016771474,-0.8393001931989184,0.0,0.019330015207046358,-0.9510565162951536,0.30901699437494723,3.2347491590059976,-0.10244287099042415,1.1761803251924754,1.2280652481952767,1.2846624638791626,0.4468575335884016
2016-02-16,0.01638173774168461,22.24292563964046,-0.02724717227048501,0.0128166804295622,1.366292063956665,0.4468575335884016,-0.12540639939446468,0.5942644022826826,0.0,0.01638173774168461,0.9510565162951535,0.30901699437494745,3.182626717508366,-0.052122441497631566,0.9498448353189047,1.1631479915132472,1.3335239557528924,0.7464582124299166
2016-02-17,0.016346110625641508,22.335009090239105,0.09208345059864342,0.014648814338851537,1.123772081965184,0.7464582124299166,0.29960067884151503,0.4250070782359797,0.0,0.016346110625641508,0.5877852522924732,-0.8090169943749473,3.1050349845064034,-0.07759173300196265,0.845963951359888,1.110290932794937,1.3705121347921645,0.4489980005877168
2016-02-18,-0.004676632123934432,22.213129360433452,-0.1218797298056522,-0.005065798778252594,-0.3672238302081053,0.4489980005877168,-0.29746021184219984,-0.5970608906837149,-0.004676632123934432,0.0,-0.587785252292473,-0.8090169943749475,3.0745434257734945,-0.030491558732908874,0.701302482849783,1.0668063754844845,1.258822456178594,0.6138489782018023
2016-02-19,-2.603328180228459e-05,22.144649793979536,-0.06847956645391662,0.0005424611595225438,-0.010948657314950958,0.6138489782018023,0.16485097761408551,0.46231118945628535,-2.603328180228459e-05,0.0,-0.9510565162951536,0.30901699437494723,3.021887264476799,-0.05265616129669537,0.5656853315581407,0.9824729215990267,1.143664159760338,0.4513414449611557
2016-02-22,0.014350731099076697,22.12314500555686,-0.021504788422674892,0.010884027563060008,0.8835946037138303,0.4513414449611557,-0.1625075332406466,-0.3273585108547321,0.0,0.014350731099076697,0.0,1.0,2.9642415631585224,-0.05764570131827673,0.5415008339537987,0.9313238215339574,1.1884423064983158,0.4944271797242097
2016-02-23,-0.012532577570788739,22.08184207599064,-0.04130292956622128,-0.010927591931816928,-1.3323539045687272,0.4944271797242097,0.043085734763053996,0.2055932680037006,-0.012532577570788739,0.0,0.9510565162951535,0.30901699437494745,3.0435695811491006,0.0793280179905782,0.5510147631809602,0.923246330939732,1.192936101363053,1.4673081633495433
2016-02-24,0.004429960034632252,22.18588446266068,0.10404238667004151,0.006362820837020704,0.02716253874333549,1.4673081633495433,0.9728809836253336,0.9297952488622796,0.0,0.004429960034632252,0.5877852522924732,-0.8090169943749473,3.0310993842520197,-0.012470196897080843,0.6951847533648856,0.9643885709160223,1.1061841791606055,0.7251188380473337
2016-02-25,0.011284366730450301,22.138684440123544,-0.04720002253713673,0.010212319422548596,0.49846705209510683,0.7251188380473337,-0.7421893253022096,-1.7150703089275432,0.0,0.011284366730450301,-0.587785252292473,-0.8090169943749475,2.9502117901910383,-0.08088759406098145,0.750408920856809,0.9679430264049204,1.1059291071682358,0.5814465748729072
2016-02-26,-0.001871865329564848,22.19309909486497,0.05441465474142504,-0.003535695378838472,-0.7576336541343791,0.5814465748729072,-0.1436722631744265,0.5985170621277831,-0.001871865329564848,0.0,-0.9510565162951536,0.30901699437494723,2.986186833751468,0.035975043560429576,0.74392844019103,0.9231157665979618,1.0208325285226667,0.8351040913160456
2016-02-29,-0.008154131091571593,22.246749268443068,0.05365017357809876,-0.007681729841957634,-1.1045153072269536,0.8351040913160456,0.2536575164431384,0.3973297796175649,-0.008154131091571593,0.0,0.0,1.0,3.0228609038162353,0.03667407006476742,0.8206809694620079,0.9121963064938976,0.9951092969134461,0.7106992102299431
2016-03-01,0.023588385401619227,22.295987896651333,0.049238628208264856,0.021076322313141327,1.6436435697564893,0.7106992102299431,-0.12440488108610248,-0.37806239752924087,0.0,0.023588385401619227,0.9510565162951535,0.30901699437494745,2.8735646826837065,-0.14929622113252883,0.8639353755631547,0.9073079040672022,1.2870742207282593,0.5527339459691913
2016-03-02,0.004085949861101668,22.26369873517698,-0.03228916147435257,0.004970916869947513,0.09467842635114475,0.5527339459691913,-0.15796526426075175,-0.033560383174649266,0.0,0.004085949861101668,0.5877852522924732,-0.8090169943749473,2.8384935060559893,-0.03507117662771719,0.6810205320870841,0.8869363350867319,1.1917381225525054,0.5276568560875098
2016-03-03,0.0034926343203167676,22.348911688421506,0.08521295324452538,0.003920612626020135,-0.035023756444552516,0.5276568560875098,-0.025077089881681558,0.1328881743790702,0.0,0.0034926343203167676,-0.587785252292473,-0.8090169943749475,2.8154087651077058,-0.0230847409482835,0.6415281356951195,0.8675535859226606,1.107653514558012,0.769167486896339
2016-03-04,0.003300439865942195,22.523312538839583,0.17440085041807762,0.0029944841949212965,-0.08509287494953519,0.769167486896339,0.24151063080882917,0.26658772069051073,0.0,0.003300439865942195,-0.9510565162951536,0.30901699437494723,2.824943988774869,0.009535223667163084,0.6790723180998058,0.823277778712667,1.0290615604966966,0.5658761347884079
2016-03-07,0.0008846228008634327,22.32631941300657,-0.1969931258330142,0.0028265192127635785,-0.19774681975430966,0.5658761347884079,-0.20329135210793103,-0.4448019829167602,0.0,0.0008846228008634327,0.0,1.0,2.8535925283795955,0.028648539604726686,0.6252267267942783,0.8033851407588841,0.9551078426370793,0.4190189531796359
2016-03-08,-0.011303756056006087,22.25833574363637,-0.06798366937020006,-0.008862922528745583,-1.466303888184241,0.4190189531796359,-0.14685718160877204,0.056434170499159,-0.011303756056006087,0.0,0.9510565162951535,0.30901699437494745,2.9269179616400773,0.0733254332604818,0.5668906753842168,0.7731887252472589,0.992642347026978,0.3864390780350516
2016-03-09,0.005039672782814364,22.119045074325157,-0.1392906693112117,0.003938891664516079,0.20566536994778833,0.3864390780350516,-0.03257987514458427,0.11427730646418777,0.0,0.005039672782814364,0.5877852522924732,-0.8090169943749473,2.909084475148269,-0.01783348649180816,0.5336317017973888,0.7164222535843444,0.944760064932965,1.2742470574824447
2016-03-10,0.00015579279712252259,22.199581416165493,0.08053634184033598,-0.0007034344591375805,-0.1893041177685658,1.2742470574824447,0.8878079794473931,0.9203878545919774,0.0,0.00015579279712252259,-0.587785252292473,-0.8090169943749475,2.8931456425107753,-0.01593883263749385,0.6829497420763758,0.716821511929937,0.8803787008544269,0.4744341799550769
2016-03-11,0.016262545588850763,22.129024533099088,-0.07055688306640562,0.013682396794280278,1.224734302809432,0.4744341799550769,-0.7998128775273678,-1.6876208569747608,0.0,0.016262545588850763,-0.9510565162951536,0.30901699437494723,2.803360380906535,-0.0897852616042405,0.6240030806881234,0.6835895517783578,1.024019625067436,0.4384831351532815
2016-03-14,-0.001261768616611647,21.972551337767975,-0.15647319533111315,0.00018321533041902295,-0.5955389143104716,0.4384831351532815,-0.035951044801795395,0.7638618327255724,-0.001261768616611647,0.0,0.0,1.0,2.8284963586871754,0.025135977780640584,0.5985244807610981,0.6429489994208943,0.9574878605358109,0.376111447584091
2016-03-15,-0.0018386309343174645,21.99310503068374,0.020553692915765254,0.00032746287636115627,-0.5396205888993534,0.376111447584091,-0.06237168756919054,-0.02642064276739514,-0.0018386309343174645,0.0,0.9510565162951535,0.30901699437494745,2.823757017875219,-0.004739340811956261,0.5899429796419892,0.6336084048780956,0.9064415653898987,0.6572835113810293
2016-03-16,0.00558472788177955,22.123714551156105,0.1306095204723654,0.006423433721584786,0.5102371928502569,0.6572835113810293,0.28117206379693827,0.3435437513661288,0.0,0.00558472788177955,0.5877852522924732,-0.8090169943749473,2.707383296845538,-0.11637372102968113,0.6441118663111847,0.6436286895348873,0.8724417972091167,0.7249946205906789
2016-03-17,0.006573583068596456,22.23409373131359,0.1103791801574836,0.0067314206708932595,0.5961317156645006,0.7249946205906789,0.06771110920964962,-0.21346095458728864,0.0,0.006573583068596456,-0.587785252292473,-0.8090169943749475,2.6700021044053517,-0.03738119244018634,0.5342613789328314,0.6426066137330187,0.8580119913192719,0.29026844805312485
2016-03-18,0.004395967251025645,22.59555097428076,0.36145724296716963,0.004116641783723355,0.273139592668513,0.29026844805312485,-0.434726172537554,-0.5024372817472036,0.0,0.004395967251025645,-0.9510565162951536,0.30901699437494723,2.640484914257205,-0.0295171901481468,0.49742823255244106,0.6350480636123239,0.8188278885478921,0.35422776953331203
2016-03-21,0.0009850919042930784,21.940135123303524,-0.655415850977235,0.0018149100381130224,-0.20691787699024577,0.35422776953331203,0.06395932148018718,0.4986854940177412,0.0,0.0009850919042930784,0.0,1.0,2.6239436890389327,-0.01654122521827217,0.48057715942844725,0.6226851489138244,0.7725237876256736,0.5521929799680466
2016-03-22,-0.0008777728967723775,21.952455994503726,0.012320871200202532,0.0005661453126428612,-0.8030501955530389,0.5521929799680466,0.19796521043473458,0.1340058889545474,-0.0008777728967723775,0.0,0.9510565162951535,0.30901699437494745,2.651127059086777,0.027183370047844324,0.5157934659052383,0.6274876029617716,0.7360630358420677,0.30823365234628075
2016-03-23,-0.00640650953066757,22.015114894423743,0.06265889992001661,-0.005796507940282961,-1.4045170198369012,0.30823365234628075,-0.24395932762176586,-0.44192453805650045,-0.00640650953066757,0.0,0.5877852522924732,-0.8090169943749473,2.704042151617877,0.05291509253110016,0.44598349409828864,0.6186212445152035,0.74643319038071,0.4601727995184388
2016-03-24,-0.0003781417793762287,21.94930928320723,-0.0658056112165113,0.0017008872427550544,-0.4282438081406894,0.4601727995184388,0.15193914717215806,0.3958984747939239,-0.0003781417793762287,0.0,-0.587785252292473,-0.8090169943749475,2.6905648712332506,-0.013477280384626589,0.3930191298838406,0.5706624176661033,0.7072434143657849,0.3708398976312127
2016-03-28,0.0005451068880724108,21.75612642478308,-0.1931828584241515,-0.00041225923283515453,-0.04802125696668997,0.3708398976312127,-0.08933290188722609,-0.24127204905938415,0.0,0.0005451068880724108,0.0,1.0,2.723923535240007,0.03335866400675647,0.40913341979945816,0.5537919919320023,0.677031615682249,0.7555327123530651
2016-03-29,0.008778012054237117,22.064126021528036,0.30799959674495625,0.009416417503409012,1.543857771556815,0.7555327123530651,0.38469281472185235,0.47402571660907844,0.0,0.008778012054237117,0.9510565162951535,0.30901699437494745,2.6261167962573397,-0.09780673898266734,0.48939440836340875,0.562081808002486,0.7237457919245152,0.4454930924010227
2016-03-30,0.004340879993566027,22.001504386972027,-0.06262163455600955,0.002755765231140946,0.447465610487601,0.4454930924010227,-0.3100396199520424,-0.6947324346738948,0.0,0.004340879993566027,0.5877852522924732,-0.8090169943749473,2.6071243134574336,-0.018992482799906174,0.468054430850004,0.5435289032922468,0.7045857400104591,0.3373693837245427
2016-03-31,-0.0020418423596204605,22.03571988266624,0.03421549569421245,-0.0019546602629591067,-0.81129996518558,0.3373693837245427,-0.10812370867647997,0.2019159112755624,-0.0020418423596204605,0.0,-0.587785252292473,-0.8090169943749475,2.6354794945946245,0.028355181137190932,0.4738815771256563,0.5257512925062754,0.6820467395278615,0.9501648725695758
2016-04-01,0.0063109590665995086,22.045019010525177,0.00929912785893805,0.007826800034277376,1.0672988172121305,0.9501648725695758,0.6127954888450331,0.720919197521513,0.0,0.0063109590665995086,-0.9510565162951536,0.30901699437494723,2.572612259326932,-0.06286723526769267,0.5718799917358839,0.5446765747253414,0.6934981699588116,0.3290637239807551
2016-04-04,-0.003213480045854311,21.97193759096819,-0.07308141955698844,-0.003411220074657204,-0.8814663628005733,0.3290637239807551,-0.6211011485888207,-1.2338966374338538,-0.003213480045854311,0.0,0.0,1.0,2.647592223960215,0.07497996463328338,0.5635247570057923,0.5352197589107339,0.6801117900821789,0.4436897451592839
2016-04-05,-0.01019629841179448,22.14755901139819,0.1756214204300015,-0.008437902115290321,-1.724799352032144,0.4436897451592839,0.11462602117852877,0.7357271697673495,-0.01019629841179448,0.0,0.9510565162951535,0.30901699437494745,2.73566537308291,0.0880731491226947,0.5011561635670361,0.519720818828017,0.7745108915685281,0.5373575822495364
2016-04-06,0.010452797932012814,22.045234987776354,-0.10232402362183635,0.010262115760448194,1.448274423942846,0.5373575822495364,0.09366783709025256,-0.02095818408827621,0.0,0.010452797932012814,0.5877852522924732,-0.8090169943749473,2.6454653367401053,-0.0902000363428046,0.5195290615367388,0.5183627925166422,0.8326773699340909,0.7800567148877711
2016-04-07,-0.01204807397000529,22.05859579721892,0.01336080944256679,-0.010280425047370777,-1.6369493704024758,0.7800567148877711,0.24269913263823462,0.14903129554798206,-0.01204807397000529,0.0,-0.587785252292473,-0.8090169943749475,2.782539043650629,0.1370737069105239,0.6080665277693844,0.5355550668836964,0.9218863320135657,0.6499270317431755
2016-04-08,0.0027827026046169934,21.93506692048255,-0.12352887673636914,0.001006531264494474,0.29282822211071613,0.6499270317431755,-0.1301296831445956,-0.3728288157828302,0.0,0.0027827026046169934,-0.9510565162951536,0.30901699437494723,2.731766705367784,-0.05077233828284511,0.5480189596041044,0.5481021122983689,0.8665157019020785,0.6806694029829964
2016-04-11,-0.0027435458896043485,21.995226207889647,0.060159287407095974,-0.004027154664066412,-0.39156710038030457,0.6806694029829964,0.03074237123982093,0.16087205438441654,-0.0027435458896043485,0.0,0.0,1.0,2.788708118196038,0.056941412828253934,0.6183400954045526,0.5198365097031571,0.822572802094488,0.6807124779450824
2016-04-12,0.009615753881390354,22.16776778379123,0.17254157590158314,0.008768909348284505,1.2012864749904153,0.6807124779450824,4.307496208599826e-05,-0.030699296277734933,0.0,0.009615753881390354,0.9510565162951535,0.30901699437494745,2.6979998909369054,-0.09070822725913263,0.6657446419617123,0.5296592857979192,0.854722551881272,0.31882489484635046
2016-04-13,0.00999006976855732,22.156403229946285,-0.011364553844945391,0.007955031475176967,1.1031628969310878,0.31882489484635046,-0.3618875830987319,-0.3619306580608179,0.0,0.00999006976855732,0.5877852522924732,-0.8090169943749473,2.62756296121466,-0.07043692972224536,0.6220381044810751,0.523961274354732,0.8850572025489901,0.32961469966063106
2016-04-14,0.0001729124301323992,22.049244747467146,-0.1071584824791394,-5.2746993081942065e-05,-0.11470507920321261,0.32961469966063106,0.010789804814280601,0.3726773879130125,0.0,0.0001729124301323992,-0.587785252292473,-0.8090169943749475,2.61885464176048,-0.008708319454179936,0.5319497014356471,0.521747143501234,0.8268172751756596,0.22402443058115545
2016-04-15,-0.0009847695761457942,22.031990471989076,-0.017254275478070014,-0.001138431395617866,-0.17098016000867555,0.22402443058115545,-0.10559026907947561,-0.11638007389375621,-0.0009847695761457942,0.0,-0.9510565162951536,0.30901699437494723,2.6115392923189495,-0.007315349441530561,0.44676918120324316,0.5011157587012399,0.7843366859091485,0.5428489063862909
2016-04-18,0.006519725613798322,21.922290419289784,-0.10970005269929217,0.007433236874176404,0.6371889223083099,0.5428489063862909,0.31882447580513545,0.42441474488461106,0.0,0.006519725613798322,0.0,1.0,2.5915164134207695,-0.020022878898179997,0.41920508188390204,0.4924421532629358,0.780212876178237,0.3924956211053138
2016-04-19,0.0030797379028664196,22.083429239308103,0.16113882001831925,0.002263603377620305,0.056449723510793255,0.3924956211053138,-0.15035328528097713,-0.4691777610861126,0.0,0.0030797379028664196,0.9510565162951535,0.30901699437494745,2.583242533221714,-0.008273880199055395,0.3615617105159483,0.49731011388446855,0.7488197675290965,0.4944334018127448
2016-04-20,0.0007612550492348547,22.154743866880576,0.0713146275724732,0.00041860113498822204,-0.14732230940135702,0.4944334018127448,0.10193778070743104,0.25229106598840817,0.0,0.0007612550492348547,0.5877852522924732,-0.8090169943749473,2.5862591239406965,0.003016590718982304,0.3966834119092272,0.5039865725644416,0.7133668230389897,0.40753277969399115
2016-04-21,-0.005207562857292736,22.15244965415427,-0.002294212726305034,-0.0050601897136263625,-1.502360132293416,0.40753277969399115,-0.08690062211875366,-0.1888384028261847,-0.005207562857292736,0.0,-0.587785252292473,-0.8090169943749475,2.6354794945946245,0.049220370653928036,0.4122670279158992,0.49709799159901036,0.7180414361917833,0.44436074859168834
2016-04-22,4.785857954114903e-05,22.055784878896795,-0.09666477525747652,4.3072618515519547e-05,-0.4062442762873551,0.44436074859168834,0.03682796889769718,0.12372859101645084,0.0,4.785857954114903e-05,-0.9510565162951536,0.30901699437494723,2.581730854622391,-0.05374863997223356,0.45633429151800586,0.5035802342773631,0.6839333407291561,0.3994270725262949
2016-04-25,-0.0018136896207625597,21.92315230385638,-0.13263257504041448,-0.0007565322569678625,-0.802724935657938,0.3994270725262949,-0.044933676065393446,-0.08176164496309063,-0.0018136896207625597,0.0,0.0,1.0,2.6447553453112924,0.06302449068890148,0.4276499247460066,0.5006875806110705,0.6578419084442954,0.3701879018960139
2016-04-26,0.001871000174236137,21.99223674456711,0.0690844407107285,0.0008895590555253261,0.09937332644135653,0.3701879018960139,-0.029239170630280975,0.01569450543511247,0.0,0.001871000174236137,0.9510565162951535,0.30901699437494745,2.6361961000668175,-0.008559245244474933,0.4231883809041467,0.5006565331951086,0.6287214226280298,0.5885438821261645
2016-04-27,0.0016479941117468755,22.134279639808963,0.14204289524185398,0.0013467883586919622,0.3350279777055493,0.5885438821261645,0.21835598023015057,0.24759515086043155,0.0,0.0016479941117468755,0.5877852522924732,-0.8090169943749473,2.6224923459841123,-0.013703754082705188,0.44201047696683055,0.4927046841366848,0.6027668623337256,0.8230438744961429
2016-04-28,-0.009273636061561064,22.18416661763518,0.04988697782621898,-0.0072574432033211955,-2.026786760071812,0.8230438744961429,0.23449999236997843,0.016144012139827857,-0.009273636061561064,0.0,-0.587785252292473,-0.8090169943749475,2.722610369978139,0.10011802399402692,0.525112695927261,0.510683292807881,0.7093688384749736,0.7128841996078333
2016-04-29,-0.005075949230557875,22.271832097267104,0.08766547963192295,-0.0031519630779511757,-0.9295729863355152,0.7128841996078333,-0.11015967488830958,-0.344659667258288,-0.005075949230557875,0.0,-0.9510565162951536,0.30901699437494723,2.753660700205545,0.031050330227405887,0.5788173861304899,0.5285649507070853,0.7060537768032303,0.4067787483915002
2016-05-02,0.007779606697244645,22.069027224535873,-0.2028048727312317,0.006874640327133838,1.717583383861773,0.4067787483915002,-0.30610545121633315,-0.19594577632802357,0.0,0.007779606697244645,0.0,1.0,2.6864860439749103,-0.06717465623063479,0.5802877213035309,0.5026894209843198,0.7348563456322038,0.6404030998530211
2016-05-03,-0.008714499388395858,22.151994492372445,0.08296726783657249,-0.0066705464236596936,-1.3042520880015869,0.6404030998530211,0.23362435146152094,0.5397298026778541,-0.008714499388395858,0.0,0.9510565162951535,0.30901699437494745,2.7472709387086787,0.06078489473376836,0.6343307608949325,0.5175151055496658,0.7861954407471731,0.4255365382111423
2016-05-04,-0.0059545827054732214,22.124094068089732,-0.027900424282712777,-0.004465584408808943,-0.6492630463952701,0.4255365382111423,-0.21486656164187884,-0.4484909131033998,-0.0059545827054732214,0.0,0.5877852522924732,-0.8090169943749473,2.7757088020408553,0.028437863332176683,0.6017292921119279,0.5166506671235639,0.7807559877985873,0.49305731700142574
2016-05-05,-0.0002390366927933485,22.111690427765037,-0.01240364032469543,-0.001130753488631997,0.3260785198844238,0.49305731700142574,0.06752077879028345,0.2823873404321623,-0.0002390366927933485,0.0,-0.587785252292473,-0.8090169943749475,2.7669478327590045,-0.008760969281850883,0.5357319806129845,0.5145411306831777,0.7304001325592459,0.5631899095746942
2016-05-06,0.00316961055355236,22.05730591602536,-0.054384511739677066,0.004565210696815334,0.8726089000999027,0.5631899095746942,0.07013259257326843,0.002611813782984973,0.0,0.00316961055355236,-0.9510565162951536,0.30901699437494723,2.689207131441274,-0.07774070131773048,0.5057931226063567,0.5042141399539835,0.7051056474925443,0.3361271334946523
2016-05-09,0.0007532133076093572,22.055267673903348,-0.0020382421220119795,0.0005538513837716624,0.3860862469241253,0.3361271334946523,-0.22706277608004188,-0.2971953686533103,0.0,0.0007532133076093572,0.0,1.0,2.678964599261624,-0.010242532179649988,0.491662799626987,0.48927128765643474,0.6723023715285037,0.3868682929813486
2016-05-10,0.012406365236037331,22.00425523669864,-0.05101243720470805,0.010494384232593633,1.8045037013155565,0.3868682929813486,0.05074115948669633,0.2778039355667382,0.0,0.012406365236037331,0.9510565162951535,0.30901699437494745,2.6122732541046934,-0.06669134515693065,0.44095583825265255,0.47528075860873725,0.800396872248606,0.3061706319124716
2016-05-11,-0.009607522877868035,22.06403445015007,0.059779213451431445,-0.009079721530741497,-1.0710504347706002,0.3061706319124716,-0.08069766106887699,-0.13143882055557332,-0.009607522877868035,0.0,0.5877852522924732,-0.8090169943749473,2.687166961621,0.07489370751630675,0.41708265699291847,0.45744543260718434,0.8507042962126443,0.7088521480654473
2016-05-12,-0.00016947926796451185,22.05362192217286,-0.010412527977212704,-0.0014812915081619607,0.055879500594114104,0.7088521480654473,0.40268151615297565,0.48337917722185264,-0.00016947926796451185,0.0,-0.587785252292473,-0.8090169943749475,2.667922399422403,-0.01924456219859705,0.4602416232057228,0.47601815895095084,0.7996507024314934,0.6570892855038308
2016-05-13,-0.008514434161752682,21.998595117523493,-0.0550268046493656,-0.0077340805728900236,-1.027505908008169,0.6570892855038308,-0.05176286256161644,-0.4544443787145921,-0.008514434161752682,0.0,-0.9510565162951536,0.30901699437494723,2.710713315985326,0.042790916562923,0.47902149839155006,0.4916121868482461,0.8286685735447369,0.6226310025829906
2016-05-16,0.009748976389612807,21.97641730168163,-0.0221778158418644,0.009788044710956165,1.3621928048580767,0.6226310025829906,-0.03445828292084019,0.017304579640776252,0.0,0.009748976389612807,0.0,1.0,2.6864860439749103,-0.024227272010415746,0.5363222722092178,0.5105934521816669,0.8647150006369457,0.6656484739943378
2016-05-17,-0.009455863552163102,22.136435792315027,0.1600184906333979,-0.008671744110278923,-1.1159905656607596,0.6656484739943378,0.04301747141134715,0.07747575433218734,-0.009455863552163102,0.0,0.9510565162951535,0.30901699437494745,2.745345966245664,0.05885992227075354,0.5920783084118156,0.5164410506391929,0.8954174488473371,0.8966328479588062
2016-05-18,0.00020515768640194665,22.134574710304836,-0.001861082010190529,0.0015884617464832624,0.04970046879747555,0.8966328479588062,0.23098437396446836,0.1879669025531212,0.0,0.00020515768640194665,0.5877852522924732,-0.8090169943749473,2.7694588172725547,0.02411285102689087,0.7101707516210827,0.5404475852512639,0.8367219266173097,0.6230637451483032
2016-05-19,-0.003713594522721131,22.07049967234233,-0.0640750379625068,-0.0020419530263324132,-0.4184458853435954,0.6230637451483032,-0.27356910281050295,-0.5045534767749713,-0.003713594522721131,0.0,-0.587785252292473,-0.8090169943749475,2.7930039023103626,0.023545085037807834,0.6930130710376539,0.5465728396958143,0.8018476742792661,0.4714187589294219
2016-05-20,0.006001459222805039,21.978212134814058,-0.09228753752827146,0.0050999393864916,0.7954986953420783,0.4714187589294219,-0.15164498621888128,0.12192411659162167,0.0,0.006001459222805039,-0.9510565162951536,0.30901699437494723,2.721295415303884,-0.07170848700647836,0.6558789657227719,0.5496150291832157,0.7899215932339367,0.2571209171702055
2016-05-23,-0.002087636568101736,21.840202537031548,-0.13800959778250999,-0.0020437399706341453,-0.19984859927762116,0.2571209171702055,-0.2142978417592164,-0.06265285554033512,-0.002087636568101736,0.0,0.0,1.0,2.761274943049003,0.039979527745118926,0.5827769486402149,0.5406988467345738,0.7532029495923583,0.5986097658889509
2016-05-24,0.013588637533989534,22.011765434513475,0.17156289748192677,0.011340301137417762,1.7328495359192193,0.5986097658889509,0.34148884871874535,0.5557866904779618,0.0,0.013588637533989534,0.9510565162951535,0.30901699437494745,2.6686161371476453,-0.09265880590135778,0.5693692070191375,0.5501837368947002,0.8847751864316926,0.40843276855286753
2016-05-25,0.0069505296515837145,22.07371538042004,0.06194994590656577,0.00556911910185868,0.7432748340816133,0.40843276855286753,-0.19017699733608334,-0.5316658460548287,0.0,0.0069505296515837145,0.5877852522924732,-0.8090169943749473,2.6318888126927806,-0.03672732445486471,0.47172919113794987,0.552004921021217,0.8665441953322991,0.2409217043294845
2016-05-26,-0.0002104660499284705,21.896054429076464,-0.17766095134357585,-0.0006408374825239696,-0.19075073355639602,0.2409217043294845,-0.16751106422338302,0.02266593311270032,-0.0002104660499284705,0.0,-0.587785252292473,-0.8090169943749475,2.5974910332585845,-0.034397779434196085,0.395300782974186,0.53545148398328,0.8139385914307941,0.1448909838212666
2016-05-27,0.004277694939439414,21.847919422142844,-0.04813500693362016,0.004296851651625065,0.25397662794211157,0.1448909838212666,-0.0960307205082179,0.07148034371516512,0.0,0.004277694939439414,-0.9510565162951536,0.30901699437494723,2.574137774793312,-0.023353258465272475,0.329995227952555,0.5031584891892382,0.7816410228139898,0.4910045464425782
2016-05-31,-0.0010057686205895422,22.23054033997206,0.3826209178292146,-0.0015153070110054032,-0.38134156756087095,0.4910045464425782,0.34611356262131154,0.44214428312952947,-0.0010057686205895422,0.0,0.9510565162951535,0.30901699437494745,2.6525374616006543,0.07839968680734222,0.37677195380702955,0.4925927914194642,0.7417879524353396,0.5117836699593277
2016-06-01,0.001134398653926283,21.98319449928179,-0.24734584069026866,0.002570852657896583,-0.2646387679085489,0.5117836699593277,0.020779123516749487,-0.32533443910456206,0.0,0.001134398653926283,0.5877852522924732,-0.8090169943749473,2.653241951175182,0.0007044895745278446,0.3594067346211049,0.49759302577983683,0.7044871950072095,0.5158781392172981
2016-06-02,0.002820696166986103,22.013247516199662,0.0300530169178721,0.003592724669402633,0.008757804670034638,0.5158781392172981,0.004094469257970412,-0.016684654258779075,0.0,0.002820696166986103,-0.587785252292473,-0.8090169943749475,2.6122732541046934,-0.04096869707048878,0.380895808753991,0.4916632657495643,0.6758209354437067,0.6144603496423491
2016-06-03,-0.0029160622366948274,22.01188672816552,-0.0013607880341410805,-0.0023506794247686426,-1.1443873214036717,0.6144603496423491,0.098582210425051,0.09448774116708059,-0.0029160622366948274,0.0,-0.9510565162951536,0.30901699437494723,2.6004650102462374,-0.011808243858455914,0.4556035378165639,0.500659637722479,0.6610875792959582,0.3356216785438566
2016-06-06,0.004885328519363519,21.95932434558465,-0.05256238258087009,0.004075703941422293,0.43022938548857925,0.3356216785438566,-0.2788386710984925,-0.37742088152354347,0.0,0.004885328519363519,0.0,1.0,2.6137394936844682,0.013274483438230789,0.49374967676108195,0.49316270255783273,0.6547767831810223,0.29677725681288825
2016-06-07,0.0012886156291971318,21.985902754594346,0.026578409009694326,0.000923641985639215,-0.3796904200701195,0.29677725681288825,-0.03884442173096836,0.23999424936752412,0.0,0.0012886156291971318,0.9510565162951535,0.30901699437494745,2.64262240935519,0.028882915670721765,0.4549042188351439,0.4804763857596517,0.6269274872393928,0.18206114633820938
2016-06-08,0.0033041019719552978,21.99360486642215,0.0077021118278040035,0.003029498365617719,0.4204242076819227,0.18206114633820938,-0.11471611047467886,-0.0758716887437105,0.0,0.0033041019719552978,0.5877852522924732,-0.8090169943749473,2.6447553453112924,0.002132935956102422,0.3889597141109203,0.47313991018077334,0.6078610083702765,0.33164363747900294
2016-06-09,-0.0017192355978936646,21.914250661735426,-0.07935420468672305,-8.03198577200899e-05,-1.1029919676298452,0.33164363747900294,0.14958249114079356,0.2642986016154724,-0.0017192355978936646,0.0,-0.587785252292473,-0.8090169943749475,2.683757531984173,0.03900218667288069,0.3521128137632613,0.4705101646806616,0.5875961773750681,0.5262067770522265
2016-06-10,-0.009217532410166207,21.980308207439702,0.06605754570427536,-0.006419972194078023,-2.2495201160748395,0.5262067770522265,0.19456313957322358,0.04498064843243002,-0.009217532410166207,0.0,-0.9510565162951536,0.30901699437494723,2.8349765349943556,0.15121900301018254,0.33446209924523673,0.48098807635398333,0.7095071017234865,0.5478391073534441
2016-06-13,-0.008148298789709685,21.944694399471388,-0.03561380796831415,-0.006085139522469505,-1.5240921611884723,0.5478391073534441,0.021632330301217584,-0.172930809272006,-0.008148298789709685,0.0,0.0,1.0,3.0430928121696454,0.2081162771752898,0.3769055850071542,0.4733207887010308,0.7601521580931343,0.5854317251821853
2016-06-14,-0.0018005050719720472,22.04762362253045,0.1029292230590606,-0.00064057979187349,-0.16159423597079162,0.5854317251821853,0.03759261782874124,0.015960287527523653,-0.0018005050719720472,0.0,0.9510565162951535,0.30901699437494745,3.0204248861443626,-0.022667926025282892,0.4346364786810136,0.46990852392380955,0.7140079462568943,0.5075139335160025
2016-06-15,-0.0018424090638102797,21.988725009607982,-0.05889861292246579,-0.0029404458354370714,-0.10881904178235327,0.5075139335160025,-0.07791779166618285,-0.11551040949492408,-0.0018424090638102797,0.0,0.5877852522924732,-0.8090169943749473,3.002707856984976,-0.017717029159386666,0.49972703611657227,0.4644267587301435,0.6783628427793107,0.9389062239056549
2016-06-16,0.0031280931110462262,22.012024544005154,0.023299534397171584,0.005612418384618167,0.9432541125725045,0.9389062239056549,0.43139229038965243,0.5093100820558353,0.0,0.0031280931110462262,-0.587785252292473,-0.8090169943749475,2.963725520745357,-0.03898233623961911,0.6211795534019027,0.4774390325354443,0.6496912017958211,0.48108167153128306
2016-06-17,-0.003263284144609635,22.32318458576339,0.3111600417582352,-0.003364319439260336,-0.4083959487131515,0.48108167153128306,-0.45782455237437186,-0.8892168427640244,-0.003263284144609635,0.0,-0.9510565162951536,0.30901699437494723,2.965788389319616,0.0020628685742591912,0.612154532297714,0.45765088127699083,0.6304760954071779,0.817770916968545
2016-06-20,0.005791382778423504,21.966682406759144,-0.3565021790042451,0.0036885039430460793,1.4506250769432159,0.817770916968545,0.3366892454372619,0.7945137978116338,0.0,0.005791382778423504,0.0,1.0,2.9107189449120305,-0.05506944440758543,0.6661408942207341,0.46692265136366895,0.636075140992145,0.34290559524175424
2016-06-21,0.0027083906042095762,21.89663921808159,-0.07004318867755543,0.0017776147870821627,0.7698317567615668,0.34290559524175424,-0.47486532172679075,-0.8115545671640527,0.0,0.0027083906042095762,0.9510565162951535,0.30901699437494745,2.916689041442776,0.00597009653074565,0.617635668232648,0.46080297690235145,0.6069885268872279,0.5027835953838343
2016-06-22,-0.0016529289965756533,21.876416814989398,-0.020222403092191144,-0.0020598057093153947,-0.01089959861135591,0.5027835953838343,0.1598780001420801,0.6347433218688708,-0.0016529289965756533,0.0,0.5877852522924732,-0.8090169943749473,3.0525850887506447,0.13589604730786853,0.6166896006062144,0.472501199674429,0.5785751274658373,0.3290186691894803
2016-06-23,0.013275567071954875,21.9165638683774,0.04014705338800084,0.009757297347544098,2.011259038218455,0.3290186691894803,-0.17376492619435402,-0.3336429263364341,0.0,0.013275567071954875,-0.587785252292473,-0.8090169943749475,2.847812143477369,-0.20477294527327583,0.49471208966297936,0.4596635284030257,0.7862934478617781,1.4001972831967475
2016-06-24,-0.036580792805582796,22.751078501752982,0.8345146333755835,-0.032070604312355463,-2.5540070966841597,1.4001972831967475,1.0711786140072672,1.2449435402016213,-0.036580792805582796,0.0,-0.9510565162951536,0.30901699437494723,3.248822910121317,0.4010107666439482,0.6785352119960723,0.5068904100527343,1.9404591233086919,1.0229257243689691
2016-06-27,-0.018262246511702607,22.41542962355651,-0.3356488781964728,-0.015332636108775057,-1.0276022541282022,1.0229257243689691,-0.3772715588277784,-1.4484501728350456,-0.018262246511702607,0.0,0.0,1.0,3.171784233328888,-0.07703867679242915,0.7195661734761571,0.5441286967212811,1.8956158473094356,0.4907860586661727
2016-06-28,0.017614121604087707,22.20164016657835,-0.21378945697815865,0.01455463156614147,1.251747932773025,0.4907860586661727,-0.5321396657027964,-0.15486810687501795,0.0,0.017614121604087707,0.9510565162951535,0.30901699437494745,2.9311937524164198,-0.24059048091246815,0.7491422661610408,0.5605998907615147,1.8236225646623248,0.6115062880992238
2016-06-29,0.016889242971254603,22.16823939960276,-0.033400766975589136,0.013652990220987085,1.0139620999844705,0.6115062880992238,0.12072022943305111,0.6528598951358475,0.0,0.016889242971254603,0.5877852522924732,-0.8090169943749473,2.8118093987132804,-0.11938435370313938,0.7708868047041187,0.5663380689356406,1.757043819677186,0.6147315963133563
2016-06-30,0.01347386314946597,22.2542707456548,0.08603134605203877,0.012315592206358332,0.7243576061140521,0.6147315963133563,0.003225308214132472,-0.11749492121891864,0.0,0.01347386314946597,-0.587785252292473,-0.8090169943749475,2.749192151755261,-0.06261724695801929,0.8280293901288939,0.5712403511429754,1.629073696222661,0.3473812057006863
2016-07-01,0.0019467062930313972,21.964213565586302,-0.2900571800684979,0.0017180461775010262,0.024851538873662208,0.3473812057006863,-0.26735039061266996,-0.27057569882680244,0.0,0.0019467062930313972,-0.9510565162951536,0.30901699437494723,2.692598127536089,-0.056594024219172034,0.6174661746296817,0.5632166876421844,1.382181050026359,0.4400416071665512
2016-07-05,-0.006871028985598215,22.02028626369576,0.05607269810945681,-0.003107374069453355,-0.4124874848745425,0.4400416071665512,0.0926604014658649,0.36001079207853487,-0.006871028985598215,0.0,0.9510565162951535,0.30901699437494745,2.7459880355456865,0.05338990800959742,0.5008893511891981,0.5549110332385749,1.2547721441835158,0.7819752753004413
2016-07-06,0.005338687058276115,22.086644630851346,0.06635836715558696,0.007313351947914704,0.2781409555859554,0.7819752753004413,0.3419336681338901,0.24927326666802518,0.0,0.005338687058276115,0.5877852522924732,-0.8090169943749473,2.7053799750962626,-0.04060806044942389,0.5591271945160518,0.57616596641746,1.0835353681707962,0.6590392521447958
2016-07-07,-0.0008719578867335542,22.005462773539577,-0.08118185731176908,-0.0012004896908339446,-0.0846810990721347,0.6590392521447958,-0.12293602315564556,-0.46486969128953565,-0.0008719578867335542,0.0,-0.587785252292473,-0.8090169943749475,2.691920834679226,-0.013459140417036775,0.5686337873251661,0.5934165376237412,0.9345287958575986,0.47830385093945926
2016-07-08,0.015138186565992306,22.0062808488895,0.0008180753499225091,0.010824101849755479,0.821011635510502,0.47830385093945926,-0.1807354012053365,-0.05779937804969093,0.0,0.015138186565992306,-0.9510565162951536,0.30901699437494723,2.5802168151427143,-0.11170401953651155,0.5413482382503868,0.6075233330809436,1.1314363884767726,0.3437107081037513
2016-07-11,0.003402819311999039,21.902947998188907,-0.10333285070059262,0.0025486518713277364,-0.11909988090957134,0.3437107081037513,-0.13459314283570795,0.04614225836962854,0.0,0.003402819311999039,0.0,1.0,2.605648264666775,0.025431449524060845,0.5406141387309997,0.6080979554916459,0.9984896027221275,0.3742579383245242
2016-07-12,0.006984842307344863,22.13372096217717,0.23077296398826164,0.0058904891568687615,-0.038729589094886836,0.3742579383245242,0.03054723022077288,0.16514037305648083,0.0,0.006984842307344863,0.9510565162951535,0.30901699437494745,2.6063865614020836,0.0007382967353084524,0.5274574049625944,0.6008622965046125,0.9371594588956222,0.3342061336594881
2016-07-13,0.0001347586749824714,21.9766914432774,-0.15702951889976902,-0.0006409893566121789,-0.7079716881989762,0.3342061336594881,-0.040051804665036106,-0.07059903488580899,0.0,0.0001347586749824714,0.5877852522924732,-0.8090169943749473,2.5680215535731254,-0.03836500782895813,0.4379035766344037,0.5906892977572812,0.8385404970437618,0.3214866088493597
2016-07-14,0.0052454228016962645,21.966154500558563,-0.010536942718836428,0.0027166235688017466,0.1302866722952275,0.3214866088493597,-0.012719524810128391,0.027332279854907715,0.0,0.0052454228016962645,-0.587785252292473,-0.8090169943749475,2.551006427687861,-0.01701512588526466,0.3703930479753165,0.5781204826938134,0.7942704722493785,0.4225227487411763
2016-07-15,-0.000929379059870783,21.86193182539194,-0.10422267516662131,-0.0015669032677915716,-0.660205745219128,0.4225227487411763,0.10103613989181659,0.11375566470194498,-0.000929379059870783,0.0,-0.9510565162951536,0.30901699437494723,2.539237000354669,-0.01176942733319164,0.3592368275356599,0.5740732834188217,0.72916889788548,0.24859204750475627
2016-07-18,0.0023794618218691,21.824976653880537,-0.03695517151140493,0.0022406717693804314,-0.10485204417995556,0.24859204750475627,-0.17393070123642002,-0.2749668411282366,0.0,0.0023794618218691,0.0,1.0,2.5209170535797867,-0.018319946774882467,0.3402130954158609,0.5412011797806836,0.6788775815608388,0.1838195509521586
2016-07-19,-0.0014362045004157054,21.811268711283546,-0.013707942596990819,-4.626044393016249e-06,-0.9847561602689336,0.1838195509521586,-0.06477249655259767,0.10915820468382234,-0.0014362045004157054,0.0,0.9510565162951535,0.30901699437494745,2.482403541878053,-0.038513511701733893,0.3021254179413878,0.5270458407054872,0.6459330847761944,0.2883583461195604
2016-07-20,0.004261208315764264,21.890116045841914,0.07884733455836823,0.0031895534369271606,0.1653766558902785,0.2883583461195604,0.1045387951674018,0.16931129171999948,0.0,0.004261208315764264,0.5877852522924732,-0.8090169943749473,2.4655539601645953,-0.016849581713457518,0.29295586043340227,0.501835718284107,0.6396374726015185,0.42932754331010003
2016-07-21,-0.003619069856525492,21.958417490044138,0.0683014442022234,-0.0035683983438082323,-1.2671702013796409,0.42932754331010003,0.14096919719053963,0.036430402023137826,-0.003619069856525492,0.0,-0.587785252292473,-0.8090169943749475,2.54474663217841,0.07919267201381475,0.31452404732555034,0.5059510491445044,0.6537459453988379,0.2994246670329532
2016-07-22,0.004543626789510036,21.829608172007198,-0.1288093180369394,0.003943369658538948,0.7183433674193239,0.2994246670329532,-0.12990287627714686,-0.2708720734676865,0.0,0.004543626789510036,-0.9510565162951536,0.30901699437494723,2.486571967190561,-0.058174664987848956,0.2899044309839057,0.4962672906516053,0.6493795943177377,0.35316565285506646
2016-07-25,-0.0030160187399292937,21.840778385442093,0.01117021343489455,-0.0024089148878323864,-1.2009180403724182,0.35316565285506646,0.053740985822113285,0.18364386209926015,-0.0030160187399292937,0.0,0.0,1.0,2.554899012715967,0.06832704552540614,0.31081915205396776,0.4974171470166332,0.6472965271605018,0.4359373953394912
2016-07-26,0.000322732160719319,21.959420214923504,0.11864182948141178,9.679745623835374e-05,-0.14652416370093913,0.4359373953394912,0.08277174248442476,0.029030756662311474,0.0,0.000322732160719319,0.9510565162951535,0.30901699437494745,2.568788148384401,0.013889135668433639,0.3612427209314343,0.4515000094996211,0.6071613799574227,0.5108242335722036
2016-07-27,-0.0011992609468087778,22.10843456502907,0.14901435010556696,-0.0014897096267884908,-0.5727758020712507,0.5108242335722036,0.07488683823271242,-0.007884904251712344,-0.0011992609468087778,0.0,0.5877852522924732,-0.8090169943749473,2.551786172681018,-0.01700197570338302,0.4057358984219629,0.4271142242235846,0.5837214136022115,0.41220252382751615
2016-07-28,0.0016049204480923507,22.021886784069434,-0.08654778095963778,0.0018495890599924687,0.4617365476323168,0.41220252382751615,-0.09862170974468748,-0.1735085479773999,0.0,0.0016049204480923507,-0.587785252292473,-0.8090169943749475,2.543175578904807,-0.008610593776210873,0.4023108945254461,0.42337215113602944,0.552840294606009,0.4215460433885678
2016-07-29,0.0016299801176575812,22.119223359224854,0.09733657515542049,0.0021969363958489175,0.38151393558752444,0.4215460433885678,0.009343519561051672,0.10796522930573915,0.0,0.0016299801176575812,-0.9510565162951536,0.30901699437494723,2.474014198980387,-0.06916137992441973,0.426735169796569,0.41432642519742685,0.5240466953997155,0.38763473599687426
2016-08-01,-0.0012705941474910887,21.977738771473334,-0.1414845877515205,-0.0010634530355753857,-0.5167955708114719,0.38763473599687426,-0.03391130739169357,-0.04325482695274524,-0.0012705941474910887,0.0,0.0,1.0,2.5209170535797867,0.04690285459939947,0.4336289864249306,0.40351228899188,0.5101911656561335,0.6413698916550236
2016-08-02,-0.006381940812667075,22.07101425746281,0.09327548598947644,-0.005967201299860073,-1.742948016045728,0.6413698916550236,0.2537351556581493,0.28764646304984287,-0.006381940812667075,0.0,0.9510565162951535,0.30901699437494745,2.5930133825543216,0.07209632897453488,0.4747154856880371,0.41751175022780085,0.6411276016400244,0.30830721517362264
2016-08-03,0.003129042716071062,22.05471586963479,-0.0162983878280194,0.0032310264237812272,1.0667506048606508,0.30830721517362264,-0.3330626764814009,-0.5867978321395502,0.0,0.003129042716071062,0.5877852522924732,-0.8090169943749473,2.554121692112525,-0.038891690441796634,0.4342120820083209,0.4112386839424233,0.6030387310402476,0.2972927748695478
2016-08-04,0.00021254929948888446,22.034082057159946,-0.02063381247484486,0.0003419737877872157,0.08125168488577969,0.2972927748695478,-0.011014440304074835,0.3220482361773261,0.0,0.00021254929948888446,-0.587785252292473,-0.8090169943749475,2.5193080826481626,-0.034813609464362294,0.4112301322167272,0.38815856487428557,0.5546171182312989,0.21820897305008918
2016-08-05,0.008566697289380087,22.0215674308526,-0.012514626307346788,0.006471152044949159,2.079751128828282,0.21820897305008918,-0.07908380181945862,-0.06806936151538379,0.0,0.008566697289380087,-0.9510565162951536,0.30901699437494723,2.432735807601562,-0.08657227504660048,0.3705627181490315,0.3671666468221567,0.6747657989767443,0.23202191264919897
2016-08-08,-0.0009075772915414504,21.92550213471719,-0.0960652961354107,-0.0013151650947547827,-0.38908305104724655,0.23202191264919897,0.013812939599109786,0.09289674141856841,-0.0009075772915414504,0.0,0.0,1.0,2.4423470353692043,0.009611227767642117,0.33944015347949646,0.3554389354750014,0.6154495813286086,0.2927729729487013
2016-08-09,0.00038971798655573764,21.927528599530387,0.0020264648131984586,-0.00022914862324098018,-0.049392771651114775,0.2927729729487013,0.060751060299502335,0.04693812070039255,0.0,0.00038971798655573764,0.9510565162951535,0.30901699437494745,2.4561641678359063,0.01381713246670202,0.26972076973823195,0.35301332903904664,0.5630715621388389,0.30605463261152155
2016-08-10,-0.0028687970634884152,21.903442751813085,-0.024085847717302045,-0.003359142399820458,-0.8364564529908484,0.30605463261152155,0.013281659662820244,-0.04746940063668209,-0.0028687970634884152,0.0,0.5877852522924732,-0.8090169943749473,2.4890646757652832,0.03290050792937693,0.2692702532258118,0.34976555257652275,0.5546656136782396,0.25610648084339643
2016-08-11,0.004723415102444228,21.953829938317615,0.05038718650452978,0.0035841002773337916,0.9656261304463789,0.25610648084339643,-0.049948151768125115,-0.06322981143094536,0.0,0.004723415102444228,-0.587785252292473,-0.8090169943749475,2.457878003528144,-0.031186672237139224,0.2610329944205815,0.34604652149004217,0.5551880529503156,0.22204946682842236
2016-08-12,-0.0007963633869145781,21.82209810175133,-0.13173183656628495,0.00014197504527354646,-0.30705331762250904,0.22204946682842236,-0.034057014014974074,0.01589113775315104,-0.0007963633869145781,0.0,-0.9510565162951536,0.30901699437494723,2.4466854534816433,-0.01119255004650066,0.2618010931762481,0.34131141948904514,0.5248199275584896,0.22120661642107162
2016-08-15,0.0027890162945221064,21.847718047598573,0.02561994584724303,0.0018599686991792588,0.45713276232284256,0.22120661642107162,-0.0008428504073507426,0.03321416360762333,0.0,0.0027890162945221064,0.0,1.0,2.468946665739897,0.022261212258253504,0.2596380339306227,0.33172493699761163,0.5041549862220837,0.1256918480280949
2016-08-16,-0.005494142216478259,21.885291013777433,0.03757296617886041,-0.003707321002819746,-1.6179937364659722,0.1256918480280949,-0.0955147683929767,-0.09467191798562596,-0.005494142216478259,0.0,0.9510565162951535,0.30901699437494745,2.536866415880321,0.06791975014042428,0.22622180894650135,0.325872546546342,0.570374319449462,0.4570879993020206
2016-08-17,0.0018668460061554981,21.94377417300743,0.05848315922999703,0.0020090935569267855,0.25843791665219495,0.4570879993020206,0.3313961512739257,0.4269109196669024,0.0,0.0018668460061554981,0.5877852522924732,-0.8090169943749473,2.5006159090701527,-0.03625050681016839,0.25642848228460113,0.3388853298010973,0.5361712639157147,0.15503861192187401
2016-08-18,0.0021972016963829333,21.917361018078914,-0.026413154928516036,0.0023438834417330795,0.29083642900221757,0.15503861192187401,-0.3020493873801466,-0.6334455386540723,0.0,0.0021972016963829333,-0.587785252292473,-0.8090169943749475,2.4362415045062624,-0.06437440456389032,0.2362149085002967,0.33253677102977897,0.5077967441922197,0.31996594872964146
2016-08-19,-0.001441309568768645,21.84975266270467,-0.0676083553742437,-0.0001693515221287464,-0.49729044500932557,0.31996594872964146,0.16492733680776744,0.466976724187914,-0.001441309568768645,0.0,-0.9510565162951536,0.30901699437494723,2.428336311755328,-0.007905192750934376,0.2557982048805405,0.3273290760497571,0.48628924099309384,0.2964775687926459
2016-08-22,-0.0005634818833231137,21.74483508147624,-0.10491758122843109,0.0004856833436777817,-0.21598964360586623,0.2964775687926459,-0.02348837993699554,-0.18841571674476298,-0.0005634818833231137,0.0,0.0,1.0,2.507157296030372,0.07882098427504403,0.2708523953548554,0.3271887380383139,0.46206271980023417,0.21216136008144443
2016-08-23,0.0019498671783617638,21.835613364197027,0.09077828272078747,-0.00041609901971044233,0.5639818415015183,0.21216136008144443,-0.08431620871120149,-0.06082782877420595,0.0,0.0019498671783617638,0.9510565162951535,0.30901699437494745,2.516082276500466,0.008924980470093935,0.28814629776552525,0.3204742479062367,0.4324174193455552,0.4176137379635311
2016-08-24,-0.005254055259671375,21.87012210922593,0.034508745028905,-0.004426141856144254,-1.5522331455772624,0.4176137379635311,0.20545237788208665,0.28976858659328814,-0.005254055259671375,0.0,0.5877852522924732,-0.8090169943749473,2.598979091866817,0.08289681536635118,0.2802514454978274,0.3196016927930957,0.5074457778323778,0.30022169483859673
2016-08-25,-0.0013661603966461655,21.811595439874253,-0.058526669351678606,-0.00037741079455205,-0.25505264353581075,0.30022169483859673,-0.11739204312493434,-0.322844421007021,-0.0013661603966461655,0.0,-0.587785252292473,-0.8090169943749475,2.6122732541046934,0.013294162237876161,0.3092880620811719,0.30957300047244773,0.4825780752698587,0.8790867525331614
2016-08-26,-0.0015800642387127084,21.929936997731833,0.11834155785757972,-0.002789994030587818,-0.2992489614679581,0.8790867525331614,0.5788650576945646,0.696257100819499,-0.0015800642387127084,0.0,-0.9510565162951536,0.30901699437494723,2.6137394936844682,0.001466239579774875,0.4211122228418759,0.3318055827917642,0.46331257898917805,0.3187497535008207
2016-08-29,0.005214428428674367,21.699627626060163,-0.23030937167166954,0.004684425466930748,1.6829192448395727,0.3187497535008207,-0.5603369990323407,-1.1392020567269054,0.0,0.005214428428674367,0.0,1.0,2.560323256644879,-0.0534162370395892,0.4255666597835108,0.32691052136853815,0.49285566616427495,0.37344157009631124
2016-08-30,-0.0019555914071229807,21.824142227600166,0.12451460154000316,-0.0015290006042071819,-0.6350369487917362,0.37344157009631124,0.05469181659549055,0.6150288156278312,-0.0019555914071229807,0.0,0.9510565162951535,0.30901699437494745,2.574137774793312,0.013814518148433041,0.4578227017864842,0.3262346563256542,0.4759117014230668,0.39888737915600825
2016-08-31,-0.002378691105562325,22.04938282023699,0.2252405926368226,-0.0012015659901986422,-0.6362739914737978,0.39888737915600825,0.02544580905969701,-0.02924600753579354,-0.002378691105562325,0.0,0.5877852522924732,-0.8090169943749473,2.5967461372286285,0.022608362435316387,0.45407743002497963,0.31468787001617726,0.4667853231827251,0.5376763067437614
2016-09-01,-4.138538941145242e-05,21.944720931903596,-0.10466188833339274,-0.00021646712137325124,0.2522846871571066,0.5376763067437614,0.13878892758775319,0.11334311852805617,-4.138538941145242e-05,0.0,-0.587785252292473,-0.8090169943749475,2.601207071525431,0.004460934296802499,0.5015683524060126,0.3256102077099934,0.4347895591871664,0.35905140257133905
2016-09-02,0.004192241599034752,21.851799322053907,-0.09292160984968945,0.0011428606609510557,1.3819366321929767,0.35905140257133905,-0.17862490417242238,-0.31741383176017557,0.0,0.004192241599034752,-0.9510565162951536,0.30901699437494723,2.4832385544766455,-0.11796851704878542,0.3975612824136482,0.328551094743412,0.4487763148823036,0.3451136613804155
2016-09-06,0.002977242370004518,21.960958676764964,0.10915935471105698,0.0022297502874491343,0.8464931082697247,0.3451136613804155,-0.013937741190923558,0.16468716298149882,0.0,0.002977242370004518,0.9510565162951535,0.30901699437494745,2.486571967190561,0.003333412713915518,0.40283406398956706,0.3345941751400942,0.4384039142651986,0.2835920610637876
2016-09-07,-0.00014639593829279818,21.923055906119274,-0.037902770645690254,0.00045294694699268194,-0.03462636560856067,0.2835920610637876,-0.0615216003166279,-0.04758385912570434,-0.00014639593829279818,0.0,0.5877852522924732,-0.8090169943749473,2.479894072820678,-0.006677894369882864,0.38486416218306235,0.3370498964931699,0.40537639781506496,0.23790577518788886
2016-09-08,-0.0022254881924705927,22.03909481466205,0.11603890854277665,-0.0006690838221121285,-0.8836170078072721,0.23790577518788886,-0.045686285875898736,0.015835314440729165,-0.0022254881924705927,0.0,-0.587785252292473,-0.8090169943749475,2.52652834277473,0.04663426995405162,0.3526678413894385,0.3344371727902741,0.40143585045658503,0.6477609699943567
2016-09-09,-0.024827742410836073,22.166403562519516,0.12730874785746593,-0.019209841222501304,-2.6897988473613728,0.6477609699943567,0.40985519480646787,0.4555414806823666,-0.024827742410836073,0.0,-0.9510565162951536,0.30901699437494723,2.8622008809294686,0.33567253815473874,0.3746847740395575,0.3507089031418376,1.301713794129732,0.9481944854638898
2016-09-12,0.014570387233434623,22.112176772098803,-0.054226790420713655,0.017841979095953756,1.5077238758098814,0.9481944854638898,0.3004335154695331,-0.10942167933693475,0.0,0.014570387233434623,0.0,1.0,2.7186603701490615,-0.14354051078040708,0.4925133906180677,0.38366547479043256,1.3539599689271193,0.7319261890401075
2016-09-13,-0.014941748278211264,22.144364925331093,0.03218815323229052,-0.01096446100549933,-1.1642610307225494,0.7319261890401075,-0.2162682964237823,-0.5167018118933154,-0.014941748278211264,0.0,0.9510565162951535,0.30901699437494745,2.882003529596501,0.1633431594474395,0.5698758961500061,0.4079453187052747,1.4252863131053173,0.7086013842789827
2016-09-14,-0.0005878493998130452,22.021848576235197,-0.12251634909589626,-0.0009827314535844037,0.16350942519123907,0.7086013842789827,-0.023324804761124862,0.19294349166265745,-0.0005878493998130452,0.0,0.5877852522924732,-0.8090169943749473,2.8981194110402666,0.016115881443765634,0.6548777607930452,0.4311545933651753,1.2411500284875052,0.7154145112159066
2016-09-15,0.010058516449440447,21.939281830371073,-0.08256674586412416,0.010251364985431164,0.9772276845554422,0.7154145112159066,0.00681312693692393,0.030137931698048792,0.0,0.010058516449440447,-0.587785252292473,-0.8090169943749475,2.7911650610066143,-0.10695435003365228,0.7503795079986487,0.45923662494554723,1.1983736556413505,0.4583794070938816
2016-09-16,-0.0037794277955720545,22.33557163326742,0.39628980289634796,-0.0034160945209769037,-0.20181043277989308,0.4583794070938816,-0.257035104122025,-0.26384823105894895,-0.0037794277955720545,0.0,-0.9510565162951536,0.30901699437494723,2.7324175501047714,-0.058747510901842936,0.7125031954185537,0.45929812055468344,1.0721915920836662,0.5661880610759954
2016-09-19,-1.8603233825409404e-05,21.86806808710572,-0.4675035461617014,-0.0022739901722153974,0.16604295131631025,0.5661880610759954,0.10780865398211381,0.3648437581041388,-1.8603233825409404e-05,0.0,0.0,1.0,2.74277361996621,0.010356069861438666,0.6361019105409748,0.47887666575249876,0.9556071594579403,0.33891325171906744
2016-09-20,0.0002990934842346249,21.86025874271668,-0.007809344389038131,-0.002883979743993487,0.21982577865415753,0.33891325171906744,-0.22727480935692795,-0.33508346333904176,0.0,0.0002990934842346249,0.9510565162951535,0.30901699437494745,2.7675761852085703,0.02480256524236024,0.5574993230767668,0.4797789182758047,0.8375611695964083,0.6463880399214799
2016-09-21,0.010858000333636042,22.027658472092693,0.16739972937601166,0.008607912668268963,0.9995123758001617,0.6463880399214799,0.3074747882024124,0.5347495975593404,0.0,0.010858000333636042,0.5877852522924732,-0.8090169943749473,2.5877640495686753,-0.17981213563989495,0.5450566542052661,0.4964413216628922,0.8988489714182567,0.2338958036958637
2016-09-22,0.006478751917641468,21.98282281693267,-0.044835655160021304,0.0028702035364037743,0.5490449801140737,0.2338958036958637,-0.41249223622561615,-0.7199670244280285,0.0,0.006478751917641468,-0.587785252292473,-0.8090169943749475,2.486571967190561,-0.10119208237811428,0.4487529127012576,0.4974762951683406,0.837525338805026,0.20233127164342338
2016-09-23,-0.005753292959718159,21.914110847930754,-0.06871196900191734,-0.003965029328000884,-0.8383403817317303,0.20233127164342338,-0.031564532052440336,0.3809277041731758,-0.005753292959718159,0.0,-0.9510565162951536,0.30901699437494723,2.50878592047404,0.022213953283479082,0.3975432856111659,0.4872247491530973,0.8172786106563035,0.26030994396241436
2016-09-26,-0.008624850117916694,21.886388521669087,-0.027722326261667263,-0.005779798376599498,-0.9803381356673588,0.26030994396241436,0.05797867231899098,0.08954320437143132,-0.008624850117916694,0.0,0.0,1.0,2.6741486494265287,0.1653627289524886,0.33636766218844977,0.4853241895875649,0.8588125434510132,0.5033741242872702
2016-09-27,0.006423495165297943,21.951176823302756,0.06478830163366922,0.006451480548738851,0.7323574073949162,0.5033741242872702,0.24306418032485588,0.1850855080058649,0.0,0.006423495165297943,0.9510565162951535,0.30901699437494745,2.572612259326932,-0.10153639009959692,0.3692598367020903,0.46743311205204624,0.8190005719848827,0.6162419527301495
2016-09-28,0.005282576603643285,22.074034051847804,0.12285722854504755,0.004393976939172434,0.46991329263235426,0.6162419527301495,0.11286782844287924,-0.13019635188197665,0.0,0.005282576603643285,0.5877852522924732,-0.8090169943749473,2.516889723350716,-0.05572253597621568,0.3632306192638242,0.4815994072534429,0.7615355323214903,0.7403079470045217
2016-09-29,-0.009365127730081468,22.162062511533154,0.08802845968535067,-0.008226850572507967,-1.3678216715954683,0.7403079470045217,0.12406599427437226,0.011198165831493023,-0.009365127730081468,0.0,-0.587785252292473,-0.8090169943749475,2.640484914257205,0.12359519090648874,0.46451304792555587,0.4990692347252625,0.8471218910464573,0.5119202590141915
2016-09-30,0.007936392588027807,22.14849240830854,-0.013570103224612495,0.005438444809270374,0.9121293560235338,0.5119202590141915,-0.22838768799033027,-0.35245368226470253,0.0,0.007936392588027807,-0.9510565162951536,0.30901699437494723,2.5870118698548024,-0.053473044402402525,0.5264308453997095,0.5044517528137474,0.8413988353550405,0.3025470579933953
2016-10-03,-0.0032660231815277996,21.859125739962334,-0.28936666834620794,-0.0014472804388334808,-0.5833362405242399,0.3025470579933953,-0.20937320102079615,0.019014486969534117,-0.0032660231815277996,0.0,0.0,1.0,2.6078614513577736,0.020849581502971226,0.5348782682059057,0.4932551219208728,0.7730518077761275,0.5981212040755506
2016-10-04,-0.004967881786361872,22.035940568461637,0.1768148284993032,-0.005971526617403582,-0.719331137424402,0.5981212040755506,0.29557414608215526,0.5049473471029514,-0.004967881786361872,0.0,0.9510565162951535,0.30901699437494745,2.6122732541046934,0.0044118027469197685,0.5538276841635618,0.5046393981829781,0.7466991896914305,0.256157402937173
2016-10-05,0.004287486231197235,22.080056719551873,0.044116151090236144,0.002122923450717634,0.6484223212434788,0.256157402937173,-0.3419638011383776,-0.6375379472205329,0.0,0.004287486231197235,0.5877852522924732,-0.8090169943749473,2.564179813062659,-0.04809344104203417,0.4818107742049665,0.5004033858761571,0.6991592537703517,0.40822054972814975
2016-10-06,0.00048144385260417977,21.95816737880157,-0.12188934075030389,0.0011808543804037778,0.19164430897687484,0.40822054972814975,0.15206314679097677,0.49402694792935437,0.0,0.00048144385260417977,-0.587785252292473,-0.8090169943749475,2.552565310145607,-0.011614502917052238,0.415393294749692,0.5063380758125552,0.6302739102315602,0.6201656940732999
2016-10-07,-0.0032587874416138973,21.998285003183895,0.0401176243823258,-0.004840269174939441,-0.4373558900482938,0.6201656940732999,0.21194514434515016,0.059881997554173394,-0.0032587874416138973,0.0,-0.9510565162951536,0.30901699437494723,2.601207071525431,0.04864176137982401,0.4370423817615137,0.5245409290928128,0.603398999169045,0.2857485118886732
2016-10-10,0.004595330317324731,21.78173992537866,-0.21654507780523602,0.0015124803377976335,0.6559773485917716,0.2857485118886732,-0.33441718218462674,-0.5463623265297769,0.0,0.004595330317324731,0.0,1.0,2.5937610632532153,-0.007446008272215643,0.4336826725405693,0.5073022406115898,0.5906140896066336,0.8100911641015779
2016-10-11,-0.012524577697756278,21.944998006352833,0.16325808097417394,-0.011456457777796794,-1.69667305051259,0.8100911641015779,0.5243426522129047,0.8587598343975313,-0.012524577697756278,0.0,0.9510565162951535,0.30901699437494745,2.731766705367784,0.13800564211456878,0.4760766645457748,0.5007258919752893,0.8512056976296312,0.41386890945957305
2016-10-12,0.00114593220639847,21.808289551376387,-0.13670845497644635,0.0007061317932999512,0.4104137178834348,0.41386890945957305,-0.39622225464200483,-0.9205649068549095,0.0,0.00114593220639847,0.5877852522924732,-0.8090169943749473,2.7669478327590045,0.03518112739122037,0.5076189658502548,0.48558030723335904,0.7622186383634044,0.7775890747595292
2016-10-13,-0.0031040764122334252,21.986835912297572,0.17854636092118525,0.0010744270804109817,-0.38172420998342377,0.7775890747595292,0.36372016529995616,0.759942419941961,-0.0031040764122334252,0.0,-0.587785252292473,-0.8090169943749475,2.814809769672402,0.047861936913397685,0.5814926708565307,0.4888654353514803,0.7043859528964053,0.4985992113870827
2016-10-14,0.000201584159120749,21.88263136692382,-0.10420454537375079,-0.003136199370546944,0.36718501178540436,0.4985992113870827,-0.2789898633724465,-0.6427100286724027,0.0,0.000201584159120749,-0.9510565162951536,0.30901699437494723,2.780060789140106,-0.03474898053229625,0.5571793743192872,0.47854089726439347,0.6350069846725777,0.3198783290904651
2016-10-17,-0.003042618111839701,21.764404368294336,-0.11822699862948483,-0.0030285394479350634,-0.2842051329024985,0.3198783290904651,-0.1787208822966176,0.10026898107582893,-0.003042618111839701,0.0,0.0,1.0,2.7856282792684133,0.005567490128307373,0.5640053377596456,0.4719456078356594,0.601816931429804,0.2913509690759991
2016-10-18,0.00614150560569815,21.877924440134525,0.11352007184018831,0.0006031165005741754,1.2309469476843067,0.2913509690759991,-0.028527360014465986,0.1501935222821516,0.0,0.00614150560569815,0.9510565162951535,0.30901699437494745,2.7265447662626667,-0.059083513005746546,0.4602572987545298,0.458858127264231,0.6226700060401784,0.32412867409160834
2016-10-19,0.0021895721553502057,21.936690828567663,0.05876638843313842,0.001624224010869286,0.5555364215068689,0.32412867409160834,0.032777705015609226,0.06130506503007521,0.0,0.0021895721553502057,0.5877852522924732,-0.8090169943749473,2.667922399422403,-0.05862236684026367,0.44230925168093693,0.4581540997581615,0.5783345256984255,0.45266652056300943
2016-10-20,-0.0013766711313802915,21.92903303069228,-0.007657797875381789,-0.0005462011402901018,-0.09071351009677449,0.45266652056300943,0.1285378464714011,0.09576014145579187,-0.0013766711313802915,0.0,-0.587785252292473,-0.8090169943749475,2.6210388241125804,-0.04688357530982268,0.3773247408416329,0.4489292655029962,0.5430621360318919,0.4120001968302586
2016-10-21,-8.414514015520069e-05,21.963490529032992,0.03445749834071066,0.000808290738466261,0.09730819670555624,0.4120001968302586,-0.04066632373275081,-0.1692041702041519,-8.414514015520069e-05,0.0,-0.9510565162951536,0.30901699437494723,2.5907670519258503,-0.03027177218673005,0.3600049379302681,0.4574104270808246,0.5015318644806844,0.2458064778886617
2016-10-24,0.004738594647427874,21.935191930156044,-0.028298598876947523,0.0013163676155793687,1.0267661073682233,0.2458064778886617,-0.16619371894159693,-0.12552739520884612,0.0,0.004738594647427874,0.0,1.0,2.5664866719389225,-0.02428037998692778,0.34519056768990747,0.4594806749972645,0.5193895355884278,0.2490909952037164
2016-10-25,-0.0038049574647063267,22.046673645277338,0.11148171512129323,-0.0030562530884218784,-1.2273992870787205,0.2490909952037164,0.0032845173150546914,0.16947823625665162,-0.0038049574647063267,0.0,0.9510565162951535,0.30901699437494745,2.5997223270506806,0.03323565511175808,0.3367385729154509,0.45894643934208834,0.5331740546027032,0.4620093149460778
2016-10-26,-0.0017419279211878802,22.05249236862346,0.0058187233461239884,0.0011504823052153384,-0.5175803279858141,0.4620093149460778,0.2129183197423614,0.2096338024273067,-0.0017419279211878802,0.0,0.5877852522924732,-0.8090169943749473,2.656054889910667,0.056332562859986446,0.3643147010863448,0.45697668651631734,0.5037907284920902,0.36125633927260153
2016-10-27,-0.0029911959060084925,22.16058595690691,0.10809358828344884,-0.005153044663427174,-0.8926285408754893,0.36125633927260153,-0.10075297567347624,-0.3136712954158376,-0.0029911959060084925,0.0,-0.587785252292473,-0.8090169943749475,2.731766705367784,0.07571181545711703,0.3460326648282632,0.4448345144469103,0.4999037382547129,0.6884360256852404
2016-10-28,-0.003113140139625159,22.116602840589017,-0.04398311631789298,-0.0027333008329550965,-0.7974456480944057,0.6884360256852404,0.3271796864126389,0.42793266208611513,-0.003113140139625159,0.0,-0.9510565162951536,0.30901699437494723,2.7843938006764253,0.05262709530864118,0.4013198305992596,0.4423644229555159,0.49977477155428984,0.23340394481183518
2016-10-31,-0.00012228388419810443,22.091029561701543,-0.025573278887474515,-0.0017059152250074156,-0.03127509201043908,0.23340394481183518,-0.45503208087340524,-0.7822117672860441,-0.00012228388419810443,0.0,0.0,1.0,2.8367365107588656,0.05234271008244029,0.39883932398389427,0.42910174132683226,0.46065313447181644,1.0075638605282353
2016-11-01,-0.006810019108735688,22.236014419205368,0.14498485750382528,-0.007999269769175454,-1.6969367210495567,1.0075638605282353,0.7741599157164001,1.2291919965898053,-0.006810019108735688,0.0,0.9510565162951535,0.30901699437494745,2.921008698583398,0.08427218782453227,0.5505338970487981,0.46267397001896754,0.5678224046246525,0.49132815238629507
2016-11-02,-0.00654688445345375,22.179347420872688,-0.05666699833268041,-0.00546185343576909,-1.2955517137712627,0.49132815238629507,-0.5162357081419402,-1.2903956238583403,-0.00654688445345375,0.0,0.5877852522924732,-0.8090169943749473,2.961140812988524,0.040132114405126096,0.5563976645368415,0.45758858660519347,0.6231674852293826,0.5018928909378219
2016-11-03,-0.004433213022609017,22.082214694927753,-0.0971327259449346,-0.004843106147234151,-0.5673722564833577,0.5018928909378219,0.010564738551526787,0.526800446693467,-0.004433213022609017,0.0,-0.587785252292473,-0.8090169943749475,3.0946722179535526,0.1335314049650287,0.5845249748698855,0.4692902765099862,0.6088647576566995,0.5149510180637904
2016-11-04,-0.00166752027169359,22.06923547597936,-0.012979218948391491,0.0006667798709931538,0.2943633554902093,0.5149510180637904,0.013058127125968544,0.002493388574441757,-0.00166752027169359,0.0,-0.9510565162951536,0.30901699437494723,3.113959665086648,0.01928744713309527,0.5498279733455955,0.4743726797640644,0.5605152820740708,0.5254580256431021
2016-11-07,0.021980199729465077,22.04227657952747,-0.02695889645189098,0.014617049914216963,2.7543501882574337,0.5254580256431021,0.010507007579311667,-0.002551119546656877,0.0,0.021980199729465077,0.0,1.0,2.9290580913534825,-0.1849015737331654,0.6082387895118491,0.4698627907911978,1.252576103347034,0.7191213645639072
2016-11-08,0.003764878397158,22.089829318451194,0.04755273892372358,0.004515844152136468,0.46993998863483977,0.7191213645639072,0.19366333892080512,0.18315633134149345,0.0,0.003764878397158,0.9510565162951535,0.30901699437494745,2.930660264596731,0.001602173243248295,0.5505502903189833,0.4904995932995423,1.0855990839154368,1.1528345107687534
2016-11-09,0.011016119879656117,22.558657747845754,0.46882842939455927,0.014762214176225499,1.0951568557236022,1.1528345107687534,0.43371314620484624,0.24004980728404113,0.0,0.011016119879656117,0.5877852522924732,-0.8090169943749473,2.66583836025124,-0.2648219043454909,0.682851561995475,0.5068207050455983,1.0941323208602922,1.015938811023673
2016-11-10,0.0019488457160949935,22.588655188025516,0.02999744017976269,-4.61814761936362e-06,0.038861392383499144,1.015938811023673,-0.13689569974508053,-0.5706088459499268,0.0,0.0019488457160949935,-0.587785252292473,-0.8090169943749475,2.6905648712332506,0.02472651098201073,0.7856607460126452,0.5354907003581746,0.9517473104628408,0.4369616840957438
2016-11-11,-0.0013989283477977565,22.331501026599344,-0.25715416142617187,0.0008042181770479314,-0.35848492793945447,0.4369616840957438,-0.5789771269279291,-0.4420814271828486,-0.0013989283477977565,0.0,-0.9510565162951536,0.30901699437494723,2.651127059086777,-0.03943781214647357,0.7700628792190358,0.5192703484218038,0.8468735899861747,0.4976415124577204
2016-11-14,-0.00011550945718319383,22.404776938666977,0.07327591206763273,-0.0006651245825700883,-0.21352142772709007,0.4976415124577204,0.06067982836197661,0.6396569552899057,-0.00011550945718319383,0.0,0.0,1.0,2.6727683553440564,0.021641296257279397,0.7644995765819596,0.5192247437108817,0.7447787343930969,0.3188454407240236
2016-11-15,0.007452955022089647,22.23797759921767,-0.1667993394493088,0.005564854130954996,0.5032029999485298,0.3188454407240236,-0.17879607173369683,-0.23947590009567343,0.0,0.007452955022089647,0.9510565162951535,0.30901699437494745,2.5930133825543216,-0.07975497278973487,0.6844443918139829,0.519175558550575,0.7671381965443141,0.22752846566129348
2016-11-16,-0.0015835165223760939,22.070793382146086,-0.1671842170715827,-0.00027102627791998835,-0.6644620111004806,0.22752846566129348,-0.09131697506273012,0.0874790966709667,-0.0015835165223760939,0.0,0.5877852522924732,-0.8090169943749473,2.61885464176048,0.02584125920615854,0.49938318279249083,0.5161363917213032,0.6909896255855571,0.2792274357445777
2016-11-17,0.004665469361198049,22.06134899153105,-0.009444390615033882,0.0038985553876416564,0.007979707180850202,0.2792274357445777,0.051698970083284224,0.14301594514601434,0.0,0.004665469361198049,-0.587785252292473,-0.8090169943749475,2.5915164134207695,-0.027338228339710557,0.35204090773667185,0.5139982375143018,0.6629452004286005,0.27361896880741965
2016-11-18,-0.002389651365549028,21.998880002691482,-0.062468988839569306,-0.002266184803898486,-0.9248761794480563,0.27361896880741965,-0.005608466937158052,-0.057307437020442276,-0.002389651365549028,0.0,-0.9510565162951536,0.30901699437494723,2.5533438410275884,-0.03817257239318117,0.319372364679007,0.5054721636211785,0.6175453694150385,0.21358995127613317
2016-11-21,0.007433702070874126,22.007389035732068,0.008509033040585479,0.005359668702100992,0.9545847419850094,0.21358995127613317,-0.06002901753128648,-0.054420550594128425,0.0,0.007433702070874126,0.0,1.0,2.5193080826481626,-0.03403575837942574,0.26256205244268954,0.4960240566900297,0.6632917135896694,0.328486450125329
2016-11-22,0.002163091103593473,22.09964116697579,0.09225213124372189,0.0006265786616620203,-0.16572413459374175,0.328486450125329,0.11489649884919584,0.17492551638048232,0.0,0.002163091103593473,0.9510565162951535,0.30901699437494745,2.5185025869209565,-0.0008054957272061181,0.2644902543229506,0.49996119822510904,0.6076706561581467,0.2781895105220865
2016-11-23,0.0008076981569082875,21.95286252770235,-0.14677863927343893,0.002802429051883992,-0.30400715873656053,0.2781895105220865,-0.050296939603242496,-0.16519343845243833,0.0,0.0008076981569082875,0.5877852522924732,-0.8090169943749473,2.5201129300741707,0.0016103431532141776,0.2746224632951092,0.5013468418116981,0.5560013177276448,0.1080374877431971
2016-11-25,0.0039067456134240786,21.1835915363657,-0.7692709913366507,0.003203933367030132,0.49742523937504557,0.1080374877431971,-0.1701520227788894,-0.11985508317564691,0.0,0.0039067456134240786,-0.9510565162951536,0.30901699437494723,2.5128460308425487,-0.007266899231622048,0.24038447369483307,0.48449104051632286,0.5395781768760595,0.2494035191817903
2016-11-28,-0.005268389254735162,21.98033381159098,0.7967422752252808,-0.0038486561869773904,-1.654384444718554,0.2494035191817903,0.1413660314385932,0.3115180542174826,-0.005268389254735162,0.0,0.0,1.0,2.5764217296146685,0.06357569877211988,0.2355413837697072,0.47916471575009373,0.5731418544192243,0.3792464976108274
2016-11-29,0.0013344023532617655,22.034079361157175,0.053745549566194484,0.0017705024409274443,-0.12413937294308106,0.3792464976108274,0.1298429784290371,-0.011523053009556083,0.0,0.0013344023532617655,0.9510565162951535,0.30901699437494745,2.5572272817963295,-0.01919444781833901,0.26867269303664604,0.46444140488940744,0.5319731849283448,0.45811780158392656
2016-11-30,-0.002656930555156478,22.434971487508648,0.4008921263514722,-0.0027975585001317462,-0.9020372001936356,0.45811780158392656,0.07887130397309916,-0.05097167445593795,-0.002656930555156478,0.0,0.5877852522924732,-0.8090169943749473,2.5900171284671405,0.032789846670810974,0.29459896332836555,0.4751420647356975,0.5184898541944185,0.41508990443391586
2016-12-01,-0.003521722966763896,22.346107516391307,-0.08886397111734112,-0.00413998598710269,-1.0276322614712856,0.41508990443391586,-0.04302789715001071,-0.12189920112310987,-0.003521722966763896,0.0,-0.587785252292473,-0.8090169943749475,2.6440448494364763,0.054027720969335835,0.3219790421107315,0.4469290192073965,0.5215756993783067,0.30797040141043847
2016-12-02,0.0003969277200850385,22.053616634496848,-0.2924908818944587,0.0003786542224276389,0.04635658972561564,0.30797040141043847,-0.10711950302347739,-0.06409160587346668,0.0,0.0003969277200850385,-0.9510565162951536,0.30901699437494723,2.647592223960215,0.0035473745237388776,0.3619656248441797,0.43819769773235573,0.48597601917739347,0.28060123525446096
2016-12-05,0.005804426926743211,22.08386539620824,0.030248761711391126,0.0018432363617335843,1.1753571068878954,0.28060123525446096,-0.02736916615597751,0.07975033686749988,0.0,0.005804426926743211,0.0,1.0,2.4965058139116447,-0.15108641004857049,0.36820516805871384,0.42765999984267195,0.5292148266661378,0.3083780160518814
2016-12-06,0.003405084468874442,22.073230701575202,-0.0106346946330369,0.002249115988119009,0.788250313708985,0.3083780160518814,0.027776780797420464,0.05514594695339797,0.0,0.003405084468874442,0.9510565162951535,0.30901699437494745,2.467251711313743,-0.02925410259790162,0.3540314717469247,0.41782319022305725,0.5129707568255253,0.5901698589884672
2016-12-07,0.01307735874472371,22.228247269625726,0.15501656805052377,0.013760165396827527,2.1468733875593786,0.5901698589884672,0.28179184293658577,0.2540150621391653,0.0,0.01307735874472371,0.5877852522924732,-0.8090169943749473,2.5030739755952336,0.03582226428149049,0.3804418832278328,0.42090470609664604,0.7742506819185238,0.4221447115159112
2016-12-08,0.0021570150168708224,22.159128630972706,-0.06911863865301981,0.0022552708238736036,0.055620014186705986,0.4221447115159112,-0.16802514747255598,-0.44981699040914175,0.0,0.0021570150168708224,-0.587785252292473,-0.8090169943749475,2.536866415880321,0.033792440285087544,0.38185284464423186,0.4067629607134081,0.6987483029434368,0.19215154661618922
2016-12-09,0.005921418532969902,22.080764554802354,-0.07836407617035235,0.004346639686548395,0.7140305383059306,0.19215154661618922,-0.229993164899722,-0.06196801742716601,0.0,0.005921418532969902,-0.9510565162951536,0.30901699437494723,2.463853240590168,-0.07301317529015305,0.358689073685382,0.3610161528966193,0.6806184215286968,0.3614585547276421
2016-12-12,-0.001138082290599307,22.11922583518023,0.038461280377877216,-0.0008282569730801985,-0.735899304137028,0.3614585547276421,0.16930700811145288,0.3993001730111749,-0.001138082290599307,0.0,0.0,1.0,2.536866415880321,0.07301317529015305,0.37486053758001825,0.32985042640633216,0.6238923030539005,0.3779528849816943
2016-12-13,0.006518483201237046,22.077974067440106,-0.041251767740124734,0.003704448859257122,0.6972635601020988,0.3779528849816943,0.016494330254052225,-0.15281267785740066,0.0,0.006518483201237046,0.9510565162951535,0.30901699437494745,2.543175578904807,0.006309163024485809,0.3887755113659808,0.3270404835913774,0.6382807420458237,0.7623745319972617
2016-12-14,-0.00815029546185908,22.20706569390007,0.12909162645996375,-0.006665792529085265,-1.78026158952883,0.7623745319972617,0.38442164701556736,0.36792731676151513,-0.00815029546185908,0.0,0.5877852522924732,-0.8090169943749473,2.5794589349159778,0.03628335601117083,0.4232164459677398,0.3396468178551651,0.7136996544446292,0.5263847353651392
2016-12-15,0.003875707687553742,22.151987303945813,-0.05507838995425729,0.0036582748962613316,0.12354178513291454,0.5263847353651392,-0.2359897966321225,-0.6204114436476899,0.0,0.003875707687553742,-0.587785252292473,-0.8090169943749475,2.548663612608189,-0.03079532230778881,0.4440644507375853,0.34952964140950393,0.6692468891079979,0.3589758600724776
2016-12-16,-0.0017521567509799496,22.50311802858449,0.3511307246386757,-0.003863086251295089,-0.8237373651955888,0.3589758600724776,-0.16740887529266157,0.06858092133946092,-0.0017521567509799496,0.0,-0.9510565162951536,0.30901699437494723,2.5014359361052056,-0.04722767650298332,0.47742931342884304,0.35578904114336984,0.620071669424143,0.2748651174824568
2016-12-19,0.0019731727152114686,21.902794298168057,-0.6003237304164308,0.0014551999013100105,-0.10891638509271837,0.2748651174824568,-0.08411074259002083,0.08329813270264075,0.0,0.0019731727152114686,0.0,1.0,2.4604431808672667,-0.040992755237938994,0.4601106259798059,0.35558131170231644,0.5759196569367486,0.1624725519150114
2016-12-20,0.0036309124011522087,21.91908045387334,0.016286155705284244,0.0018777901236529326,0.18025842707707854,0.1624725519150114,-0.1123925655674454,-0.02828182297742457,0.0,0.0036309124011522087,0.9510565162951535,0.30901699437494745,2.4379897133421817,-0.022453467525084925,0.4170145593664693,0.35028862518363035,0.5566103941412447,0.11978585404374197
2016-12-21,-0.0024603857246772165,21.77229564799767,-0.14678480587567222,-0.0023635100719209936,-0.7867152327302348,0.11978585404374197,-0.04268669787126943,0.06970586769617597,-0.0024603857246772165,0.0,0.5877852522924732,-0.8090169943749473,2.4221443686695787,-0.015845344672603012,0.28849682377576535,0.34582176341065934,0.5363662879442848,0.21548130849815486
2016-12-22,-0.001864711222396842,21.781288743274065,0.008993095276395024,-0.0008709189986589106,-0.5548301158431147,0.21548130849815486,0.0956954544544129,0.13838215232568232,-0.001864711222396842,0.0,-0.587785252292473,-0.8090169943749475,2.4362415045062624,0.014097135836683705,0.2263161384023685,0.3404405661903177,0.5133371840714948,0.1204029393432939
2016-12-23,0.00125093253507913,21.426972074434346,-0.3543166688397186,0.001564990475086094,0.25512250950536075,0.1204029393432939,-0.09507836915486097,-0.19077382360927386,0.0,0.00125093253507913,-0.9510565162951536,0.30901699437494723,2.43711594927187,0.0008744447656074961,0.1786015542565318,0.33292691994370854,0.4854298565705237,0.22762060685512361
2016-12-27,0.0022458489045487084,21.411264788588287,-0.01570728584605874,0.0011686167370622916,0.41100738564790384,0.22762060685512361,0.10721766751182972,0.2022960366666907,0.0,0.0022458489045487084,0.9510565162951535,0.30901699437494745,2.4840729499500287,0.04695700067815878,0.16915265213106517,0.33862135418713357,0.46736167629773745,0.41280994339214044
2016-12-28,-0.008391640709771053,21.599879752083858,0.18861496349557072,-0.008986514038123991,-1.6661137717914225,0.41280994339214044,0.18518933653701683,0.07797166902518711,-0.008391640709771053,0.0,0.5877852522924732,-0.8090169943749473,2.561095773416986,0.07702282346695721,0.21922013042649097,0.3464026124828646,0.6045561979589738,0.3126916353549578
2016-12-29,-0.00029334773186828755,21.572861056809888,-0.02701869527396994,-0.0001066917257563273,-0.031240156168757634,0.3126916353549578,-0.10011830803718264,-0.28530764457419944,-0.00029334773186828755,0.0,-0.587785252292473,-0.8090169943749475,2.5930133825543216,0.031917609137335656,0.25780128668873414,0.3432333333278232,0.5625592754708318,0.5201677361861724
2016-12-30,-0.0046478346968550355,21.70592466563838,0.13306360882849333,-0.005692120716505077,-0.9998819793443466,0.5201677361861724,0.2074761008312146,0.30759440886839723,-0.0046478346968550355,0.0,-0.9510565162951536,0.30901699437494723,2.641910395880644,0.04889701332632246,0.3187385722263376,0.3461880921184063,0.5699206584076582,0.5621941490639165
2017-01-03,0.008450766753157701,22.051138928600928,0.3452142629625463,0.002776428608495957,1.8097493138815972,0.5621941490639165,0.04202641287774411,-0.16544968795347048,0.0,0.008450766753157701,0.9510565162951535,0.30901699437494745,2.5533438410275884,-0.08856655485305565,0.4070968141704622,0.35319305614840635,0.6395756258843147,0.24388320567016808
2017-01-04,0.005705963770549438,22.050046365610502,-0.001092562990425705,0.0040376028227832655,1.0708321776690053,0.24388320567016808,-0.31831094339374844,-0.36033735627149255,0.0,0.005705963770549438,0.5877852522924732,-0.8090169943749473,2.4723278997726776,-0.08101594125491074,0.410349333933471,0.3501412849226792,0.6377279989610642,0.3440892586204258
2017-01-05,-0.0007709676024818535,22.054332859940065,0.004286494329562629,0.00036148814050164697,-0.14262113524867134,0.3440892586204258,0.1002060529502577,0.41851699634400613,-0.0007709676024818535,0.0,-0.587785252292473,-0.8090169943749475,2.4570214528360776,-0.015306446936599993,0.3966051969791281,0.3531645241305823,0.5904480012300014,0.5380121114188474
2017-01-06,0.0035107891805798985,21.929859204894143,-0.12447365504592156,0.0025681342020035603,0.6100307322514935,0.5380121114188474,0.19392285279842164,0.09371679984816395,0.0,0.0035107891805798985,-0.9510565162951536,0.30901699437494723,2.426571045816045,-0.030450407020032433,0.44166929219190604,0.3640994810528187,0.5614884073228879,0.15995735336802333
2017-01-09,-0.0035549054715602324,21.89256334236595,-0.03729586252819317,-0.0020650291904538262,-0.7776126758578633,0.15995735336802333,-0.3780547580508241,-0.5719776108492458,-0.0035549054715602324,0.0,0.0,1.0,2.4475508995432533,0.02097985372720812,0.3696272156282763,0.34361317126136903,0.5548020158932058,0.4350874652365734
2017-01-10,0.0,22.015403353190482,0.12284001082453244,-0.000361373453269155,-0.04497622249781795,0.4350874652365734,0.2751301118685501,0.6531848699193742,0.0,0.0,0.9510565162951535,0.30901699437494745,2.441477071940574,-0.0060738276026794935,0.3442058788628076,0.34422949286711485,0.5232000402898326,0.41265253581598643
2017-01-11,0.002825642389102434,22.011142194250905,-0.0042611589395775695,0.0029577877060986894,0.5041775383284973,0.41265253581598643,-0.022434929420586947,-0.297565041289137,0.0,0.002825642389102434,0.5877852522924732,-0.8090169943749473,2.421256643038528,-0.020220428902046006,0.37795974489197126,0.35472953997186707,0.5077442772570983,0.5474148570442594
2017-01-12,-0.0021471123937297776,21.966330500258902,-0.04481169399200269,-0.0003082412741836352,-0.7348015765952367,0.5474148570442594,0.13476232122827297,0.15719725064885992,-0.0021471123937297776,0.0,-0.587785252292473,-0.8090169943749475,2.4458192577743234,0.024562614735795574,0.418624864576738,0.3635846019869441,0.5011353004931974,0.21670730770443195
2017-01-13,0.0018481313951461686,21.85165696869385,-0.11467353156505311,0.0008356031399439096,0.17521410463581813,0.21670730770443195,-0.3307075493398275,-0.46546987056810046,0.0,0.0018481313951461686,-0.9510565162951536,0.30901699437494723,2.41858872798778,-0.02723052978654339,0.3543639038338549,0.3559062411642173,0.47850787594608324,0.2870518475846067
2017-01-17,-0.0029719144562179167,22.000568096453215,0.14891112775936577,-0.0005510213028431615,-1.0893238573048123,0.2870518475846067,0.07034453988017478,0.40105208922000224,-0.0029719144562179167,0.0,0.9510565162951535,0.30901699437494745,2.474014198980387,0.055425470992607195,0.37978280267717157,0.3332718276207576,0.48779764404755466,0.2593283414296643
2017-01-18,0.0017622004698090166,21.922528566565333,-0.07803952988788154,0.0012111791669662086,0.3776639322605013,0.2593283414296643,-0.0277235061549424,-0.09806804603511718,0.0,0.0017622004698090166,0.5877852522924732,-0.8090169943749473,2.5241273262614996,0.05011312728111239,0.3446309779157898,0.32055485648097304,0.46819232064961913,0.44282412981601055
2017-01-19,-0.0036158376243191626,21.876489409697886,-0.04603915686744742,-0.003620243534837562,-1.2238709883290368,0.44282412981601055,0.18349578838634623,0.21121929454128863,-0.0036158376243191626,0.0,-0.587785252292473,-0.8090169943749475,2.5478814280551156,0.023754101793616034,0.3506652967157946,0.3245476312306651,0.4904963847744719,0.3702415638677821
2017-01-20,0.0033605840613004645,21.986502337732176,0.11001292803429052,0.0005945903635852904,1.112870590942718,0.3702415638677821,-0.07258256594822843,-0.25607835433457465,0.0,0.0033605840613004645,-0.9510565162951536,0.30901699437494723,2.4458192577743234,-0.10206217028079223,0.3152306380804991,0.32908936677282347,0.4895222186960556,0.4554514366262556
2017-01-23,-0.002693749646070387,21.87233040009395,-0.11417193763822553,-0.0011383586138633162,-0.7826017987354363,0.4554514366262556,0.08520987275847347,0.1577924387067019,-0.002693749646070387,0.0,0.0,1.0,2.4655539601645953,0.019734702390271863,0.3629794638648639,0.3430407422352636,0.4919936549292035,0.4473026084250141
2017-01-24,0.006543140528962432,22.062717511593057,0.19038711149910625,0.005360751490606825,1.815859596270949,0.4473026084250141,-0.008148828201241465,-0.09335870095971494,0.0,0.006543140528962432,0.9510565162951535,0.30901699437494745,2.404238719152724,-0.06131524101187136,0.39502961603294534,0.3586367781581814,0.5441911653314055,0.204988263992565
2017-01-25,0.007994052795968543,22.071167542238904,0.008450030645846596,0.004137663268668929,1.6440266447001575,0.204988263992565,-0.24231434443244912,-0.23416551623120765,0.0,0.007994052795968543,0.5877852522924732,-0.8090169943749473,2.380471670468572,-0.023767048684151693,0.38416160054552545,0.35813710937220095,0.6063953568347819,0.20601962712845953
2017-01-26,-0.0007356549352630637,22.007391804660813,-0.06377573757809074,-0.0008486702170888229,-0.40891703149431546,0.20601962712845953,0.0010313631358945252,0.24334570756834364,-0.0007356549352630637,0.0,-0.587785252292473,-0.8090169943749475,2.3636802031197,-0.016791467348872047,0.33680070000801526,0.36221409450482783,0.5703804814555128,0.195547690104597
2017-01-27,-0.0008668394897410892,21.866666643389998,-0.14072516127081514,-0.0018852210715376802,-0.4828153933080727,0.195547690104597,-0.010471937023862538,-0.011503300159757063,-0.0008668394897410892,0.0,-0.9510565162951536,0.30901699437494723,2.3589654192190053,-0.004714783900694908,0.30186192525537825,0.3606868127548028,0.5335556516257083,0.5404300696723551
2017-01-30,-0.006027673496096675,22.002820954900354,0.1361543115103565,-0.0022378849825779243,-1.3821022356542794,0.5404300696723551,0.3448823795677581,0.35535431659162064,-0.006027673496096675,0.0,0.0,1.0,2.4748563235675727,0.11589090434856741,0.31885765186459814,0.3667639616252892,0.5882150110185524,0.34501572062809394
2017-01-31,-0.0008903016080328285,22.131744790396645,0.12892383549629116,0.002130558544251589,-0.3092046513158907,0.34501572062809394,-0.19541434904426114,-0.5402967286120193,-0.0008903016080328285,0.0,0.9510565162951535,0.30901699437494745,2.4840729499500287,0.009216626382456017,0.2984002743052141,0.3683032037811528,0.5466715005253155,0.4909298524319819
2017-02-01,0.0002983189881167192,22.08915083699941,-0.04259395339723682,-0.0026461586746741855,-0.008664514905709231,0.4909298524319819,0.14591413180388796,0.3413284808481491,0.0,0.0002983189881167192,0.5877852522924732,-0.8090169943749473,2.468946665739897,-0.015126284210131846,0.3555885919930975,0.3669109236023818,0.5115056855033542,0.3652369702150445
2017-02-02,0.0005701468386902775,22.060832032237432,-0.02831880476197668,0.0018256152967531447,-0.044111416031230345,0.3652369702150445,-0.12569288221693742,-0.2716070140208254,0.0,0.0005701468386902775,-0.587785252292473,-0.8090169943749475,2.4790562616903595,0.01010959595046268,0.38743206061041446,0.3575320103238641,0.49137426453175953,0.21333376279240784
2017-02-03,0.007238496854554022,22.005856642502692,-0.054975389734739366,0.0038726434535147824,1.3192428770456288,0.21333376279240784,-0.15190320742263663,-0.026210325205699214,0.0,0.007238496854554022,-0.9510565162951536,0.30901699437494723,2.3951642986288713,-0.08389196306148827,0.39098927514797666,0.35607727494873265,0.5666022367674238,0.2300598474194773
2017-02-06,-0.00211759751370888,21.85865675706855,-0.14719988543414075,-0.0007499589045105349,-0.7259859694697953,0.2300598474194773,0.016726084627069454,0.1686292920497061,-0.00211759751370888,0.0,0.0,1.0,2.4309782976972802,0.035813999068408986,0.3289152306974011,0.3506473029867827,0.5377088336264677,0.27450495978339545
2017-02-07,0.00022680346384529315,21.962352857662868,0.10369610059431622,-0.001215981558976985,-0.08207364016791165,0.27450495978339545,0.044445112363918154,0.0277190277368487,0.0,0.00022680346384529315,0.9510565162951535,0.30901699437494745,2.423917374782742,-0.007060922914538192,0.31481307852846135,0.33809934338509456,0.5052070105959813,0.2939172627194753
2017-02-08,0.0006930821486097472,22.007513629935797,0.04516077227292925,0.002233695245145505,0.26156675064286583,0.2939172627194753,0.019412302936079873,-0.025032809427838282,0.0,0.0006930821486097472,0.5877852522924732,-0.8090169943749473,2.4379897133421817,0.014072338559439679,0.2754105605859601,0.34447838668754466,0.4860074249575426,0.32605227305975065
2017-02-09,0.005736063735960251,22.026613277516997,0.019099647581199974,0.004851783233500824,1.401775261011421,0.32605227305975065,0.03213501034027533,0.012722707404195455,0.0,0.005736063735960251,-0.587785252292473,-0.8090169943749475,2.3869262519462633,-0.05106346139591844,0.2675736211549013,0.3392862346791245,0.5242918737985418,0.22599726370315887
2017-02-10,0.0035597068220090122,21.975056905013815,-0.05155637250318179,0.0016550443902690543,0.6872573182691452,0.22599726370315887,-0.10005500935659178,-0.1321900196968671,0.0,0.0035597068220090122,-0.9510565162951536,0.30901699437494723,2.384165115144968,-0.0027611368012951942,0.2701063213370515,0.3303978883880375,0.5194843913848018,0.25473005302360574
2017-02-13,0.0052321335840117555,21.93293339563449,-0.04212350937932641,0.0028086347355599996,1.0084433088484186,0.25473005302360574,0.028732789320446872,0.12878779867703866,0.0,0.0052321335840117555,0.0,1.0,2.404238719152724,0.02007360400775582,0.2750403624578772,0.31646051676800635,0.5423163443205437,0.3541696342369429
2017-02-14,0.003999327195672642,21.984008313178606,0.05107491754411697,0.004914545756957755,0.48205802029458167,0.3541696342369429,0.09943958121333718,0.07070679189289031,0.0,0.003999327195672642,0.9510565162951535,0.30901699437494745,2.3739750677695604,-0.03026365138316356,0.2909732973485867,0.3230063418409831,0.5315239028378961,0.34072849283765516
2017-02-15,0.0049798886657344,22.054541552376985,0.0705332391983795,0.005835840550642366,0.656960025087992,0.34072849283765516,-0.01344114139928776,-0.11288072261262494,0.0,0.0049798886657344,0.5877852522924732,-0.8090169943749473,2.482403541878053,0.10842847410849243,0.3003355433722227,0.32556237256731874,0.5340221258719839,0.36959009666116155
2017-02-16,-0.0008644916015505544,22.025063837859825,-0.02947771451716008,-0.0010304425337631928,-1.1828695527551625,0.36959009666116155,0.028861603823506388,0.04230274522279415,-0.0008644916015505544,0.0,-0.587785252292473,-0.8090169943749475,2.4647039619332216,-0.01769957994483118,0.30904310809250485,0.33081293234024717,0.5158830924165819,0.2744257852454016
2017-02-17,0.0016771493272376148,21.980825852903795,-0.044237984956030374,0.003472354289754018,-0.2295949720371496,0.2744257852454016,-0.09516431141575993,-0.12402591523926632,0.0,0.0016771493272376148,-0.9510565162951536,0.30901699437494723,2.441477071940574,-0.02322688999264777,0.3187288124009534,0.3227939635511705,0.5029622805740029,0.22112175867309838
2017-02-21,0.006029850020069283,22.000726993208247,0.01990114030445156,0.004436163171480156,1.1594509927643981,0.22112175867309838,-0.05330402657230324,0.04186028484345669,0.0,0.006029850020069283,0.9510565162951535,0.30901699437494745,2.448415514829113,0.006938442888539065,0.3120071535308519,0.3156930204466618,0.5343273794223381,0.19824532553281254
2017-02-22,-0.0010827861468039046,21.96833355883372,-0.032393434374526464,0.0007239569377849604,-1.511287413862657,0.19824532553281254,-0.02287643314028584,0.030427593432017397,-0.0010827861468039046,0.0,0.5877852522924732,-0.8090169943749473,2.4630017949040526,0.014586280074939673,0.2808222917900258,0.3034451103945931,0.5188338095336621,0.3822173708721356
2017-02-23,0.00041889897125901854,22.114987941430506,0.1466543825967861,-0.0015597972268477005,-0.9352737402083738,0.3822173708721356,0.18397204533932304,0.20684847847960888,0.0,0.00041889897125901854,-0.587785252292473,-0.8090169943749475,2.4604431808672667,-0.0025586140367859223,0.289120067396922,0.3003458133682655,0.49420841525814857,0.3075419750486016
2017-02-24,0.0014922502320313669,22.066759685329487,-0.04822825610101944,0.004916349170768475,-0.4087617320798978,0.3075419750486016,-0.074675395823534,-0.25864744116285704,0.0,0.0014922502320313669,-0.9510565162951536,0.30901699437494723,2.4397349544219074,-0.0207082264453593,0.27671044307440995,0.3052293234185529,0.48279740633374574,0.26341800051472813
2017-02-27,0.0010174652677337193,21.99993504648405,-0.06682463884543566,0.0019092038077764988,-0.49177899492497196,0.26341800051472813,-0.044123974533873456,0.03055142128966054,0.0,0.0010174652677337193,0.0,1.0,2.4923786772477015,0.052643722825794104,0.2745088861282753,0.3079625792940896,0.4756355110504735,0.256288396589886
2017-02-28,-0.002581706115194926,22.16131263726824,0.16137759078418767,-0.0010318521090040686,-1.4747828744950986,0.256288396589886,-0.007129603924842132,0.036994370609031324,-0.002581706115194926,0.0,0.9510565162951535,0.30901699437494745,2.55877650425956,0.06639782701185837,0.28154221371163274,0.3108549938886271,0.4897179977976381,0.4589251063363905
2017-03-01,0.013581211083725009,22.192896706218328,0.031584068950088806,0.006628910514897701,2.3601291403943967,0.4589251063363905,0.2026367097465045,0.20976631367134663,0.0,0.013581211083725009,0.5877852522924732,-0.8090169943749473,2.5289235321627515,-0.029852972096808372,0.3336781698723484,0.3069738051583431,0.7452492095405344,0.2738557573774278
2017-03-02,-0.005877116972104801,22.06457067755458,-0.12832602866374643,-0.005371988933424987,-1.3740958198090931,0.2738557573774278,-0.1850693489589627,-0.3877060587054672,-0.005877116972104801,0.0,-0.587785252292473,-0.8090169943749475,2.468946665739897,-0.0599768664228546,0.3120058471734068,0.30358523547974,0.705935303373642,0.24596591453405864
2017-03-03,0.0005037503685345612,21.99209055107981,-0.07248012647477253,0.0009236679166785208,-0.19372282961413795,0.24596591453405864,-0.02788984284336915,0.15717950611559356,0.0,0.0005037503685345612,-0.9510565162951536,0.30901699437494723,2.394252285000433,-0.074694380739464,0.2996906350704982,0.2919202860560293,0.6145382887542475,0.3223572731666054
2017-03-06,-0.0032826227635656124,21.902474526433252,-0.08961602464655627,3.371327232225629e-05,-0.7899901582741664,0.3223572731666054,0.07639135863254676,0.10428120147591591,-0.0032826227635656124,0.0,0.0,1.0,2.4194788241023923,0.02522653910195949,0.31147848960087365,0.28987839572038937,0.5846855398805493,0.279981452336798
2017-03-07,-0.002917625902089327,21.983514999832554,0.08104047339930176,-0.0009917845288055932,-0.5781201898689144,0.279981452336798,-0.0423758208298074,-0.11876717946235416,-0.002917625902089327,0.0,0.9510565162951535,0.30901699437494745,2.4379897133421817,0.018510889239789385,0.31621710075025605,0.2930520952225032,0.5595745656428709,0.3131212428227231
2017-03-08,-0.0022868279640642086,22.061965319520805,0.07845031968825111,-0.002886281795809114,-0.4318549557761773,0.3131212428227231,0.03313979048592508,0.07551561131573248,-0.0022868279640642086,0.0,0.5877852522924732,-0.8090169943749473,2.4731713646216233,0.03518165127944162,0.28705632804752257,0.29700739976551493,0.529958649810795,0.4338036968012872
2017-03-09,0.0007995756127661124,22.03657275200405,-0.025392567516753672,0.0005837656020117458,0.14198386566705387,0.4338036968012872,0.12068245397856414,0.08754266349263906,0.0,0.0007995756127661124,-0.587785252292473,-0.8090169943749475,2.509599277885271,0.03642791326364758,0.3190459159322945,0.30459305390922403,0.49855370159878665,0.41233633535441344
2017-03-10,0.00326333970585857,21.957108075165795,-0.07946467683825631,3.375177994643632e-05,0.5634169362348852,0.41233633535441344,-0.02146736144687378,-0.14214981542543792,0.0,0.00326333970585857,-0.9510565162951536,0.30901699437494723,2.4561641678359063,-0.05343511004936463,0.35232000009636544,0.3102320573680306,0.4964698437782131,0.16865368408186734
2017-03-13,0.0003665656191698119,21.875940084028844,-0.08116799113695095,0.0008050158590044881,0.038897472141745944,0.16865368408186734,-0.2436826512725461,-0.22221528982567232,0.0,0.0003665656191698119,0.0,1.0,2.4292177775370787,-0.026946390298827616,0.3215792822794178,0.3027368864643219,0.47814634301176595,0.2994004124506703
2017-03-14,-0.003384748980891139,21.878182842140074,0.002242758111229648,-0.001309716138317601,-0.6359818323252407,0.2994004124506703,0.13074672836880294,0.37442937964134904,-0.003384748980891139,0.0,0.9510565162951535,0.30901699437494745,2.509599277885271,0.08038150034819225,0.3254630743021923,0.3062322744999177,0.5056622487300391,0.4898595786560908
2017-03-15,0.008339879124686256,22.08667276790951,0.2084899257694346,0.006274695315250566,2.154334250446279,0.4898595786560908,0.19045916620542053,0.05971243783661759,0.0,0.008339879124686256,0.5877852522924732,-0.8090169943749473,2.453587976370721,-0.05601130151455003,0.3608107414688658,0.31742891857765504,0.6124104544324884,0.2789400869831186
2017-03-16,-0.0016280347991832755,21.93784618215529,-0.14882658575421814,-0.002654628891364903,-0.4399208466648402,0.2789400869831186,-0.2109194916729722,-0.4013786578783927,-0.0016280347991832755,0.0,-0.587785252292473,-0.8090169943749475,2.41680624048701,-0.03678173588371081,0.32983801950523206,0.3138465591846158,0.5549839750171414,0.19259497337766882
2017-03-17,-0.0013151792642318583,22.36803614377235,0.43018996161706013,-0.002293158016834185,-0.30300339876458654,0.19259497337766882,-0.0863451136054498,0.12457437806752239,-0.0013151792642318583,0.0,-0.9510565162951536,0.30901699437494723,2.423031222397146,0.006224981910135874,0.2858897471098832,0.3067925820674736,0.5199474297943713,0.2667651596885555
2017-03-20,-0.002011916080379983,21.84219042725303,-0.5258457165193207,-0.002007707192883153,-0.5422343196695113,0.2667651596885555,0.0741701863108867,0.1605152999163365,-0.002011916080379983,0.0,0.0,1.0,2.428336311755328,0.00530508935818208,0.3055120422312208,0.30189615649734947,0.5054647444379806,0.7570945095767657
2017-03-21,-0.012485594590102345,22.176959467343494,0.33476904009046393,-0.014947348870254281,-2.1671767788383516,0.7570945095767657,0.4903293498882102,0.4161591635773235,-0.012485594590102345,0.0,0.9510565162951535,0.30901699437494745,2.523325781105642,0.09498946935031416,0.39705086165643994,0.3248803814655097,0.7897734961094637,0.4402626309408516
2017-03-22,0.0018881028474631023,21.99727576761536,-0.17968369972813392,0.0023233557557509137,0.4692007434485804,0.4402626309408516,-0.3168318786359141,-0.8071612285241243,0.0,0.0018881028474631023,0.5877852522924732,-0.8090169943749473,2.5502261486656055,0.02690036755996328,0.38713147211339205,0.3353156610973074,0.6539753105709144,0.505095662283315
2017-03-23,-0.001060832144830215,21.905728958090986,-0.09154680952437388,-4.266800984151176e-06,-0.04852918914484222,0.505095662283315,0.06483303134246343,0.38166490997837754,-0.001060832144830215,0.0,-0.587785252292473,-0.8090169943749475,2.574137774793312,0.023911626127706587,0.4323625871734314,0.34992758189495043,0.5791790959206579,0.5932742417740431
2017-03-24,-0.0008443522139387483,21.814695727502013,-0.09103323058897317,-0.002743671429816128,0.07208914706129624,0.5932742417740431,0.08817857949072805,0.023345548148264617,-0.0008443522139387483,0.0,-0.9510565162951536,0.30901699437494723,2.5618676938675677,-0.012270080925744331,0.5124984408527062,0.3599779090807556,0.5330979562297028,0.6006092133012269
2017-03-27,-0.0010201075858455866,21.899548791759106,0.08485306425709283,0.005343956857434013,0.06521579055358687,0.6006092133012269,0.0073349715271837646,-0.08084360796354428,-0.0010201075858455866,0.0,0.0,1.0,2.5257286443082556,-0.03613904955931213,0.5792672515752405,0.3739334918546901,0.5093863027368619,0.6098312468660083
2017-03-28,0.007225308829624133,21.937917419911308,0.03836862815220243,0.00799433371887554,1.3203653125837127,0.6098312468660083,0.009222033564781462,0.0018870620375976976,0.0,0.007225308829624133,0.9510565162951535,0.30901699437494745,2.444952311121487,-0.08077633318676858,0.549814599033089,0.3904293607285606,0.5733346791618896,0.28810238306233904
2017-03-29,0.0010847362038299835,21.85713908653018,-0.08077833338112939,0.0019458102301228113,0.4311678643660926,0.28810238306233904,-0.3217288638036693,-0.33095089736845074,0.0,0.0010847362038299835,0.5877852522924732,-0.8090169943749473,2.4353662109085947,-0.009586100212892301,0.5193825494573865,0.3919443124653441,0.5286128298529452,0.30641723246162156
2017-03-30,0.002930810911704995,21.873736593911204,0.016597507381025167,0.00285450468713773,0.6953563949059313,0.30641723246162156,0.018314849399282518,0.3400437132029518,0.0,0.002930810911704995,-0.587785252292473,-0.8090169943749475,2.4458192577743234,0.010453046865728677,0.4796468634930477,0.38468203275702173,0.5075089425721095,0.22489144800328809
2017-03-31,-0.0022575939382667443,21.93423610213854,0.06049950822733763,-0.0008884526739233383,-0.3175693236056247,0.22489144800328809,-0.08152578445833347,-0.09984063385761599,-0.0022575939382667443,0.0,-0.9510565162951536,0.30901699437494723,2.5152741771529077,0.06945491937858428,0.4059703047388967,0.3823503989773008,0.5027836598439515,0.6279464308015488
2017-04-03,-0.0016434753080130093,21.952534974318553,0.018298872180011472,-0.0014826803938290777,-0.2035567387207185,0.6279464308015488,0.4030549827982607,0.48458076725659416,-0.0016434753080130093,0.0,0.0,1.0,2.516082276500466,0.000808099347558322,0.4114377482389611,0.40053994737099086,0.49488351268791775,0.25777703864008156
2017-04-04,0.0005593660746612272,21.889019506683756,-0.06351546763479732,0.002290560516056437,-0.04489830674642852,0.25777703864008156,-0.3701693921614672,-0.7732243749597278,0.0,0.0005593660746612272,0.9510565162951535,0.30901699437494745,2.467251711313743,-0.04883056518672291,0.34102690659377577,0.3974646981078229,0.4848585878259515,0.7510936038510702
2017-04-05,-0.0030595368115227117,22.053161789731345,0.16414228304758893,-0.005780298327526778,-1.0773225338901316,0.7510936038510702,0.4933165652109886,0.8634859573724558,-0.0030595368115227117,0.0,0.5877852522924732,-0.8090169943749473,2.5564518435859096,0.0892001322721665,0.43362515075152197,0.4198986100846931,0.49702058505303015,0.4473703440631322
2017-04-06,0.0019276502937355389,21.887431756666142,-0.16573003306520206,0.0015706779938888826,0.4747233308986637,0.4473703440631322,-0.30372325978793796,-0.7970398249989266,0.0,0.0019276502937355389,-0.587785252292473,-0.8090169943749475,2.516889723350716,-0.039562120235193454,0.46181577307182414,0.42629142442947443,0.48217642577626113,0.38958036830869536
2017-04-07,-0.0008274724629453445,21.839947225402764,-0.047484531263378926,-0.0004456790526643627,-0.43589315252763094,0.38958036830869536,-0.05778997575443684,0.24593328403350112,-0.0008274724629453445,0.0,-0.9510565162951536,0.30901699437494723,2.554899012715967,0.03800928936525105,0.49475355713290553,0.424185551644113,0.4735077150480626,0.4457433230776925
2017-04-10,0.0006874501357838625,21.750228156095684,-0.08971906930707974,0.0,0.008297214214271202,0.4457433230776925,0.05616295476899713,0.11395293052343397,0.0,0.0006874501357838625,0.0,1.0,2.64262240935519,0.0877233966392228,0.45831293558813435,0.42577636058331675,0.46660411509165767,0.5415678645066284
2017-04-11,-0.001434908291958692,21.861387259029655,0.11115910293397135,-5.94313909625531e-05,-0.6359399315895317,0.5415678645066284,0.09582454142893593,0.0396615866599388,-0.001434908291958692,0.0,0.9510565162951535,0.30901699437494745,2.7127059923878543,0.07008358303266427,0.5150711007614437,0.44353417869878153,0.4644006614834666,0.29047931697372936
2017-04-12,-0.003767037418986874,21.886822814567275,0.025435555537619337,-0.0030742404407040555,-1.4176284676583977,0.29047931697372936,-0.25108854753289905,-0.346913088961835,-0.003767037418986874,0.0,0.5877852522924732,-0.8090169943749473,2.7581094300024462,0.04540343761459198,0.42294824338597553,0.443109364628451,0.4949448930020297,0.46974113101766485
2017-04-13,-0.006838020289804625,21.86951842290861,-0.017304391658665708,-0.0055792158251433835,-2.0443475304483028,0.46974113101766485,0.17926181404393549,0.43035036157683454,-0.006838020289804625,0.0,-0.587785252292473,-0.8090169943749475,2.770085594411824,0.011976164409377876,0.42742240077688204,0.4421513433123355,0.5847151245176825,0.2509457513684473
2017-04-17,0.008576465691107593,21.76244300474874,-0.10707541815986943,0.007001817355822098,2.2401740955551737,0.2509457513684473,-0.21879537964921753,-0.398057193693153,0.0,0.008576465691107593,0.0,1.0,2.6851226860500543,-0.08496290836176978,0.3996954773888325,0.44081827971163684,0.6619475902807607,0.4169616615709558
2017-04-18,-0.002907602845833246,21.908731434862105,0.14628843011336556,-0.00014519027534162183,-0.5307173734021591,0.4169616615709558,0.1660159102025085,0.384811289851726,-0.002907602845833246,0.0,0.9510565162951535,0.30901699437494745,2.6686161371476453,-0.01650654890240899,0.3939391450874852,0.451502407720841,0.5901422998914243,0.47851293139378376
2017-04-19,-0.0017178253968683777,21.982056318006784,0.07332488314467867,-0.0036799148709959414,-0.18932799483828877,0.47851293139378376,0.061551269822827936,-0.10446464037968056,-0.0017178253968683777,0.0,0.5877852522924732,-0.8090169943749473,2.7033726319915394,0.03475649484389409,0.38132815846491624,0.4615856349448995,0.5427384114730787,0.5075564384816573
2017-04-20,0.0075288503629735715,22.017716254194173,0.03565993618738972,0.005597572320827203,1.5354943259321425,0.5075564384816573,0.029043507087873566,-0.03250776273495437,0.0,0.0075288503629735715,-0.587785252292473,-0.8090169943749475,2.649714597130255,-0.05365803486128451,0.42474358276650187,0.4497028696546563,0.6021031974462913,0.3125701001488297
2017-04-21,-0.0030396881071155235,21.982907947224607,-0.03480830696956616,-0.002572612860328591,-0.5471188594673972,0.3125701001488297,-0.19498633833282764,-0.2240298454207012,-0.0030396881071155235,0.0,-0.9510565162951536,0.30901699437494723,2.6830742228543785,0.03335962572412354,0.3933093765927348,0.44362227295027423,0.5619749443186346,0.20943646940880367
2017-04-24,0.01078173658811199,22.034613027999878,0.05170508077527103,0.0016102186371583342,1.6647259924229718,0.20943646940880367,-0.10313363074002602,0.09185270759280162,0.0,0.01078173658811199,0.0,1.0,2.383243010087874,-0.2998312127665046,0.38500752020080603,0.4295432637657737,0.6809832268900271,0.2800616275687206
2017-04-25,0.006072214211751081,22.111014140829077,0.07640111282919904,0.0029769073839778083,0.7617876950091388,0.2800616275687206,0.07062515815991693,0.17375878889994295,0.0,0.006072214211751081,0.9510565162951535,0.30901699437494745,2.3758355760051844,-0.007407434082689512,0.357627513400359,0.4146283773750441,0.6446556265796684,0.3339735713637726
2017-04-26,-0.00048582147568687617,22.137017278917543,0.026003138088466216,-0.0006406581363507484,-0.3078647120088431,0.3339735713637726,0.053911943795051986,-0.016713214364864948,-0.00048582147568687617,0.0,0.5877852522924732,-0.8090169943749473,2.384165115144968,0.008329539139783737,0.3287196413943568,0.40193144204468917,0.5751339806869432,0.27795994969893273
2017-04-27,0.0005527670002987151,22.13423817664716,-0.0027791022703844703,-0.0003892173260755668,-0.2189713727846383,0.27795994969893273,-0.05601362166483986,-0.10992556545989185,0.0,0.0005527670002987151,-0.587785252292473,-0.8090169943749475,2.3379522036920743,-0.046212911452893746,0.2828003436378118,0.38612804694149494,0.5253434035780004,0.2269794247940792
2017-04-28,-0.001914979471489886,22.037352342892543,-0.0968858337546159,-0.0039682843192333376,-0.8030162786144815,0.2269794247940792,-0.050980524904853525,0.0050330967599863385,-0.001914979471489886,0.0,-0.9510565162951536,0.30901699437494723,2.3813962452135495,0.043444041521475185,0.26568220856686176,0.3832174298811017,0.5059609486128851,0.2858055628979727
2017-05-01,0.0017307918268940625,21.886885287235483,-0.1504670556570602,-7.114419909967435e-05,0.014642897704090784,0.2858055628979727,0.058826138103893505,0.10980666300874703,0.0,0.0017307918268940625,0.0,1.0,2.31352499907365,-0.06787124613989937,0.28095602726469554,0.3822359218066423,0.48849860031532144,0.21038493168354
2017-05-02,0.0011883435858113245,22.07428529023414,0.18740000299865756,5.013280344046119e-05,-0.19294104666088632,0.21038493168354,-0.07542063121443271,-0.13424676931832621,0.0,0.0011883435858113245,0.9510565162951535,0.30901699437494745,2.359910174021992,0.046385174948341934,0.26702068808765944,0.38154513531522566,0.4774665349444695,0.29555502179580434
2017-05-03,-0.001272169395827305,22.083411275827864,0.00912598559372313,0.0006827263749495562,-0.747768349135448,0.29555502179580434,0.08517009011226434,0.16059072132669705,-0.001272169395827305,0.0,0.5877852522924732,-0.8090169943749473,2.36837286210656,0.008462688084567738,0.2593369781740658,0.3657169729816188,0.4670142379632533,0.32829878030366855
2017-05-04,0.000581933287869596,22.197539023822255,0.11412774799439163,-0.00011299519312485454,-0.2032885812519622,0.32829878030366855,0.03274375850786421,-0.052426331604400134,0.0,0.000581933287869596,-0.587785252292473,-0.8090169943749475,2.347558462283715,-0.02081439982284472,0.26940474429501293,0.36907515115607525,0.4505053826972472,0.23115081418911737
2017-05-05,0.004080359407478085,21.988307400021842,-0.20923162380041305,0.002888321149697004,0.5033624481455269,0.23115081418911737,-0.09714796611455118,-0.12989172462241538,0.0,0.004080359407478085,-0.9510565162951536,0.30901699437494723,2.358019771010265,0.010461308726549934,0.2702390221740206,0.3443159706959823,0.4657505206355463,0.21894450556566164
2017-05-08,3.744527190807645e-05,21.955823182959662,-0.032484217062179965,-0.0002333908207017126,-0.42048682263577025,0.21894450556566164,-0.01220630862345573,0.08494165749109545,0.0,3.744527190807645e-05,0.0,1.0,2.2793165129086996,-0.07870325810156542,0.25686681070755835,0.3334385498151504,0.45463515405819077,0.31466149759388895
2017-05-09,-0.001025774556793202,22.020138646483364,0.06431546352370177,-0.0019423393623454307,-0.7917070035082521,0.31466149759388895,0.09571699202822731,0.10792330065168304,-0.001025774556793202,0.0,0.9510565162951535,0.30901699437494745,2.298577075426524,0.019260562517824376,0.2777221238896282,0.3298709845430167,0.4532120339152158,0.19142323212680412
2017-05-10,0.001129962717449473,22.017820387177537,-0.002318259305827297,0.0011841515664162386,0.360410168192259,0.19142323212680412,-0.12323826546708483,-0.21895525749531214,0.0,0.001129962717449473,0.5877852522924732,-0.8090169943749473,2.3233676359128106,0.024790560486286584,0.25689576595582814,0.3177605040215459,0.4398579651486874,0.4137032539634666
2017-05-11,-0.0021651513741067774,22.039059941312672,0.021239554135135563,-0.00016710089318577217,-1.2519150171688302,0.4137032539634666,0.22228002183666246,0.3455182873037473,-0.0021651513741067774,0.0,-0.587785252292473,-0.8090169943749475,2.3608540371057307,0.03748640119292013,0.2739766606877877,0.31167171304330005,0.4516713172705612,0.15009489838995185
2017-05-12,-0.0014795353407937029,21.91858732663516,-0.12047261467751369,-0.0006439179176133884,-0.9418293007067376,0.15009489838995185,-0.2636083555735147,-0.48588837741017715,-0.0014795353407937029,0.0,-0.9510565162951536,0.30901699437494723,2.3418057694675447,-0.01904826763818601,0.25776547752795465,0.3049867407297868,0.4520939750111301,0.2051383719274565
2017-05-15,0.004765142303014613,21.973190495820656,0.05460316918549779,0.0034777208312714047,1.8007125031259048,0.2051383719274565,0.055043473537504634,0.3186518291110193,0.0,0.004765142303014613,0.0,1.0,2.3437270436470965,0.0019212741795517907,0.2550042508003136,0.2923866093445388,0.4901560438718362,0.26809531416645693
2017-05-16,-0.0006871330369859763,21.95343548808128,-0.019755007739377106,-0.0016149636520689213,-0.46243859727923337,0.26809531416645693,0.06295694223900045,0.007913468701495813,-0.0006871330369859763,0.0,0.9510565162951535,0.30901699437494745,2.36555985633668,0.02183281268958348,0.2456910141148272,0.2932032551920631,0.46441899922382346,0.518470630062229
2017-05-17,-0.018345468171115265,22.149924488095834,0.19648900001455516,-0.010936831103652091,-2.6612747141824946,0.518470630062229,0.2503753158957721,0.18741837365677166,-0.018345468171115265,0.0,0.5877852522924732,-0.8090169943749473,2.7466296928572342,0.38106983652055426,0.3111004937019122,0.29803701559640944,0.9790166148321331,0.6242323327431084
2017-05-18,0.00368003862721622,22.186391601401667,0.0364671133058323,0.004673343873529515,0.7119116206698954,0.6242323327431084,0.10576170268087937,-0.14461361321489274,0.0,0.00368003862721622,-0.587785252292473,-0.8090169943749475,2.6851226860500543,-0.06150700680717991,0.35320630945784054,0.30497603470828205,0.7936159818766072,0.48273538227471313
2017-05-19,0.00674470320820042,22.066574406151123,-0.11981719525054402,0.004359209557487764,1.0915072396706753,0.48273538227471313,-0.14149695046839528,-0.24725865314927464,0.0,0.00674470320820042,-0.9510565162951536,0.30901699437494723,2.4882344367123217,-0.19688824933773263,0.4197344062347928,0.3037940796508085,0.7105029397983897,0.18008158300343297
2017-05-22,0.005146863296008775,21.879070983620522,-0.18750342253060026,0.0028486658147848253,0.7561793940947558,0.18008158300343297,-0.30265379927128017,-0.1611568488028849,0.0,0.005146863296008775,0.0,1.0,2.3915113301093784,-0.09672310660294325,0.41472304844998814,0.29748510264388484,0.6468931582380185,0.20245234163938194
2017-05-23,0.001836185172380489,21.8915783027685,0.012507319147978535,0.0005754955152682397,0.24896942473532882,0.20245234163938194,0.02237075863594898,0.3250245579072292,0.0,0.001836185172380489,0.9510565162951535,0.30901699437494745,2.3721111805520594,-0.019400149557319057,0.4015944539445731,0.2971525251310552,0.567420595640881,0.20974453456242795
2017-05-24,0.0024860338045762376,21.943871544709197,0.05229324194069562,0.0012401602113249486,0.31956739675905926,0.20974453456242795,0.007292192923046004,-0.015078565712902975,0.0,0.0024860338045762376,0.5877852522924732,-0.8090169943749473,2.304583141341715,-0.06752803921034456,0.3398492348446129,0.2938040921307556,0.5190950559153631,0.27925829020663506
2017-05-25,0.004432112041977909,21.98688678677328,0.043015242064083026,0.0022924263704378225,0.4949765057479976,0.27925829020663506,0.06951375564420711,0.06222156272116111,0.0,0.004432112041977909,-0.587785252292473,-0.8090169943749475,2.3015845697493673,-0.00299857159234751,0.2708544263373182,0.29119860255184427,0.5305473953205055,0.12672914542602665
2017-05-26,0.00031050178530289685,21.755357196715607,-0.23152959005767215,0.0005465759508921402,-0.10118817271628827,0.12672914542602665,-0.15252914478060842,-0.22204290042481553,0.0,0.00031050178530289685,-0.9510565162951536,0.30901699437494723,2.283402316351654,-0.0181822533977134,0.19965317896758092,0.28399713568170587,0.4995686850725442,0.16787844226632367
2017-05-30,-0.0012053507295339827,21.88824622236995,0.13288902565434313,0.0005140303629941046,-0.232314904634987,0.16787844226632367,0.04114929684029703,0.19367844162090544,-0.0012053507295339827,0.0,0.9510565162951535,0.30901699437494745,2.3398808887628793,0.056478572411225336,0.19721255082015904,0.28118280318038424,0.48782519709623745,0.35023285813416877
2017-05-31,-0.00046007461995145604,22.231344108649356,0.34309788627940563,-0.0015866972041477976,-0.1303495953226415,0.35023285813416877,0.1823544158678451,0.14120511902754806,-0.00046007461995145604,0.0,0.5877852522924732,-0.8090169943749473,2.342766867969059,0.002885979206179723,0.22676865411911643,0.28425076962020307,0.4768919459308188,0.30985464634524756
2017-06-01,0.007542595584847156,22.07409362954554,-0.15725047910381562,0.005947610915621882,1.5039346068909232,0.30985464634524756,-0.0403782117889212,-0.2227326276567663,0.0,0.007542595584847156,-0.587785252292473,-0.8090169943749475,2.291524180348751,-0.051242687620308036,0.24679067647568034,0.288987422699332,0.5758776143658384,0.30457583507757563
2017-06-02,0.00370087461804669,21.966122759610872,-0.1079708699346682,0.0031989674456703024,0.21676253807483506,0.30457583507757563,-0.0052788112676719345,0.03509940052124927,0.0,0.00370087461804669,-0.9510565162951536,0.30901699437494723,2.277267285009756,-0.01425689533899499,0.2518541854498685,0.2894169852365592,0.541486839095344,0.1451987688522538
2017-06-05,-0.0012184071404286456,21.793725534537778,-0.17239722507309452,-0.0007098913931913875,-1.176277759079678,0.1451987688522538,-0.15937706622532183,-0.1540982549576499,-0.0012184071404286456,0.0,0.0,1.0,2.3095606764250305,0.03229339141527454,0.2555481101351139,0.28069793707220614,0.506894653516481,0.22568164517881517
2017-06-06,-0.0027829086662043423,21.94017954570129,0.1464540111635131,-0.0010655053720838167,-1.34802708022877,0.22568164517881517,0.08048287632656137,0.2398599425518832,-0.0027829086662043423,0.0,0.9510565162951535,0.30901699437494745,2.34660196015868,0.037041283733649344,0.26710875071761214,0.2804375004526679,0.5003947588744903,0.3050974009705614
2017-06-07,0.0015670287963471807,21.997572213897744,0.057392668196452945,0.00045624852505653457,0.04122623299834331,0.3050974009705614,0.07941575579174626,-0.0010671205348151136,0.0,0.0015670287963471807,0.5877852522924732,-0.8090169943749473,2.3408438381547114,-0.005758122003968413,0.25808165928489074,0.28454001928147266,0.4784920622766218,0.32897842844202896
2017-06-08,0.00026716903566459393,22.041276004247287,0.04370379034954297,-0.00019719578827214642,-0.30156122564298943,0.32897842844202896,0.02388102747146753,-0.055534728320278726,0.0,0.00026716903566459393,-0.587785252292473,-0.8090169943749475,2.3184584271318425,-0.02238541102286895,0.261906415704247,0.28522177789328884,0.46898359539319817,0.8793080207849752
2017-06-09,-0.0008303338661868054,22.116997473095626,0.07572146884833941,-0.0018979961698730734,-0.5094936367799038,0.8793080207849752,0.5503295923429462,0.5264485648714787,-0.0008303338661868054,0.0,-0.9510565162951536,0.30901699437494723,2.3702437236421723,0.051785296510329815,0.3768528528457269,0.31797819640082076,0.46993396636482426,0.28991361694673123
2017-06-12,-0.0009792424797181454,22.11748868463645,0.0004912115408224338,0.001445855962479577,-0.5083821362484074,0.28991361694673123,-0.5893944038382439,-1.13972399618119,-0.0009792424797181454,0.0,0.0,1.0,2.4388627146152997,0.0686189909731274,0.40579582246462237,0.31208345178097624,0.46068809577988534,0.2506138425733849
2017-06-13,0.004501358843230108,21.910572530268205,-0.20691615436824407,0.0025439321597128164,1.0560611365727433,0.2506138425733849,-0.03929977437334631,0.5500946294648976,0.0,0.004501358843230108,0.9510565162951535,0.30901699437494745,2.3437270436470965,-0.09513567096820319,0.4107822619435364,0.31687006817066354,0.47687786161377776,0.42194852890318185
2017-06-14,-0.0009963269653177065,21.992644286630274,0.08207175636206898,-0.0023885600583921163,-0.6428185774882156,0.42194852890318185,0.17133468632979693,0.21063446070314323,-0.0009963269653177065,0.0,0.5877852522924732,-0.8090169943749473,2.3646205161806737,0.020893472533577206,0.4341524875300604,0.3271943613599838,0.4540007241042002,0.3957435774951109
2017-06-15,-0.0022421097968399195,21.93876594616689,-0.05387834046338469,0.003426296894857926,-0.9620222105552633,0.3957435774951109,-0.026204951408070942,-0.19753963773786787,-0.0022421097968399195,0.0,-0.587785252292473,-0.8090169943749475,2.3887627542378747,0.02414223805720095,0.44750551734067684,0.3332728500899197,0.4468089343832979,0.2950835605222116
2017-06-16,0.000283599150058933,22.390855669718288,0.4520897235513992,0.0007852627974713339,0.25240870923280845,0.2950835605222116,-0.10066001697289934,-0.0744550655648284,0.0,0.000283599150058933,-0.9510565162951536,0.30901699437494723,2.3398808887628793,-0.0488818654749954,0.33066062528812407,0.3226353705880141,0.43070833796006824,0.2098636319903506
2017-06-19,0.00831258320689443,21.908508319157416,-0.48234735056087175,0.004456661708280647,2.254534153051315,0.2098636319903506,-0.08521992853186097,0.015440088441038363,0.0,0.00831258320689443,0.0,1.0,2.3389170112056674,-0.0009638775572118341,0.3146506282968479,0.30290352769502565,0.5028902408756665,0.21298953458169004
2017-06-20,-0.00671916044693166,21.953695550526874,0.04518723136945724,-0.005577243362979433,-1.7602345743697287,0.21298953458169004,0.0031259025913394356,0.08834583112320041,-0.00671916044693166,0.0,0.9510565162951535,0.30901699437494745,2.3850862828922756,0.046169271686608226,0.307125766698509,0.2900584873286912,0.5396986876500728,0.3198337155873725
2017-06-21,-0.0005828141932715525,22.00397465737002,0.05027910684314563,-0.0015179538356815485,-0.17193042504523876,0.3198337155873725,0.10684418100568246,0.10371827841434303,-0.0005828141932715525,0.0,0.5877852522924732,-0.8090169943749473,2.3749057545736716,-0.010180528318604054,0.2867028040353471,0.2967133507850693,0.5013701245014471,0.2306613606935093
2017-06-22,-0.00045588597243817475,21.9695075887391,-0.03446706863092075,-0.0011904607008992902,-0.12177336810955962,0.2306613606935093,-0.08917235489386321,-0.19601653589954568,-0.00045588597243817475,0.0,-0.587785252292473,-0.8090169943749475,2.3494686352131553,-0.02543711936051629,0.2536863606750268,0.2980566374066944,0.47443698158879427,0.2837689517439858
2017-06-23,0.0015596985554084952,22.387657735442854,0.4181501467037556,0.0014981262699776663,0.3230746201724863,0.2837689517439858,0.05310759105047652,0.14227994594433974,0.0,0.0015596985554084952,-0.9510565162951536,0.30901699437494723,2.304583141341715,-0.044885493871440474,0.2514234389193816,0.3015816096534353,0.4594971130474077,0.3720294883421878
2017-06-26,0.0003157519397332109,21.89996815913711,-0.48768957630574405,-0.0017409510319483514,-0.02061532460849506,0.3720294883421878,0.08826053659820199,0.03515294554772547,0.0,0.0003157519397332109,0.0,1.0,2.292534718608248,-0.012048422733466957,0.28385661018974906,0.30599928575512825,0.4501940351649662,0.42053371749119123
2017-06-27,-0.008105586575672952,21.994365372882907,0.0943972137457969,-0.0069856886936157945,-1.611987159103535,0.42053371749119123,0.04850422914900343,-0.03975630744919856,-0.008105586575672952,0.0,0.9510565162951535,0.30901699437494745,2.4033350340342152,0.11080031542596736,0.32536544677164936,0.31998997966299325,0.509050445428368,0.3077563221719464
2017-06-28,0.008769501646550992,21.9702923838772,-0.02407298900570609,0.004924647535233826,1.595464446999841,0.3077563221719464,-0.11277739531924486,-0.16128162446824829,0.0,0.008769501646550992,0.5877852522924732,-0.8090169943749473,2.305580575350832,-0.0977544586833834,0.3229499680885641,0.3266508310870705,0.5810640157292013,0.9112970670620587
2017-06-29,-0.008637216844141982,22.076406642692312,0.10611425881511138,-0.009329380394757713,-1.335799375833587,0.9112970670620587,0.6035407448901123,0.7163181402093572,-0.008637216844141982,0.0,-0.587785252292473,-0.8090169943749475,2.43711594927187,0.1315353739210381,0.45907710936227397,0.353368174369351,0.6240930294078055,0.2860453416507574
2017-06-30,0.0015320576108743822,21.936999845628364,-0.13940679706394832,-0.002386361967416519,0.31673233737046635,0.2860453416507574,-0.6252517254113013,-1.2287924703014137,0.0,0.0015320576108743822,-0.9510565162951536,0.30901699437494723,2.414126495023534,-0.02298945424833576,0.4595323873436283,0.3522343979553276,0.547580417642366,0.2983196250739438
2017-07-03,0.0023081679791472354,21.365898367791083,-0.5711014778372814,-0.0009792951405287933,0.6121679632460933,0.2983196250739438,0.012274283423186372,0.6375260088344876,0.0,0.0023081679791472354,0.0,1.0,2.417697923893909,0.00357142887037476,0.4447904146899795,0.35193648319324994,0.508627053918456,0.37143995315612993
2017-07-05,0.0014522240362886407,21.93762946944876,0.5717311016576758,0.0007237894350859941,0.32393973288866845,0.37143995315612993,0.07312032808218616,0.06084604465899979,0.0,0.0014522240362886407,0.5877852522924732,-0.8090169943749473,2.404238719152724,-0.013459204741185005,0.4349716618229672,0.36270987292200596,0.4728313311703042,0.33393317266320505
2017-07-06,-0.009412987306865794,21.93779571900749,0.00016624955873112413,-0.0056649865549446374,-1.4290572402090018,0.33393317266320505,-0.037506780492924885,-0.11062710857511104,-0.009412987306865794,0.0,-0.587785252292473,-0.8090169943749475,2.5289235321627515,0.12468481301002754,0.4402070319212189,0.3678647075641197,0.5848571832403808,0.2520874976676414
2017-07-07,0.006382712569615201,21.798060047515694,-0.13973567149179544,0.004819449354516642,1.0737355192435871,0.2520874976676414,-0.08184567499556367,-0.04433889450263878,0.0,0.006382712569615201,-0.9510565162951536,0.30901699437494723,2.415020484824575,-0.11390304733817658,0.3083651180423355,0.36534042645445686,0.5652607067444361,0.27341871045465105
2017-07-10,0.0009273361035129213,21.825166048135085,0.027106000619390613,0.0012036102106637995,0.21870396976473017,0.27341871045465105,0.021331212787009668,0.10317688778257333,0.0,0.0009273361035129213,0.0,1.0,2.4078455727494,-0.007174912075174955,0.30583979180311427,0.3626947255979151,0.5379188699098559,0.47994539631404665
2017-07-11,-0.0007829870660822635,21.857502636909118,0.032336588774033004,-0.0007500982497400695,-0.03604860408262726,0.47994539631404665,0.2065266858593956,0.18519547307238593,-0.0007829870660822635,0.0,0.9510565162951535,0.30901699437494745,2.3878449684712924,-0.02000060427810757,0.34216494605113484,0.34367745776596614,0.47843584917473847,0.2181440673080083
2017-07-12,0.007279050947821553,21.879171715817733,0.021669078908615802,0.003074402913494474,1.0314743391972792,0.2181440673080083,-0.26180132900603836,-0.46832801486543396,0.0,0.007279050947821553,0.5877852522924732,-0.8090169943749473,2.332143913753538,-0.05570105471775433,0.3115057688815105,0.3402598601641222,0.5404903950681241,0.20848927466323008
2017-07-13,0.0018728294734726703,21.844457939035305,-0.034713776782428596,0.0011609207654968924,0.28814886633384673,0.20848927466323008,-0.009654792644778226,0.25214653636126017,0.0,0.0018728294734726703,-0.587785252292473,-0.8090169943749475,2.292534718608248,-0.039609195145290155,0.2864169892815155,0.3382539283588767,0.5006516156882298,0.4122725611864619
2017-07-14,0.004662616170009848,21.730661555910117,-0.11379638312518736,0.004119493141488984,0.6574008563753844,0.4122725611864619,0.2037832865232318,0.21343807916801003,0.0,0.004662616170009848,-0.9510565162951536,0.30901699437494723,2.252343900624789,-0.04019081798345869,0.3184540019852796,0.33779316799141385,0.4998635861772821,0.16244254181033013
2017-07-17,-5.291423670694684e-05,21.753092375890663,0.022430819980545635,-0.00014642560967383683,-0.32574508123102663,0.16244254181033013,-0.24983001937613175,-0.45361330589936355,-5.291423670694684e-05,0.0,0.0,1.0,2.2844210912894107,0.03207719066462156,0.2962587682564154,0.32668359486356713,0.4760668934676061,0.2801939406564235
2017-07-18,0.0005976786981110038,21.81320394713575,0.0601115712450877,0.0019242289024502856,-0.14935620642615444,0.2801939406564235,0.11775139884609337,0.3675814182222251,0.0,0.0005976786981110038,0.9510565162951535,0.30901699437494745,2.291524180348751,0.007103089059340206,0.2563084771248908,0.32597456534614866,0.46559198373632144,0.13631019009578635
2017-07-19,0.00535825821605318,21.842925076784557,0.0297211296488058,0.0040423817272779005,0.7612000178931956,0.13631019009578635,-0.14388375056063715,-0.2616351494067305,0.0,0.00535825821605318,0.5877852522924732,-0.8090169943749473,2.2813614526458945,-0.010162727702856422,0.2399417016824464,0.3224720204940265,0.4925746595421324,0.2573729280278288
2017-07-20,-0.00015367108860697698,21.893832829076853,0.05090775229229649,-0.0008527392531344164,-0.9182880041102588,0.2573729280278288,0.12106273793204245,0.2649464884926796,-0.00015367108860697698,0.0,-0.587785252292473,-0.8090169943749475,2.259677584018892,-0.021683868627002667,0.24971843235536614,0.32458551542003317,0.47831501991393593,0.17078954315250672
2017-07-21,-0.0003679393292088662,21.843926595457205,-0.04990623361964808,0.0020810530633108017,-0.8165343340428771,0.17078954315250672,-0.08658338487532208,-0.20764612280736452,-0.0003679393292088662,0.0,-0.9510565162951536,0.30901699437494723,2.236445253809719,-0.023232330209173035,0.20142182874857512,0.31748817387551576,0.47295355523477617,0.18657959180385814
2017-07-24,-0.0010643009954085514,21.82849617824723,-0.015430417209973513,-0.0008620593515060588,-0.9441321926081794,0.18657959180385814,0.015790048651351418,0.1023734335266735,-0.0010643009954085514,0.0,0.0,1.0,2.2438961290075907,0.007450875197871909,0.20624923874728068,0.31538904202362755,0.4668454170777224,0.1796432177437433
2017-07-25,0.002918907519897651,22.138235114893284,0.30973893664605257,-0.0003027239263706581,0.286151567556592,0.1796432177437433,-0.006936374060114825,-0.022726422711466243,0.0,0.002918907519897651,0.9510565162951535,0.30901699437494745,2.2438961290075907,0.0,0.18613909416474467,0.31043067373790173,0.4691378174659268,0.18496509312280215
2017-07-26,0.0002826240061200025,22.00359672316508,-0.13463839172820258,-0.0008632428455907942,-0.5051743327700795,0.18496509312280215,0.0053218753790588436,0.012258249439173668,0.0,0.0002826240061200025,0.5877852522924732,-0.8090169943749473,2.2617631382102195,0.017867009202628736,0.19587007477014784,0.3015228453941215,0.4571231468050434,0.6646666425327723
2017-07-27,-0.0009731616373942487,22.11845551739245,0.11485879422737,-0.0029608014852099194,-0.8966164040336382,0.6646666425327723,0.4797015494099701,0.4743796740309113,-0.0009731616373942487,0.0,-0.587785252292473,-0.8090169943749475,2.31352499907365,0.05176186086343071,0.27732881767113654,0.3131482227770539,0.4493854884124731,0.24271148149377558
2017-07-28,-0.001342015678115871,21.918051569365947,-0.20040394802650496,0.0012061720386731987,-0.8946151985791077,0.24271148149377558,-0.4219551610389967,-0.9016567104489668,-0.001342015678115871,0.0,-0.9510565162951536,0.30901699437494723,2.3311725461387693,0.017647547065119173,0.2917132053393903,0.31005084941142674,0.4453154928232569,0.22934030756260498
2017-07-31,-0.0007284108345597673,21.969127906344717,0.05107633697877034,-0.002280477709729137,-0.55898282729324,0.22934030756260498,-0.013371173931170599,0.4085839871078261,-0.0007284108345597673,0.0,0.0,1.0,2.3282528620507943,-0.0029196840879750496,0.30026534849113967,0.2775767180066908,0.4433996837339728,0.2097363114009718
2017-08-01,0.002446120774938443,21.967495356340272,-0.0016325500044445107,-0.00030281923756538345,0.8197918589696017,0.2097363114009718,-0.01960399616163319,-0.006232822230462592,0.0,0.002446120774938443,0.9510565162951535,0.30901699437494745,2.3115448494882025,-0.0167080125625918,0.30628396722258533,0.27394295466146296,0.44302287129552786,0.3910785309834768
2017-08-02,0.0004925274073475094,21.97235062092148,0.004855264581205887,-0.0011334582969242464,0.2339755035334771,0.3910785309834768,0.181342219582505,0.20094621574413818,0.0,0.0004925274073475094,0.5877852522924732,-0.8090169943749473,2.330200234051454,0.01865538456325133,0.3475066547947203,0.2783600454190598,0.4333899930136133,0.18086876872376498
2017-08-03,-0.002186041834946195,22.02138723788187,0.049036616960393076,-0.0015642560299729928,-1.3033541297910238,0.18086876872376498,-0.2102097622597118,-0.3915519818422168,-0.002186041834946195,0.0,-0.587785252292473,-0.8090169943749475,2.3456445422613212,0.015444308209867419,0.25074708003291885,0.26928522711275665,0.4438000664159773,0.22617363434475615
2017-08-04,0.0018873214175396669,21.898832994200735,-0.12255424368113665,-2.0108035349034427e-05,0.9845098122060295,0.22617363434475615,0.045304865620991175,0.255514627880703,0.0,0.0018873214175396669,-0.9510565162951536,0.30901699437494723,2.305580575350832,-0.04006396691048941,0.24743951060311495,0.2641538205261639,0.4369907941770773,0.1095001887723257
2017-08-07,0.0016458446442806363,21.800017582601598,-0.09881541159913709,0.0015207674010347236,0.6913761112569574,0.1095001887723257,-0.11667344557243045,-0.16197831119342163,0.0,0.0016458446442806363,0.0,1.0,2.2955605087897877,-0.01002006656104415,0.22347148684505908,0.25736394867400597,0.4296749352439162,0.5794339797460979
2017-08-08,-0.0024173522303856387,21.93147366120257,0.13145607860097286,-0.0013850148754487224,-1.3593653927724747,0.5794339797460979,0.4699337909737722,0.5866072365462026,-0.0024173522303856387,0.0,0.9510565162951535,0.30901699437494745,2.394252285000433,0.09869177621064518,0.2974110205140843,0.27193610435455107,0.43999822348467665,0.2777829183884799
2017-08-09,-0.00036367479271248726,21.920504014798258,-0.010969646404312527,0.0035105410500687268,-0.12273947680241291,0.2777829183884799,-0.301651061357618,-0.7715848523313902,-0.00036367479271248726,0.0,0.5877852522924732,-0.8090169943749473,2.4078455727494,0.013593287748967064,0.2747518979950849,0.26230931969142884,0.4340936923134071,0.40090146731800896
2017-08-10,-0.01458021840074153,22.01410050736078,0.09359649256252212,-0.011081758789473347,-2.6718012849914934,0.40090146731800896,0.12311854892952906,0.42476961028714705,-0.01458021840074153,0.0,-0.587785252292473,-0.8090169943749475,2.7750856595161313,0.36724008676673137,0.31875843771393375,0.2710120530252384,0.7600042563782606,0.2963066160057351
2017-08-11,0.0012747571279874137,21.874416811163798,-0.1396836961969825,0.00011471062806537657,0.5086039337965551,0.2963066160057351,-0.10459485131227386,-0.22771340024180292,0.0,0.0012747571279874137,-0.9510565162951536,0.30901699437494723,2.7414849919454967,-0.033600667570634624,0.3327850340461295,0.27519383118440527,0.4451805485382348,0.26371780319632543
2017-08-14,0.009993651246049673,21.76153346495947,-0.1128833462043275,0.004422103956768907,1.6626834376895332,0.26371780319632543,-0.03258881280940967,0.07200603850286419,0.0,0.009993651246049673,0.0,1.0,2.512035310988585,-0.22944968095691154,0.3636285569309295,0.2681197950896369,0.49883271204121843,0.182501269402325
2017-08-15,-0.0004989323268835832,21.795681299270015,0.03414783431054502,-0.0016418341510577063,-0.003921246459906585,0.182501269402325,-0.08121653379400043,-0.048627720984590755,-0.0004989323268835832,0.0,0.9510565162951535,0.30901699437494745,2.4882344367123217,-0.02380087427626343,0.2842420148621749,0.2690749725940176,0.46135479218815245,0.316712636250641
2017-08-16,0.0014190955233326363,21.80729564992778,0.011614350657765726,-0.00021057434403020696,0.29667745705402265,0.316712636250641,0.134211366848316,0.21542790064231643,0.0,0.0014190955233326363,0.5877852522924732,-0.8090169943749473,2.4630017949040526,-0.02523264180826912,0.2920279584346071,0.27081395809850417,0.38360056188731745,0.5681421401289636
2017-08-17,-0.015557342487191761,21.875403094945415,0.06810744501763466,-0.01346442207159046,-1.7847029420774143,0.5681421401289636,0.2514295038783226,0.11721813703000658,-0.015557342487191761,0.0,-0.587785252292473,-0.8090169943749475,2.7440606508911505,0.2810588559870979,0.325476092996798,0.2913773842905602,0.5158964219948283,0.5671317028743191
2017-08-18,-0.001837053661351895,21.954942326080115,0.0795392311346994,-0.0008612248456798055,0.03334354995975782,0.5671317028743191,-0.0010104372546444473,-0.252439941132967,-0.001837053661351895,0.0,-0.9510565162951536,0.30901699437494723,2.6574584310367695,-0.08660221985438099,0.3796411103705148,0.3061278021403931,0.45681680660546437,0.3788753152024349
2017-08-21,0.0011619757145657772,21.754187977001248,-0.20075434907886702,0.0011826099391662195,0.4331161645104463,0.3788753152024349,-0.18825638767188424,-0.1872459504172398,0.0,0.0011619757145657772,0.0,1.0,2.5794589349159778,-0.07799949612079171,0.4026726127717367,0.3160366484284849,0.4077770729149984,0.3805895634252897
2017-08-22,0.00989169526062561,21.74607281672252,-0.008115160278727274,0.007678716198653233,1.2682533743305686,0.3805895634252897,0.0017142482228548195,0.18997063589473906,0.0,0.00989169526062561,0.9510565162951535,0.30901699437494745,2.4292177775370787,-0.1502411573788991,0.4422902715763296,0.32527521850569596,0.4821106952748001,0.21554482794257987
2017-08-23,-0.0034595701326392003,21.751795375067953,0.00572255834543256,-0.00034357026569545573,-0.2620070086011839,0.21554482794257987,-0.16504473548270984,-0.16675898370556466,-0.0034595701326392003,0.0,0.5877852522924732,-0.8090169943749473,2.505525936990736,0.07630815945365743,0.4220567099147174,0.32698481899135484,0.46612803635168576,0.3423093394499555
2017-08-24,-0.002076616747138438,21.770472544572183,0.018677169504229596,-0.0036587563408570435,-0.2933538505492404,0.3423093394499555,0.12676451150737564,0.2918092469900855,-0.002076616747138438,0.0,-0.587785252292473,-0.8090169943749475,2.503891912269508,-0.001634024721228311,0.37689014977891583,0.3344774021497907,0.4383797608959293,0.3364287874564734
2017-08-25,0.001671471668937663,21.67621631356877,-0.0942562310034134,-0.0006833062657621175,0.22250069507691897,0.3364287874564734,-0.005880551993482086,-0.13264506350085772,0.0,0.001671471668937663,-0.9510565162951536,0.30901699437494723,2.423031222397146,-0.08086068987236184,0.3307495666953467,0.3188470280985384,0.4358466820409886,0.2810191269559664
2017-08-28,0.00048695347329630323,21.710171590949464,0.03395527738069504,-0.0012716142542940575,0.21657905431313054,0.2810191269559664,-0.055409660500506996,-0.04952910850702491,0.0,0.00048695347329630323,0.0,1.0,2.426571045816045,0.003539823418899246,0.31117832904605297,0.320671201691976,0.43202842379615986,0.4863282271672851
2017-08-29,0.0008424667620099413,21.731026657996583,0.020855067047119036,0.005887430273857481,0.25073544939975134,0.4863282271672851,0.20530910021131865,0.26071876071182565,0.0,0.0008424667620099413,0.9510565162951535,0.30901699437494745,2.4595888255015854,0.033017779685540205,0.332326061794452,0.3329087216731513,0.4288278080256367,0.37693082148901047
2017-08-30,0.0046045317880603065,21.69320349163045,-0.037823166366134586,0.004702639952340865,0.7703153290565196,0.37693082148901047,-0.1093974056782746,-0.31470650588959326,0.0,0.0046045317880603065,0.5877852522924732,-0.8090169943749473,2.417697923893909,-0.0418909016076765,0.3646032605037382,0.3408703650106769,0.43338628400485646,0.27187860934332786
2017-08-31,0.005704673584713937,21.933377758569872,0.24017426693942312,0.0036479380405856354,0.9895552663620506,0.27187860934332786,-0.10505221214568261,0.0043451935325919955,0.0,0.005704673584713937,-0.587785252292473,-0.8090169943749475,2.359910174021992,-0.057787749871916816,0.3505171144824127,0.3351941782659079,0.43915452233179136,0.1785592606652272
2017-09-01,0.0019805780423354236,21.72123977666065,-0.21213798190922262,0.0008604887919602723,-0.02601781001984814,0.1785592606652272,-0.09331934867810066,0.011732863467581955,0.0,0.0019805780423354236,-0.9510565162951536,0.30901699437494723,2.31550132955782,-0.04440884446417215,0.3189432091241634,0.33508420169169184,0.43785489793262655,0.6593996890726659
2017-09-05,-0.007579458552145368,21.976654324335467,0.2554145476748175,-0.005072856747174545,-1.7834878185330474,0.6593996890726659,0.4808404284074387,0.5741597770855393,-0.007579458552145368,0.0,0.9510565162951535,0.30901699437494745,2.503891912269508,0.18839058271168785,0.3946193215475033,0.35571401382159235,0.4451590214668635,0.29642990821230525
2017-09-06,0.0031238424931441244,21.947100090662,-0.029554233673465546,0.0006937847901201673,0.65283709913378,0.29642990821230525,-0.36296978086036064,-0.8438102092677993,0.0,0.0031238424931441244,0.5877852522924732,-0.8090169943749473,2.453587976370721,-0.0503039358987869,0.3566396577565073,0.3646154290330199,0.44470113190187177,0.22707320783279383
2017-09-07,-0.00017845204485311683,21.936925571398987,-0.010174519263014048,-0.0012000264329390332,-0.2774466635696305,0.22707320783279383,-0.06935670037951142,0.2936130804808492,-0.00017845204485311683,0.0,-0.587785252292473,-0.8090169943749475,2.4466854534816433,-0.006902522889077556,0.32666813502526404,0.3478363446561959,0.42784851353481673,0.220360364436257
2017-09-08,-0.0014899601434583687,21.919718435574737,-0.017207135824250486,-0.0003331119724855161,-0.6524170764045112,0.220360364436257,-0.006712843396536827,0.06264385698297459,-0.0014899601434583687,0.0,-0.9510565162951536,0.30901699437494723,2.4948569711988484,0.04817151771720507,0.31636448604384987,0.3451019373251376,0.42261268739757674,0.23056931190329955
2017-09-11,0.010780975197147491,21.915204521140545,-0.00451391443419169,0.005476983581353157,1.8495597005458777,0.23056931190329955,0.01020894746704254,0.016921790863579367,0.0,0.010780975197147491,0.0,1.0,2.373043513980568,-0.12181345721828052,0.3267664962914643,0.33699088230538954,0.43067483805267975,0.1419061879182225
2017-09-12,0.0033583025948829004,21.897072174749255,-0.018132346391290355,0.0018202318117256824,0.25705955449076395,0.1419061879182225,-0.08866312398507706,-0.0988720714521196,0.0,0.0033583025948829004,0.9510565162951535,0.30901699437494745,2.3589654192190053,-0.014078094761562632,0.22326779606057562,0.329638480967889,0.4298185195155563,0.13684342144397094
2017-09-13,0.0007568342480830381,21.93858502718701,0.04151285243775504,0.0017948687782225862,-0.2787813152392071,0.13684342144397094,-0.005062766474251551,0.08360035751082551,0.0,0.0007568342480830381,0.5877852522924732,-0.8090169943749473,2.3513752571634776,-0.0075901620555276494,0.19135049870690876,0.3235968437415864,0.4253775879705364,0.19891315971032633
2017-09-14,-0.001101323850828173,21.95362834985837,0.015043322671360215,0.00042485784975862317,-0.5437799727745367,0.19891315971032633,0.062069738266355395,0.06713250474060695,-0.001101323850828173,0.0,-0.587785252292473,-0.8090169943749475,2.3456445422613212,-0.005730714902156375,0.18571848908241528,0.3243783623276817,0.4229245940636616,0.16498886770820148
2017-09-15,0.0018454775461593798,22.304915199523204,0.3512868496648345,0.0018255209068489076,0.1503070085320592,0.16498886770820148,-0.03392429200212485,-0.09599403026848025,0.0,0.0018454775461593798,-0.9510565162951536,0.30901699437494723,2.3194422175623313,-0.026202324698989976,0.17464418973680415,0.3171534209685179,0.4196230894517408,0.23478505479423714
2017-09-18,0.0014548619291288034,21.887884319505833,-0.41703088001737143,0.000543349654180025,0.0774076853788055,0.23478505479423714,0.06979618708603566,0.10372047908816051,0.0,0.0014548619291288034,0.0,1.0,2.3174736679045713,-0.0019685496577599437,0.1754873383149917,0.3012792740478166,0.41635556507893634,0.13093280450688136
2017-09-19,0.0011095796167319705,21.903077087952536,0.015192768446702587,0.00014357374557621467,-0.2456385826572701,0.13093280450688136,-0.10385225028735579,-0.17364843737339145,0.0,0.0011095796167319705,0.9510565162951535,0.30901699437494745,2.320425041100351,0.0029513731957795386,0.17329266163272344,0.28050789793508146,0.40580281021322373,0.34237437328448156
2017-09-20,0.000634146702309657,21.999904359871092,0.09682727191855633,0.0005582771793477534,-0.31085692404107435,0.34237437328448156,0.2114415687776002,0.315293819064956,0.0,0.000634146702309657,0.5877852522924732,-0.8090169943749473,2.2803394567431665,-0.040085584357184345,0.2143988520008256,0.2787697578437504,0.39584069819147955,0.1631638386463998
2017-09-21,-0.003050565946915107,21.810341838133393,-0.18956252173769883,-0.002619861252283459,-1.1902287311407005,0.1631638386463998,-0.17921053463808176,-0.39065210341568196,-0.003050565946915107,0.0,-0.587785252292473,-0.8090169943749475,2.2690283173549592,-0.01131113938820727,0.20724898778804027,0.2684161519018985,0.4019808769893201,0.15235021710103552
2017-09-22,0.0006475839951667339,21.78035449646458,-0.029987341668814338,0.0019841913895698882,-0.27372576748639477,0.15235021710103552,-0.010813621545364277,0.16839691309271748,0.0,0.0006475839951667339,-0.9510565162951536,0.30901699437494723,2.260720904806493,-0.008307412548466342,0.2047212576666071,0.2654068847189678,0.3876301197106076,0.4055326623174943
2017-09-25,-0.00222452269985407,21.921581671045395,0.14122717458081624,-0.0010928556948722426,-1.3265369198987165,0.4055326623174943,0.2531824452164588,0.2639960667618231,-0.00222452269985407,0.0,0.0,1.0,2.3233676359128106,0.06264673110631769,0.23887077917125848,0.2684175191412316,0.3895981557123914,0.21314651857973424
2017-09-26,7.21641258953909e-05,21.84519418175476,-0.0763874892906351,-0.001680693435550509,0.03564324259385329,0.21314651857973424,-0.19238614373776006,-0.4455685889542188,0.0,7.21641258953909e-05,0.9510565162951535,0.30901699437494745,2.3194422175623313,-0.003925418350479326,0.2553135219858291,0.2625469349090059,0.3857779804286201,0.4376126050827373
2017-09-27,0.004076822401987812,21.971753967327327,0.1265597855725673,0.001492909009529257,1.8043739003537416,0.4376126050827373,0.22446608650300306,0.4168522302407631,0.0,0.004076822401987812,0.5877852522924732,-0.8090169943749473,2.2894998418505654,-0.029942375711765834,0.27436116834548024,0.27000376720075686,0.39403234694823563,0.14905737022023957
2017-09-28,0.001203890628937998,21.877952804592592,-0.09380116273473504,0.00265291322118931,0.31099557439543274,0.14905737022023957,-0.28855523486249773,-0.5130213213655008,0.0,0.001203890628937998,-0.587785252292473,-0.8090169943749475,2.256541174464876,-0.032958667385689644,0.27153987466024815,0.25394325020327857,0.4930798945780499,0.2230705323039716
2017-09-29,0.0036982630684985196,21.89272793889515,0.014775134302556836,0.0037381424537895193,1.3223841546531674,0.2230705323039716,0.07401316208373204,0.3625683969462298,0.0,0.0036982630684985196,-0.9510565162951536,0.30901699437494723,2.252343900624789,-0.004197273840086613,0.2856839377008354,0.24661656976589572,0.49210138810321674,0.15216424805434492
2017-10-02,0.003866518829712895,21.894623503501034,0.001895564605884914,0.003136503192433751,1.1804964453107927,0.15216424805434492,-0.0709062842496267,-0.14491944633335874,0.0,0.003866518829712895,0.0,1.0,2.2460147213220676,-0.006329179302721588,0.23501025484820554,0.24091588589499177,0.4991282283274659,0.14116681480256052
2017-10-03,0.0021565111846602036,21.846076307376226,-0.04854719612480807,0.001674257870149544,0.4274256322076752,0.14116681480256052,-0.0109974332517844,0.059908850997842295,0.0,0.0021565111846602036,0.9510565162951535,0.30901699437494745,2.252343900624789,0.006329179302721588,0.22061431409277082,0.23913529323486477,0.5016414057323624,0.2198636040132603
2017-10-04,0.0012459436611136354,21.828777603053116,-0.017298704323110314,0.0016800733520838512,0.031332535344872715,0.2198636040132603,0.07869678921069978,0.08969422246248418,0.0,0.0012459436611136354,0.5877852522924732,-0.8090169943749473,2.264883237693826,0.012539337069036982,0.1770645138788754,0.2182050034701312,0.48391030310546623,0.21318052757099162
2017-10-05,0.0056309040312934044,21.841592514050447,0.012814910997331452,0.004402172680108858,1.5484715082672533,0.21318052757099162,-0.006683076442268676,-0.08537986565296846,0.0,0.0056309040312934044,-0.587785252292473,-0.8090169943749475,2.218115890707453,-0.04676734698637297,0.1898891453490258,0.21424074724911626,0.48782905869699955,0.14908080826265802
2017-10-06,-0.00107421116523998,21.787379844551957,-0.05421266949849013,0.0007416998601690928,-1.1791997886521208,0.14908080826265802,-0.06409971930833361,-0.05741664286606493,-0.00107421116523998,0.0,-0.9510565162951536,0.30901699437494723,2.2669578758203524,0.04884198511289917,0.17509120054076308,0.21052682346006216,0.4863242712816295,0.23266197910695144
2017-10-09,-0.001806063868014185,21.634318876426402,-0.1530609681255548,-0.002613720268257248,-1.535067912937899,0.23266197910695144,0.08358117084429342,0.14768089015262703,-0.001806063868014185,0.0,0.0,1.0,2.3350522757458796,0.06809439992552724,0.1911907467512844,0.21111261463485717,0.49218591013539437,0.2871120227832893
2017-10-10,0.0023197196304787226,21.809336473857556,0.17501759743115386,0.0002548321921795872,0.0805596677240163,0.2871120227832893,0.05445004367633785,-0.029131127167955573,0.0,0.0023197196304787226,0.9510565162951535,0.30901699437494745,2.3105532550743786,-0.024499020671501004,0.22037978834743016,0.2138051246767614,0.4815041519408405,0.16781978488475885
2017-10-11,0.0018018829296631012,21.81898059883531,0.009644124977754132,0.001809636069314186,-0.045938366995583596,0.16781978488475885,-0.11929223789853044,-0.1737422815748683,0.0,0.0018018829296631012,0.5877852522924732,-0.8090169943749473,2.287471493911888,-0.02308176116249072,0.20997102452172983,0.21503910548469174,0.4834995181607998,0.18863769364239696
2017-10-12,-0.0016881771203509643,21.872976734702117,0.05399613586680729,-0.0007641159595054711,-1.3202161744992036,0.18863769364239696,0.020817908757638115,0.14011014665616855,-0.0016881771203509643,0.0,-0.587785252292473,-0.8090169943749475,2.2935443329445313,0.00607283903264344,0.2050624577360109,0.21750549939890249,0.47364973468090465,0.14144930514355866
2017-10-13,0.0008777220048461487,21.870817485320412,-0.0021592493817053082,-0.0009747791617469816,-0.1898896621905425,0.14144930514355866,-0.0471883884988383,-0.06800629725647642,0.0,0.0008777220048461487,-0.9510565162951536,0.30901699437494723,2.2628041872566276,-0.03074014568790373,0.20353615711219106,0.21476912537191353,0.4728532764670388,0.18212392641026842
2017-10-16,0.0017492225323056942,21.794174568351245,-0.07664291696916692,0.0008095988029508467,0.2806093196058103,0.18212392641026842,0.04067462126670976,0.08786300976554806,0.0,0.0017492225323056942,0.0,1.0,2.2935443329445313,0.03074014568790373,0.1934285465728544,0.21558508054820244,0.4871391702495335,0.12820822056916834
2017-10-17,0.0006723529054335486,21.788628086141426,-0.005546482209819459,0.0008561214995740616,-0.1359882147091708,0.12820822056916834,-0.05391570584110009,-0.09459032710780985,0.0,0.0006723529054335486,0.9510565162951535,0.30901699437494745,2.3331143387288384,0.03957000578430714,0.16164778613003022,0.21050999320415156,0.36153323383296987,0.11616254754471021
2017-10-18,0.0007420595113298845,21.821651433588492,0.0330233474470667,-0.0006284412905116323,-0.08169762308726738,0.11616254754471021,-0.012045673024458123,0.041870032816641964,0.0,0.0007420595113298845,0.5877852522924732,-0.8090169943749473,2.3095606764250305,-0.023553662303807954,0.15131633866202052,0.2098066476345244,0.35376637604890926,0.3389626130575994
2017-10-19,0.00032794411501058107,21.828363715634655,0.006712282046162699,0.0034054268554487297,-0.04391483852373632,0.3389626130575994,0.22280006551288917,0.2348457385373473,0.0,0.00032794411501058107,-0.587785252292473,-0.8090169943749475,2.307572653483678,-0.001988022941352696,0.18138132254506098,0.20964418286181566,0.3452064015137827,0.11296179041053726
2017-10-20,0.005103796185029985,21.945407582182266,0.11704386654761123,0.002975014615451747,2.0604579288368154,0.11296179041053726,-0.22600082264706212,-0.4488008881599513,0.0,0.005103796185029985,-0.9510565162951536,0.30901699437494723,2.299580610756977,-0.007992042726700621,0.17568381959845675,0.20725360913629842,0.3508633948928718,0.21708813141021124
2017-10-23,-0.003980395312996876,21.890928329102405,-0.05447925307986168,-0.005094292439883694,-1.9851533674406578,0.21708813141021124,0.10412634099967398,0.3301271636467361,-0.003980395312996876,0.0,0.0,1.0,2.404238719152724,0.10465810839574674,0.18267666059844528,0.21033636696054486,0.359209297879387,0.18131066915873445
2017-10-24,0.0016166008745583937,21.957474884193303,0.06654655509089835,0.00018294664561799385,0.3781897745277653,0.18131066915873445,-0.035777462251476794,-0.13990380325115076,0.0,0.0016166008745583937,0.9510565162951535,0.30901699437494745,2.412335943280415,0.008097224127690872,0.19329715031635852,0.19965912919108011,0.3532883540827791,0.6062064629483169
2017-10-25,-0.004673955687260367,22.080509791827108,0.12303490763380509,-0.003657584417588035,-1.6551034669237332,0.6062064629483169,0.4248957937895825,0.46067325604105924,-0.004673955687260367,0.0,0.5877852522924732,-0.8090169943749473,2.41858872798778,0.006252784707365233,0.29130593339707983,0.2183762693991079,0.36386405636657987,0.20038851071716057
2017-10-26,0.0012701392506020426,22.082124765137188,0.0016149733100796482,0.00012491962487344363,0.31909167919568826,0.20038851071716057,-0.40581795223115635,-0.8307137460207388,0.0,0.0012701392506020426,-0.587785252292473,-0.8090169943749475,2.4248027425974863,0.006214014609706275,0.2635911129289921,0.20707988395312804,0.3602021042453454,0.3885926910487051
2017-10-27,0.008040609979727442,22.083241890005095,0.0011171248679069379,0.004197003219718864,1.8660864103757933,0.3885926910487051,0.1882041803315445,0.5940221325627009,0.0,0.008040609979727442,-0.9510565162951536,0.30901699437494723,2.282382405139267,-0.14242033745821914,0.31871729305662566,0.21848632780210256,0.3872446516355306,0.3010216245157285
2017-10-30,-0.003197577376741201,22.0207918241885,-0.06245006581659496,-0.0019104346682322195,-0.9593515262986642,0.3010216245157285,-0.08757106653297658,-0.2757752468645211,-0.003197577376741201,0.0,0.0,1.0,2.3513752571634776,0.06899285202421046,0.3355039916777291,0.222198284574091,0.39871051055687234,0.16767388515789666
2017-10-31,0.0009440129366797834,22.06988858353227,0.04909675934376878,-0.00028341877161320043,0.08216127744861931,0.16767388515789666,-0.13334773935783184,-0.04577667282485526,0.0,0.0009440129366797834,0.9510565162951535,0.30901699437494745,2.320425041100351,-0.030950216063126756,0.33277663487756154,0.22293683872187917,0.38844873199904767,0.35738628119171684
2017-11-01,0.0015908441079037772,22.069050654988427,-0.0008379285438415707,-0.00149144870802268,0.223680309898035,0.35738628119171684,0.18971239603382017,0.323060135391652,0.0,0.0015908441079037772,0.5877852522924732,-0.8090169943749473,2.3223877015907286,0.0019626604903777434,0.2830125985262415,0.23323300378802947,0.38495362635366137,0.4103746418510497
2017-11-02,0.00018994776966696492,22.12201728561554,0.0529666306271146,0.000151236004451374,-0.12619968183278388,0.4103746418510497,0.05298836065933288,-0.1367240353744873,0.0,0.00018994776966696492,-0.587785252292473,-0.8090169943749475,2.2955605087897877,-0.026827192800940924,0.3250098247530193,0.24230495797078136,0.37999371580697844,0.2855664406042561
2017-11-03,0.0030922893263145568,21.99547002317969,-0.12654726243585301,0.0022864300742247022,0.691807620834523,0.2855664406042561,-0.1248082012467936,-0.17779656190612647,0.0,0.0030922893263145568,-0.9510565162951536,0.30901699437494723,2.2126604230287223,-0.08290008576106533,0.30440457466412957,0.24575190621046064,0.45235219136722243,0.19162746887548324
2017-11-06,0.0012704438847759292,21.987948906762433,-0.007521116417255058,0.001413475774244137,0.07487611462079705,0.19162746887548324,-0.09393897172877289,0.030869229518020708,0.0,0.0012704438847759292,0.0,1.0,2.2407096486940716,0.028049225665349287,0.2825257435360805,0.24777793766821418,0.44748790912704334,0.3440135709429765
2017-11-07,-0.00018912080508215467,22.062256304112395,0.07430739734996195,-0.0005673493350775991,-0.2979787046478979,0.3440135709429765,0.15238610206749328,0.24632507379626617,-0.00018912080508215467,0.0,0.9510565162951535,0.30901699437494745,2.291524180348751,0.05081453165467931,0.31779368069309644,0.2530803944223107,0.4542586223341555,0.2507773433678988
2017-11-08,0.0014426139320606879,22.08384487544251,0.021588571330113382,0.0021878548540020717,-0.0009898121294493985,0.2507773433678988,-0.09323622757507771,-0.245622329642571,0.0,0.0014426139320606879,0.5877852522924732,-0.8090169943749473,2.2803394567431665,-0.011184723605584423,0.29647189312833283,0.2513501715930063,0.4482014203385294,0.5533729740421295
2017-11-09,-0.003768981339369759,22.06980534254438,-0.01403953289812776,0.00023995464027754036,-1.4350702824435237,0.5533729740421295,0.3025956306742307,0.3958318582493084,-0.003768981339369759,0.0,-0.587785252292473,-0.8090169943749475,2.3513752571634776,0.0710358004203111,0.3250715595665488,0.26970984726716685,0.455486273524806,0.22001800521833148
2017-11-10,-0.000898046976053557,21.97309307210481,-0.09671227043957131,0.0008213561368610989,-0.4379531638566357,0.22001800521833148,-0.333354968823798,-0.6359505994980287,-0.000898046976053557,0.0,-0.9510565162951536,0.30901699437494723,2.423917374782742,0.07254211761926443,0.31196187248936386,0.2712041478184018,0.4390242970022544,0.3005349437147562
2017-11-13,0.0009831509112929737,21.948569512267845,-0.024523559836964637,0.0032201007041494736,0.28079967951195955,0.3005349437147562,0.08051693849642472,0.4138719073202227,0.0,0.0009831509112929737,0.0,1.0,2.4423470353692043,0.018429660586462226,0.33374336745721844,0.2787796544170303,0.44482025948750487,0.3589789191731987
2017-11-14,-0.0023122805602824315,22.01623255201758,0.06766303974973553,0.00043443851967450475,-1.2096837894177326,0.3589789191731987,0.05844397545844249,-0.02207296303798223,-0.0023122805602824315,0.0,0.9510565162951535,0.30901699437494745,2.4501426705171383,0.007795635147934021,0.3367364371032629,0.28720132073907456,0.44176644534171683,0.4078102184591527
2017-11-15,-0.0055409987421235485,22.000467727597613,-0.015764824419967738,-0.0018814840252899636,-1.8916670553453596,0.4078102184591527,0.04883129928595403,-0.009612676172488455,-0.0055409987421235485,0.0,0.5877852522924732,-0.8090169943749473,2.5748996970306925,0.12475702651355425,0.3681430121215137,0.30051570159097857,0.46963275049493886,0.35625038958735555
2017-11-16,0.008162652782972124,21.926157056870757,-0.07431067072685593,0.0049199364121194685,2.077222631475811,0.35625038958735555,-0.051559828871797164,-0.1003911281577512,0.0,0.008162652782972124,-0.587785252292473,-0.8090169943749475,2.4647039619332216,-0.11019573509747094,0.32871849523055896,0.3119484559739617,0.49643000371036755,0.1430832647003251
2017-11-17,-0.002629416978897403,21.92015360185125,-0.006003455019506276,-0.0015846613577465039,-0.6047393312217483,0.1430832647003251,-0.21316712488703046,-0.1616072960152333,-0.002629416978897403,0.0,-0.9510565162951536,0.30901699437494723,2.4362415045062624,-0.028462457426959187,0.31333154712695765,0.30262086795694865,0.49557288106423386,0.16327776632881713
2017-11-20,0.001274869888790775,21.82982645412771,-0.09032714772354211,0.0010267696974477242,0.4300349316604261,0.16327776632881713,0.02019450162849204,0.2333616265155225,0.0,0.001274869888790775,0.0,1.0,2.36555985633668,-0.07068164816958245,0.28588011164976984,0.30501686681020007,0.4766903236962737,0.2268316874267316
2017-11-21,0.006519838879752271,21.932593279872616,0.10276682574490792,0.003800978908206808,1.422658028322641,0.2268316874267316,0.06355392109791447,0.04335941946942243,0.0,0.006519838879752271,0.9510565162951535,0.30901699437494745,2.2752138491512865,-0.09034600718539343,0.2594506653004764,0.3054808456681296,0.4774504077116687,0.13484436455008175
2017-11-22,-0.0007505427033294154,21.7399845398168,-0.1926087400558174,-0.0012429241598598472,-0.19653503504323902,0.13484436455008175,-0.09198732287664985,-0.1555412439745643,-0.0007505427033294154,0.0,0.5877852522924732,-0.8090169943749473,2.290512523342865,0.015298674191578598,0.20485749451866217,0.30326816449628896,0.46552961005279875,0.09122714407422705
2017-11-24,0.0020539842782323348,21.04960837020674,-0.6903761696100581,0.0007688109411687977,0.3289552187255946,0.09122714407422705,-0.0436172204758547,0.048370102400795145,0.0,0.0020539842782323348,-0.9510565162951536,0.30901699437494723,2.2690283173549592,-0.021484205987905902,0.15185284541603652,0.27874533978799904,0.4688682599088167,0.20269497821036653
2017-11-27,-0.00038433158680373225,21.82776741664613,0.7781590464393879,-0.00047654544026928716,-0.27108730965154193,0.20269497821036653,0.11146783413613948,0.15508505461199418,-0.00038433158680373225,0.0,0.0,1.0,2.2894998418505654,0.020471524495606186,0.16377518811804478,0.27885517157338974,0.45286330562680965,0.3321647594629469
2017-11-28,0.009800332196793882,21.97412413585258,0.14635671920645166,0.008064319789315603,1.623686307604412,0.3321647594629469,0.12946978125258035,0.018001947116440875,0.0,0.009800332196793882,0.9510565162951535,0.30901699437494745,2.305580575350832,0.016080733500266398,0.19755258674487075,0.2761681272121632,0.5133259489686609,0.389892820849535
2017-11-29,-0.00036929388279105524,22.13196482961336,0.1578406937607788,-0.0006661730714498386,-0.44498983310170676,0.389892820849535,0.05772806138658815,-0.0717417198659922,-0.00036929388279105524,0.0,0.5877852522924732,-0.8090169943749473,2.3702437236421723,0.06466314829134046,0.23016481342943146,0.28040008894234447,0.49664809678471017,0.5492794395936179
2017-11-30,0.008157586662811411,22.325820111615567,0.19385528200220747,0.0051690432669142744,1.1001156184342595,0.5492794395936179,0.1593866187440829,0.10165855735749474,0.0,0.008157586662811411,-0.587785252292473,-0.8090169943749475,2.423031222397146,0.05278749875497368,0.31305182843813867,0.2985717820107121,0.49944794488553995,1.2115993898301056
2017-12-01,-0.0020265829358052656,22.09721683143816,-0.22860328017740628,-0.0010894469034426692,-0.9478938239236633,1.2115993898301056,0.6623199502364877,0.5029333314924048,-0.0020265829358052656,0.0,-0.9510565162951536,0.30901699437494723,2.4362415045062624,0.013210282109116456,0.5371262775893143,0.33924859670777824,0.48830274477453484,0.559419290336298
2017-12-04,-0.001052710549286573,22.1159994219436,0.01878259050543818,-0.006702400145013702,-0.792871555832686,0.559419290336298,-0.6521800994938076,-1.3145000497302952,-0.001052710549286573,0.0,0.0,1.0,2.457878003528144,0.021636499021881583,0.6084711400145006,0.3463459609213615,0.4684066653655149,0.5084189327695535
2017-12-05,-0.0037463905259551566,21.989528699291455,-0.12647072265214376,-0.003875230730751755,-1.1919658368455535,0.5084189327695535,-0.05100035756674448,0.6011797419270631,-0.0037463905259551566,0.0,0.9510565162951535,0.30901699437494745,2.427454068306116,-0.03042393522202813,0.6437219746758219,0.35695798435780424,0.4764841042079086,0.24967790283463667
2017-12-06,-0.0001141121705305892,21.902868077126307,-0.08666062216514803,0.0011530868086918852,-0.2894234362608134,0.24967790283463667,-0.2587410299349169,-0.2077406723681724,-0.0001141121705305892,0.0,0.5877852522924732,-0.8090169943749473,2.399711845264121,-0.02774222304199503,0.6156789910728423,0.35972229073681156,0.45967895234645356,0.330895876435448
2017-12-07,0.002928067010109281,21.916296999535867,0.013428922409559618,0.00326667332425667,0.3213198082811249,0.330895876435448,0.08121797360081132,0.33995900353572817,0.0,0.002928067010109281,-0.587785252292473,-0.8090169943749475,2.3184584271318425,-0.08125341813227838,0.5720022784412083,0.3590976386174054,0.46747441250523203,0.158876267095357
2017-12-08,0.005491202035518228,21.863259963713112,-0.05303703582275432,0.001997104733837934,0.7970030050974304,0.158876267095357,-0.172019609340091,-0.2532375829409023,0.0,0.005491202035518228,-0.9510565162951536,0.30901699437494723,2.259677584018892,-0.05878084311295062,0.3614576538942586,0.3547213968901415,0.4637141939913244,0.14943492692022095
2017-12-11,0.0031968421216959086,21.867959863719847,0.004699900006734481,0.002936668009798676,0.21615735270407965,0.14943492692022095,-0.009441340175136037,0.16257826916495496,0.0,0.0031968421216959086,0.0,1.0,2.2343062685777846,-0.025371315441107267,0.2794607812110432,0.3354862517890983,0.4592079826197892,0.2578459791302395
2017-12-12,0.0015477237220897777,21.995526064269015,0.12756620054916823,0.0008938034459542538,0.040516115929059314,0.2578459791302395,0.10841105221001854,0.11785239238515458,0.0,0.0015477237220897777,0.9510565162951535,0.30901699437494745,2.294552928987703,0.06024666040991855,0.2293461904831804,0.33728758388014146,0.4546153322538867,0.21232665618715132
2017-12-13,-0.00047306897015086946,21.995371943715657,-0.00015412055335772834,-0.001778461559921491,-0.5146968008871641,0.21232665618715132,-0.045519322943088164,-0.1539303751531067,-0.00047306897015086946,0.0,0.5877852522924732,-0.8090169943749473,2.320425041100351,0.025872112112647727,0.2218759411536833,0.3330871892359698,0.46080819023391156,0.27883670430404867
2017-12-14,-0.004079167730762556,21.959539312512465,-0.03583263120319202,-0.005212655597578998,-1.3642819896091656,0.27883670430404867,0.06651004811689734,0.1120293710599855,-0.004079167730762556,0.0,-0.587785252292473,-0.8090169943749475,2.3504224005891556,0.029997359488804776,0.2114641067274034,0.3292708932898198,0.4722420978906305,0.4117850707490557
2017-12-15,0.008934313410143169,22.470186574975777,0.510647262463312,0.005689267336876176,1.8966359502697474,0.4117850707490557,0.13294836644500702,0.06643831832810967,0.0,0.008934313410143169,-0.9510565162951536,0.30901699437494723,2.2428350966874167,-0.10758730390173898,0.2620458674581432,0.3294601719702914,0.5079411315322442,0.2167113343752652
2017-12-18,0.005348478579596971,22.03907603685581,-0.4311105381199667,0.0015773542225619211,0.8316167586033724,0.2167113343752652,-0.19507373637379047,-0.3280221028187975,0.0,0.005348478579596971,0.0,1.0,2.254444689646298,0.011609592958881532,0.275501148949152,0.32281545505542997,0.5014949455330132,0.24966304858691557
2017-12-19,-0.003235498043117957,21.949297545084747,-0.08977849177106378,-0.004182966244665703,-1.275900763878927,0.24966304858691557,0.03295171421165036,0.22802545058544083,-0.003235498043117957,0.0,0.9510565162951535,0.30901699437494745,2.305580575350832,0.051135885704533646,0.2738645628404872,0.3278906828595533,0.49199798120166144,0.33372151494024194
2017-12-20,-0.0008282360735725192,21.900760160275354,-0.04853738480939285,-0.0033274546640277586,-0.6590344714652127,0.33372151494024194,0.08405846635332637,0.05110675214167601,-0.0008282360735725192,0.0,0.5877852522924732,-0.8090169943749473,2.274185645944447,-0.031394929406384886,0.2981435345911054,0.33600705184104973,0.48026324707322005,0.26702012251113333
2017-12-21,0.001983687012658386,21.915104317545005,0.014344157269650992,0.0005775585861930552,0.04759628354251554,0.26702012251113333,-0.06670139242910861,-0.15075985878243497,0.0,0.001983687012658386,-0.587785252292473,-0.8090169943749475,2.2638442527814697,-0.01034139316297722,0.2957802182325223,0.3379207868450689,0.46180738784773245,0.18928521695947126
2017-12-22,-0.00045827163811384963,21.59916364931779,-0.31594066822721345,-0.0003278520634241258,-0.4204143811230565,0.18928521695947126,-0.07773490555166207,-0.011033513122553462,-0.00045827163811384963,0.0,-0.9510565162951536,0.30901699437494723,2.292534718608248,0.028690465826778144,0.2512802474746054,0.3405132083883731,0.44702525629976037,0.12178906327034889
2017-12-26,-0.0010589757000589728,21.40163434947599,-0.19752929984180057,0.0005261268562622155,-0.4662411373504968,0.12178906327034889,-0.06749615368912237,0.010238751862539697,-0.0010589757000589728,0.0,0.9510565162951535,0.30901699437494745,2.327277705584417,0.03474298697616929,0.23229579325362218,0.34196853787390274,0.46181799266539897,0.1770075737625404
2017-12-27,0.0007906283102423473,21.513040511543895,0.11140616206790455,0.0001938664131784763,0.025129673572823502,0.1770075737625404,0.05521851049219151,0.12271466418131388,0.0,0.0007906283102423473,0.5877852522924732,-0.8090169943749473,2.3485140503866293,0.021236344802212148,0.21776469828874712,0.340745328138292,0.45807841121321985,0.1265682418943323
2017-12-28,0.0018323190029194691,21.500243925955264,-0.012796585588631615,0.0005359277525398812,0.23312344682568878,0.1265682418943323,-0.05043933186820809,-0.1056578423603996,0.0,0.0018323190029194691,-0.587785252292473,-0.8090169943749475,2.320425041100351,-0.028089009286278444,0.1763340436795652,0.3309550177778817,0.46766659705896546,0.32902954604187334
2017-12-29,-0.005196632292747694,21.618439157983182,0.1181952320279187,-0.005795462929032585,-1.475269102165524,0.32902954604187334,0.20246130414754104,0.25290063601574914,-0.005196632292747694,0.0,-0.9510565162951536,0.30901699437494723,2.4015250373936077,0.08109999629325682,0.1887359283857132,0.3280567665965646,0.49357756500612304,0.22057613333231613
2018-01-02,0.008269078218397397,21.94628510068682,0.327845942703636,0.004491126877798392,1.915693114552358,0.22057613333231613,-0.10845341270955722,-0.31091471685709826,0.0,0.008269078218397397,0.9510565162951535,0.30901699437494745,2.2793165129086996,-0.12220852448490804,0.19499411166028216,0.3124042282031692,0.5300931038449456,0.2570224662391114
2018-01-03,0.006378433243936499,21.98853033494687,0.04224523426005078,0.005621975068714537,1.3579981550059124,0.2570224662391114,0.036446332906795276,0.1448997456163525,0.0,0.006378433243936499,0.5877852522924732,-0.8090169943749473,2.2137538375967485,-0.06556267531195115,0.22204079225403467,0.26694818422264566,0.5147623669291976,0.24279630834402952
2018-01-04,0.004020542855326603,22.030879479402007,0.04234914445513738,0.0017195204202451362,0.6263084611073358,0.24279630834402952,-0.014226157895081887,-0.05067249080187716,0.0,0.004020542855326603,-0.587785252292473,-0.8090169943749475,2.221375066530412,0.00762122893366346,0.23519853917033248,0.251870899365871,0.48395677927787056,0.2985006842466964
2018-01-05,0.007009145888585699,21.89861692014212,-0.1322625592598854,0.004318160858184181,1.1208117151315722,0.2985006842466964,0.055704375902666886,0.06993053379774877,0.0,0.007009145888585699,-0.9510565162951536,0.30901699437494723,2.221375066530412,0.0,0.2695850276408053,0.24187479229335396,0.5154125547740718,0.2570472243978649
2018-01-08,0.0016609637672972966,21.9007385965677,0.00212167642557759,0.0018359532803887775,-0.15974283607873246,0.2570472243978649,-0.041453459848831475,-0.09715783575149836,0.0,0.0016609637672972966,0.0,1.0,2.2533948968876922,0.03201983035728029,0.2551885633120036,0.2422257123677934,0.47276710552070605,0.289651257132632
2018-01-09,0.0013020835172978806,21.966688174686585,0.06594957811888591,5.093621021674358e-05,-0.29521258769084185,0.289651257132632,0.032604032734767086,0.07405749258359856,0.0,0.0013020835172978806,0.9510565162951535,0.30901699437494745,2.3105532550743786,0.05715835818668635,0.2690035880720668,0.24026168287718314,0.4611716221345848,0.37504723514823946
2018-01-10,-0.0011128458115203799,21.99860070428733,0.03191252960074564,0.0009756240107563011,-0.8874864068339594,0.37504723514823946,0.08539597801560744,0.05279194528084036,-0.0011128458115203799,0.0,0.5877852522924732,-0.8090169943749473,2.2844210912894107,-0.026132163784967855,0.2926085418538924,0.25055553849874895,0.46317449901170615,0.18825372387395495
2018-01-11,0.007009025768881294,22.01681148517779,0.018210780890459688,0.005285768497943924,0.9162739672329463,0.18825372387395495,-0.1867935112742845,-0.27218948928989195,0.0,0.007009025768881294,-0.587785252292473,-0.8090169943749475,2.290512523342865,0.006091432053454415,0.2817000249598775,0.2524040526394029,0.500435160251531,0.29265774066347783
2018-01-12,0.006726926399094779,22.000643366484464,-0.016168118693325795,0.005780737792567433,0.7151045191289364,0.29265774066347783,0.10440401678952288,0.2911975280638074,0.0,0.006726926399094779,-0.9510565162951536,0.30901699437494723,2.3184584271318425,0.027945903788977322,0.2805314362432338,0.2540617555695572,0.5109791048114005,0.8490059776284602
2018-01-16,-0.0035307132616031467,22.196398226927847,0.1957548604433832,-0.008085605765412198,-1.8227296016558099,0.8490059776284602,0.5563482369649824,0.4519442201754595,-0.0035307132616031467,0.0,0.9510565162951535,0.30901699437494745,2.4561641678359063,0.13770574070406383,0.39892318688935285,0.2843798184953338,0.4849318685737908,0.6114050051436742
2018-01-17,0.009371006206502663,22.055721562043427,-0.14067666488442043,0.006289026896058407,1.3201108674061677,0.6114050051436742,-0.23760097248478595,-0.7939492094497683,0.0,0.009371006206502663,0.5877852522924732,-0.8090169943749473,2.477378370555463,0.021214202719556763,0.46327393649156134,0.30021640424960166,0.5585432186997507,0.32087694117054716
2018-01-18,-0.0016176974974735359,22.03249015125927,-0.023231410784156026,-0.0015605494531844137,-1.0718553319795714,0.32087694117054716,-0.2905280639731271,-0.05292709148834113,-0.0016176974974735359,0.0,-0.587785252292473,-0.8090169943749475,2.5030739755952336,0.02569560503977053,0.45243987769602284,0.2958874456982441,0.49056666532201754,0.25756080484054555
2018-01-19,0.004375647986989861,22.0381259562693,0.005635805010030026,0.0027436639887263078,0.28576743032095375,0.25756080484054555,-0.0633161363300016,0.22721192764312548,0.0,0.004375647986989861,-0.9510565162951536,0.30901699437494723,2.4221443686695787,-0.08092960692565487,0.46630129388934094,0.2978326585775432,0.4747274774378024,0.33882331141672367
2018-01-22,0.00803436438221361,21.973018565211476,-0.06510739105782548,0.008440145984829875,1.0676515661431203,0.33882331141672367,0.08126250657617812,0.14457864290617972,0.0,0.00803436438221361,0.0,1.0,2.40061880905609,-0.021525559613488898,0.4755344080399901,0.30207838537896264,0.5199154686607279,0.27633300081754697
2018-01-23,0.0021720049682221187,21.987714546431008,0.014695981219531973,0.0014380350065027734,-0.24516522194840054,0.27633300081754697,-0.0624903105991767,-0.14375281717535482,0.0,0.0021720049682221187,0.9510565162951535,0.30901699437494745,2.40694514268493,0.006326333628840164,0.36099981267780745,0.2993455989921676,0.49386364561604473,0.6799020317690487
2018-01-24,-0.0005601325472319729,22.12918388803062,0.14146934159961333,-0.0027731632517699976,-0.7896513708273699,0.6799020317690487,0.40356903095150176,0.46605934155067846,-0.0005601325472319729,0.0,0.5877852522924732,-0.8090169943749473,2.4397349544219074,0.03278981173697737,0.3746992180028824,0.3190066422901636,0.46867857047016576,0.4112710429114449
2018-01-25,0.0006024393988326437,22.07732105718184,-0.05186283084877985,-0.002458888774142294,-0.593529610616246,0.4112710429114449,-0.26863098885760384,-0.6722000198091056,0.0,0.0006024393988326437,-0.587785252292473,-0.8090169943749475,2.4492794655564256,0.009544511134518263,0.3927780383510619,0.3295773959069242,0.4534739113807906,0.3621972085718118
2018-01-26,0.011771638106083948,21.96876822567982,-0.10855283150202055,0.008877185145308634,1.5683649243251538,0.3621972085718118,-0.04907383433963308,0.21955715451797075,0.0,0.011771638106083948,-0.9510565162951536,0.30901699437494723,2.4051416744334024,-0.044137791123023185,0.41370531909731517,0.34102540282604155,0.6131697250925014,0.3676407853271893
2018-01-29,-0.006754736284862339,22.000699118410694,0.03193089273087324,-0.004789565490650633,-1.5348359604145725,0.3676407853271893,0.005443576755377488,0.05451741109501057,-0.006754736284862339,0.0,0.0,1.0,2.62756296121466,0.2224212867812576,0.4194688138794083,0.3501031748053105,0.6157529198848746,0.43114047727656785
2018-01-30,-0.010958642805337426,22.112573154800167,0.11187403638947302,-0.0036462458808340977,-1.7689093312454038,0.43114047727656785,0.06349969194937854,0.05805611519400106,-0.010958642805337426,0.0,0.9510565162951535,0.30901699437494745,2.6939512741434677,0.06638831292880765,0.4504303091712124,0.364606614585417,0.7423484749952531,0.6282184236625452
2018-01-31,0.0004888658586947869,22.176346971474032,0.06377381667386572,-0.003040850669496096,-0.04045811514316635,0.6282184236625452,0.19707794638597737,0.13357825443659882,0.0,0.0004888658586947869,0.5877852522924732,-0.8090169943749473,2.605648264666775,-0.08830300947669256,0.44009358754991174,0.37885370399592516,0.5462875716353449,0.5694425173899669
2018-02-01,-0.000648298352023069,22.103889148267935,-0.07245782320609706,0.0019615499836188924,-0.22890758666264177,0.5694425173899669,-0.05877590627257834,-0.2558538526585557,-0.000648298352023069,0.0,-0.587785252292473,-0.8090169943749475,2.6004650102462374,-0.005183254420537686,0.47172788244561625,0.3954663889510514,0.5043193499337585,0.6747678764986099
2018-02-02,-0.021436680516699447,22.19119087524861,0.08730172698067307,-0.016797961221809946,-2.0844254258241826,0.6747678764986099,0.10532535910864305,0.16410126538122138,-0.021436680516699447,0.0,-0.9510565162951536,0.30901699437494723,2.8512843383355686,0.25081932808933116,0.5342420160309758,0.415359027534837,1.1828069761947302,2.497556273852434
2018-02-05,-0.041842540938381134,22.3930158519679,0.20182497671929056,-0.03418519042151969,-2.3163902378553782,2.497556273852434,1.8227883973538241,1.7174630382451812,-0.041842540938381134,0.0,0.0,1.0,3.619529367801871,0.7682450294663026,0.9602251137360248,0.5227285497019039,2.9701928145767784,2.1866323036726745
2018-02-06,0.017290573348937244,22.50115455065767,0.10813869868977122,0.03027013604305746,1.3379899571029412,2.1866323036726745,-0.3109239701797595,-2.1337123675335836,0.0,0.017290573348937244,0.9510565162951535,0.30901699437494745,3.400530477405483,-0.2189988903963882,1.3113234790152462,0.6126395791983791,1.9263315109964114,1.1923929842288512
2018-02-07,-0.005014138223752518,22.25933704109975,-0.2418175095579187,-0.0034582999911971415,0.038005288956868215,1.1923929842288512,-0.9942393194438233,-0.6833153492640638,-0.005014138223752518,0.0,0.5877852522924732,-0.8090169943749473,3.3225148431198006,-0.07801563428568237,1.4241583911285072,0.657179853476045,0.8816829886676968,1.3713972977351032
2018-02-08,-0.038259052245801506,22.39733726619335,0.13800022509359877,-0.03950753524929223,-1.4791381047663166,1.3713972977351032,0.179004313506252,1.1732436329500753,-0.038259052245801506,0.0,-0.587785252292473,-0.8090169943749475,3.5103506681968324,0.18783582507703178,1.5845493471975345,0.7086915696952104,2.9248148117376562,2.867605443368709
2018-02-09,0.014825645199524118,22.46199541723522,0.06465815104186845,0.006806728505837707,1.2143040391247708,2.867605443368709,1.4962081456336058,1.3172038321273538,0.0,0.014825645199524118,-0.9510565162951536,0.30901699437494723,3.36936263976438,-0.1409880284324525,2.0231168605715544,0.8273848177057088,2.394389307334904,1.2611366701902997
2018-02-12,0.013818665678186015,22.126717172088537,-0.33527824514668225,0.007274133439600752,0.9938749303036492,1.2611366701902997,-1.6064687731784093,-3.102676918812015,0.0,0.013818665678186015,0.0,1.0,3.242982924043982,-0.12637971572039808,1.7758329398391275,0.878474481816011,2.0333782099090554,0.7511820812576875
2018-02-13,0.0026095219802773073,21.97703972314939,-0.1496774489391477,0.006279644910512907,0.3958486020563984,0.7511820812576875,-0.5099545889326123,1.096514184245797,0.0,0.0026095219802773073,0.9510565162951535,0.30901699437494745,3.2176750767928626,-0.02530784725111923,1.4887428953561301,0.9003089742252592,1.495346064046259,0.8747641265505451
2018-02-14,0.013313439808896987,22.112540752048933,0.13550102889954374,0.017728068577266838,0.8083128464338251,0.8747641265505451,0.12358204529285766,0.6335366342254699,0.0,0.013313439808896987,0.5877852522924732,-0.8090169943749473,2.9580304182537716,-0.259644658539091,1.425217123820469,0.9015355527453585,1.5141881338634613,1.009319011087515
2018-02-15,0.011996861776776058,22.030554869066897,-0.08198588298203546,0.006516496272561343,0.6730903670209577,1.009319011087515,0.13455488453696984,0.010972839244112187,0.0,0.011996861776776058,-0.587785252292473,-0.8090169943749475,2.951257739582145,-0.006772678671626675,1.3528014664909513,0.9204838387426841,1.4233487768041369,0.7475694429687506
2018-02-16,0.00037339964992089136,22.01714881296889,-0.013406056098006047,0.0018610532071400509,0.06716183453567408,0.7475694429687506,-0.2617495681187644,-0.3963044526557342,0.0,0.00037339964992089136,-0.9510565162951536,0.30901699437494723,2.968361029711232,0.017103290129087068,0.9287942664109596,0.9408025293045035,1.1277763163275172,0.78620027097282
2018-02-20,-0.005858517106837269,22.01714881296889,0.0,-0.002474599955171666,-0.502282684638094,0.78620027097282,0.03863082800406936,0.30038039612283374,-0.005858517106837269,0.0,0.9510565162951535,0.30901699437494745,3.025291094313483,0.05693006460225103,0.8338069865674637,0.9659758372155639,1.0345723877410444,1.1226062857753123
2018-02-21,-0.005511664483310419,22.055378526066235,0.03822971309734413,-0.00708245179661448,-0.3597597348384583,1.1226062857753123,0.3364060148024923,0.29777518679842296,-0.005511664483310419,0.0,0.5877852522924732,-0.8090169943749473,2.9967317967523925,-0.028559297561090435,0.9080918274709886,1.0032988359945445,0.9544929264545159,0.8596962101963463
2018-02-22,0.0009730774855780666,22.037156158279558,-0.018222367786677296,-0.002386224883590075,0.009143614723212833,0.8596962101963463,-0.26291007557896595,-0.5993160903814583,0.0,0.0009730774855780666,-0.587785252292473,-0.8090169943749475,2.9295924343696638,-0.06713936238272877,0.9050782442001488,1.0310780364411538,0.7759858864113568,0.5121710005583371
2018-02-23,0.015901278245120665,21.886529140736908,-0.15062701754265007,0.011532041708773977,1.1213721826938208,0.5121710005583371,-0.34752520963800926,-0.0846151340590433,0.0,0.015901278245120665,-0.9510565162951536,0.30901699437494723,2.8027541226914687,-0.12683831167819504,0.8056486420943132,1.0230908444787392,1.1314856872214236,0.47118853811583816
2018-02-26,0.011688438620627295,21.95774553791091,0.07121639717400186,0.00802969820961296,0.6923489574305633,0.47118853811583816,-0.040982462442498924,0.30654274719551033,0.0,0.011688438620627295,0.0,1.0,2.7600099521047476,-0.042744170586721086,0.7503724611237308,1.025944058536091,1.1291447712938252,0.8101676442750736
2018-02-27,-0.01278831144146686,22.045573524899293,0.08782798698838334,-0.013094011395525528,-1.6622988357071307,0.8101676442750736,0.33897910615923543,0.37996156860173436,-0.01278831144146686,0.0,0.9510565162951535,0.30901699437494745,2.9226238099414155,0.16261385783666782,0.7551659357841815,1.0472759840457704,1.2203005568277099,0.8432408054017925
2018-02-28,-0.011157806083656574,22.168906356172634,0.12333283127334127,-0.014613573882879989,-1.2207570738660172,0.8432408054017925,0.033073161126718875,-0.30590594503251656,-0.011157806083656574,0.0,0.5877852522924732,-0.8090169943749473,2.9882040263508176,0.06558021640940215,0.6992928397094775,1.069923604049323,1.2447462763179125,1.6566144960416922
2018-03-01,-0.013413965854875975,22.230558060846136,0.06165170467350123,-0.013925986409481585,-1.163583757457374,1.6566144960416922,0.8133736906398997,0.7803005295131809,-0.013413965854875975,0.0,-0.587785252292473,-0.8090169943749475,3.112181055638915,0.12397702928809728,0.8586764968785466,1.1282795097048048,1.312464192979257,1.0543856684555053
2018-03-02,0.005058785485198669,22.08199627997708,-0.14856178086905558,0.012097067627984463,0.6436106421535189,1.0543856684555053,-0.6022288275861869,-1.4156025182260867,0.0,0.005058785485198669,-0.9510565162951536,0.30901699437494723,2.97501923974552,-0.13716181589339493,0.9671194304579803,1.1485731880282792,1.1318882045559833,1.0169684679386959
2018-03-05,0.010971617610525897,22.040649466330787,-0.041346813646292446,0.014765126739802854,1.0454759598636678,1.0169684679386959,-0.03741720051680941,0.5648116270693775,0.0,0.010971617610525897,0.0,1.0,2.930126492015865,-0.044892747729655014,1.0762754164225519,1.1698839475782188,1.125597862091256,0.5388830823885631
2018-03-06,0.0026353829319969435,21.943809581995996,-0.09683988433479129,-0.0007547458118748493,0.20465079055469698,0.5388830823885631,-0.4780853855501328,-0.4406681850333234,0.0,0.0026353829319969435,0.9510565162951535,0.30901699437494745,2.910174418435893,-0.019952073579971863,1.0220185040452496,1.1634132430967878,0.964541555569475,0.6481559876297176
2018-03-07,-0.00048399182571667865,21.949006982639013,0.0051974006430164366,0.006113750286367712,-0.13476094274115727,0.6481559876297176,0.10927290524115452,0.5873582907912873,-0.00048399182571667865,0.0,0.5877852522924732,-0.8090169943749473,2.8769487504515148,-0.033225667984378315,0.9830015404908348,1.075346562800468,0.8060808265813564,0.4385844311465953
2018-03-08,0.004453148208884983,21.888302367974216,-0.06070461466479671,0.0022734984303196537,0.2983566327098582,0.4385844311465953,-0.2095715564831223,-0.31884446172427683,0.0,0.004453148208884983,-0.587785252292473,-0.8090169943749475,2.805781744947862,-0.07116700550365263,0.7393955275118154,0.9921061879182739,0.7280491106590343,0.4792340223834216
2018-03-09,0.017229546741207358,21.940215082198748,0.0519127142245317,0.012152971272844407,1.4607696578248355,0.4792340223834216,0.04064959123682632,0.25022114771994863,0.0,0.017229546741207358,-0.9510565162951536,0.30901699437494723,2.683757531984173,-0.12202421296368904,0.6243651982973988,0.9581462373542057,1.1132447244419998,0.41693660589226733
2018-03-12,-0.0012747973379978461,21.89170265149218,-0.04851243070656608,-0.002698463465148525,-0.13682187623715725,0.41693660589226733,-0.06229741649115428,-0.1029470077279806,-0.0012747973379978461,0.0,0.0,1.0,2.7587432984957503,0.07498576651157718,0.504358825888113,0.9126957282188327,0.9802310684021845,0.9184795994352658
2018-03-13,-0.006383910414315075,21.924521954718863,0.03281930322668103,-0.009716465628156073,-0.7530127638201369,0.9184795994352658,0.5015429935429985,0.5638404100341528,-0.006383910414315075,0.0,0.9510565162951535,0.30901699437494745,2.794227920674744,0.03548462217899351,0.5802781292974535,0.8198802118410496,0.9439946754742101,0.6299159378587729
2018-03-14,-0.005740969825188458,21.945460608512782,0.02093865379391957,-0.008900176410919525,-0.7943786438386397,0.6299159378587729,-0.28856366157649294,-0.7901066551194914,-0.005740969825188458,0.0,0.5877852522924732,-0.8090169943749473,2.8466520239720103,0.052424103297266544,0.5766301193432646,0.7898220817300244,0.8954376921002888,0.5312655967446985
2018-03-15,-0.0007822363990968029,21.98844003818087,0.042979429668086766,-0.0025228824211448865,-0.45886864929080695,0.5312655967446985,-0.09865034111407434,0.1899133204624186,-0.0007822363990968029,0.0,-0.587785252292473,-0.8090169943749475,2.8088001133999354,-0.03785191057207493,0.5951663524628852,0.7793498681817871,0.7863388222549106,0.3030781543757681
2018-03-16,0.0017019979472321367,22.41504657915926,0.42660654097839057,0.0005233695534365839,-0.07316933554544801,0.3030781543757681,-0.2281874423689304,-0.12953710125485607,0.0,0.0017019979472321367,-0.9510565162951536,0.30901699437494723,2.7600099521047476,-0.04879016129518776,0.5599351788613546,0.7521267266496547,0.6778628599765155,1.0301116835804676
2018-03-19,-0.014306040541374188,21.925475087425003,-0.4895714917342566,-0.01043588370588102,-1.7067442281052998,1.0301116835804676,0.7270335292046994,0.9552209715736298,-0.014306040541374188,0.0,0.0,1.0,2.9454910811847346,0.18548112907998693,0.6825701943989946,0.7531168539112238,0.9853230539819603,0.36621379785921865
2018-03-20,0.0014807086617194543,21.90884755758558,-0.01662752983942184,0.0006958380474847675,0.23146290778099055,0.36621379785921865,-0.663897885721249,-1.3909314149259484,0.0,0.0014807086617194543,0.9510565162951535,0.30901699437494745,2.901421636002499,-0.044069445182235434,0.5721170340837851,0.7349570612869605,0.8825827054305497,0.7585210040910858
2018-03-21,-0.001845692125629128,21.957218714281463,0.048371156695882433,-0.0011277332122502943,-0.15870741996796014,0.7585210040910858,0.39230720623186716,1.056205091953116,-0.001845692125629128,0.0,0.5877852522924732,-0.8090169943749473,2.882563609622572,-0.01885802637992695,0.5978380473302478,0.7336390009592588,0.8019667692817807,0.9058280248708133
2018-03-22,-0.02548488697285478,22.04913586895557,0.09191715467410688,-0.017871035619107408,-1.975895889392248,0.9058280248708133,0.14730702077972746,-0.2450001854521397,-0.02548488697285478,0.0,-0.587785252292473,-0.8090169943749475,3.150168633396023,0.26760502377345086,0.6727505329554706,0.7233162266304732,1.427771771405751,1.3497798746411678
2018-03-23,-0.021189807311750464,22.06596874740058,0.016832878445008248,-0.022331505449902873,-1.4270010872620154,1.3497798746411678,0.4439518497703545,0.29664482899062705,-0.021189807311750464,0.0,-0.9510565162951536,0.30901699437494723,3.2136622915601216,0.06349365816409858,0.8820908770085506,0.7466535439849884,1.7186367348824372,1.3069696923635932
2018-03-26,0.02679504070603489,21.986850044356,-0.07911870304457835,0.014854647077348687,2.1621569100240974,1.3069696923635932,-0.042810182277574604,-0.4867620320479291,0.0,0.02679504070603489,0.0,1.0,3.045950022365369,-0.16771226919475257,0.9374624787651757,0.7845011007376198,2.0617074494955143,1.6677115737853823
2018-03-27,-0.017427285645321255,22.04803579683538,0.06118575247937841,-0.020814377170190686,-0.779454835853129,1.6677115737853823,0.3607418814217891,0.4035520636993637,-0.017427285645321255,0.0,0.9510565162951535,0.30901699437494745,3.1135153092103742,0.06756528684500518,1.1977620339504085,0.8414783881504552,2.0150336061435494,1.060854498185978
2018-03-28,-0.0029209188994627766,22.07799728920147,0.029961492366091136,-0.0024155251164332757,0.1640788784912342,1.060854498185978,-0.6068570755994043,-0.9675989570211934,-0.0029209188994627766,0.0,0.5877852522924732,-0.8090169943749473,3.129826044730509,0.016310735520134845,1.2582287327693868,0.8534158573843078,1.7081675459652528,1.1674772655863666
2018-03-29,0.013675777493843633,21.99649227903682,-0.08150501016465128,0.01007003567130907,1.0856763098454842,1.1674772655863666,0.10662276740038856,0.7134798429997928,0.0,0.013675777493843633,-0.587785252292473,-0.8090169943749475,2.994231113043872,-0.13559493168663694,1.3105585809124976,0.8688556888216684,1.6107791809804075,1.9461138574016938
2018-04-02,-0.022590682343496482,22.01408950565552,0.017597226618701,-0.01977698472376778,-0.9483772289602533,1.9461138574016938,0.7786365918153273,0.6720138244149387,-0.022590682343496482,0.0,0.0,1.0,3.1620938462998422,0.16786273325597012,1.4298253774646028,0.8826413726959542,1.8543344371767536,1.0626813689623533
2018-04-03,0.012535961315741417,21.945816990328016,-0.06827251532750367,0.00855839905117441,0.9118833991107158,1.0626813689623533,-0.8834324884393405,-1.6620690802546678,0.0,0.012535961315741417,0.9510565162951535,0.30901699437494745,3.0492730585611545,-0.11282078773868776,1.3809677127843547,0.8830364060534232,1.699120829623456,1.4775801517466003
2018-04-04,0.011500102346446717,21.93795006885355,-0.007866921474466437,0.023199753224328868,0.771587805214269,1.4775801517466003,0.41489878278424697,1.2983312712235875,0.0,0.011500102346446717,0.5877852522924732,-0.8090169943749473,2.9987277559107772,-0.050545302650377266,1.3429414283765984,0.9049702957585614,1.5586406477350014,0.584064004962978
2018-04-05,0.006839421401651613,21.895881092564913,-0.04206897628863615,0.002060066240216413,0.4647858822899046,0.584064004962978,-0.8935161467836223,-1.3084149295678693,0.0,0.006839421401651613,-0.587785252292473,-0.8090169943749475,2.941276115955272,-0.057451639955505396,1.2475833297319983,0.907121768262105,1.3734129894236589,1.6337681294716602
2018-04-06,-0.02216406705706575,21.920935820462095,0.02505472789718155,-0.01575187364221607,-1.135584102232857,1.6337681294716602,1.0497041245086822,1.9432202712923046,-0.02216406705706575,0.0,-0.9510565162951536,0.30901699437494723,3.0675877000037985,0.12631158404852671,1.3408415025090572,0.954055679778388,1.680271413120194,1.1447512054466173
2018-04-09,0.0033309949675937034,21.84694140153327,-0.07399441892882308,-0.0015371927801783893,0.1408190957803296,1.1447512054466173,-0.4890169240250428,-1.538721048533725,0.0,0.0033309949675937034,0.0,1.0,3.080532896273726,0.012945196269927628,1.1805689721180417,0.9876826690307701,1.4655107358995125,0.6623476524139157
2018-04-10,0.016588598996313486,21.998385591345283,0.15144418981201113,0.006972352646446735,1.084126410785745,0.6623476524139157,-0.48240355303270166,0.006613370992341161,0.0,0.016588598996313486,0.9510565162951535,0.30901699437494745,3.018960366129206,-0.06157253014452024,1.1005022288083544,0.9964023656988887,1.5028093067476926,0.5904089741404078
2018-04-11,-0.005540685772460918,21.839888298076527,-0.1584972932687556,-0.000643180308987843,-0.4665153549621784,0.5904089741404078,-0.07193867827350786,0.4104648747591938,-0.005540685772460918,0.0,0.5877852522924732,-0.8090169943749473,3.0076608331108736,-0.011299533018332308,0.9230679932871159,1.0046629546630859,1.3493945568552048,0.5009866565971408
2018-04-12,0.008216898697656738,21.8368751069488,-0.003013191127728021,0.003821086212240118,0.4159071725018751,0.5009866565971408,-0.08942231754326702,-0.017483639269759155,0.0,0.008216898697656738,-0.587785252292473,-0.8090169943749475,2.917230033020351,-0.09043080009052273,0.9064525236139485,0.984782338337461,1.2437956494686808,0.802379658554696
2018-04-13,-0.0028907998267069246,21.818050811114745,-0.01882429583405454,-0.007725176686132157,-0.2507256524708244,0.802379658554696,0.30139300195755514,0.39081531950082216,-0.0028907998267069246,0.0,-0.9510565162951536,0.30901699437494723,2.8570447450157155,-0.06018528800463541,0.7401748294305556,0.9929948964658383,1.1049386525939773,0.5341852107094168
2018-04-16,0.0080763368015635,21.828767671761106,0.010716860646361681,0.0028945707580811768,0.39124423792059876,0.5341852107094168,-0.2681944478452791,-0.5695874498028343,0.0,0.0080763368015635,0.0,1.0,2.806990116707257,-0.050054628308458415,0.6180616304831155,0.9931339257022535,1.0402439263841694,0.4598944994916041
2018-04-17,0.010605071613866812,21.912994676253255,0.08422700449214915,0.005056344900691204,0.6404500789787841,0.4598944994916041,-0.07429071121781272,0.1939037366274664,0.0,0.010605071613866812,0.9510565162951535,0.30901699437494745,2.7245795030534206,-0.0824106136538365,0.5775709998986531,1.0006013707077694,1.042861459701546,0.3599945510976197
2018-04-18,0.0008310204075527849,21.95057325932734,0.03757858307408313,-0.0005426398633730983,-0.1441176740884733,0.3599945510976197,-0.09989994839398442,-0.025609237176171695,0.0,0.0008310204075527849,0.5877852522924732,-0.8090169943749473,2.7472709387086787,0.022691435655258108,0.5314881152900954,0.9686910310657291,0.9278229635476904,0.5178974269434039
2018-04-19,-0.005742581795832535,21.939696716490662,-0.010876542836676606,-0.0029772353854263037,-0.626703571453858,0.5178974269434039,0.15790287584578422,0.25780282423976864,-0.005742581795832535,0.0,-0.587785252292473,-0.8090169943749475,2.770085594411824,0.022814655703145448,0.5348702693593481,0.9759140610221189,0.8908394024336747,0.7105260917364267
2018-04-20,-0.008573177188352155,21.955318681071805,0.015621964581143288,-0.008361570420389527,-1.3375869806246194,0.7105260917364267,0.19262866479302276,0.034725788947238545,-0.008573177188352155,0.0,-0.9510565162951536,0.30901699437494723,2.8261294394501912,0.056043845038367124,0.5164995559956942,0.9736285890052303,0.9399069573488602,0.6477370046979407
2018-04-23,5.6230111184163434e-05,21.831957161386175,-0.12336151968563058,-0.00191177000296699,-0.2538237046746418,0.6477370046979407,-0.06278908703848596,-0.2554177518315087,0.0,5.6230111184163434e-05,0.0,1.0,2.793616098770161,-0.0325133406800302,0.5392099147933991,0.9613385404255698,0.8431200058793447,1.3974948421451951
2018-04-24,-0.013470888006475334,22.03591904028395,0.2039618788977755,-0.017399068286621036,-1.5926287073795433,1.3974948421451951,0.7497578374472544,0.8125469244857404,-0.013470888006475334,0.0,0.9510565162951535,0.30901699437494745,2.891482277583281,0.0978661788131201,0.7267299833241172,0.9636106817352852,1.0126279783416878,0.8712755397311485
2018-04-25,0.001835374232824094,21.994059556048057,-0.04185948423589281,0.0016987902499095537,0.24932777633062297,0.8712755397311485,-0.5262193024140467,-1.2759771398613011,0.0,0.001835374232824094,0.5877852522924732,-0.8090169943749473,2.881443135704996,-0.01003914187828503,0.828986181050823,0.9428633411337403,0.9188962414466553,0.6920724651914274
2018-04-26,0.010380144187376317,22.02914158668732,0.03508203063926274,0.005749674870275519,1.2730312602592628,0.6920724651914274,-0.17920307453972106,0.3470162278743256,0.0,0.010380144187376317,-0.587785252292473,-0.8090169943749475,2.7874773206398227,-0.09396581506517343,0.8638211887004277,0.8964043359625995,0.9420853769297148,0.46852759072325323
2018-04-27,0.0011130052713639316,21.897143285420654,-0.13199830126666612,-0.002080323838849439,0.07523919792931902,0.46852759072325323,-0.22354487446817417,-0.04434179992845311,0.0,0.0011130052713639316,-0.9510565162951536,0.30901699437494723,2.7350166394301496,-0.052460681209673066,0.8154214884977931,0.8681982927500888,0.8568648862266971,0.45609237352215815
2018-04-30,-0.00822119254892062,22.044891001991132,0.14774771657047836,-0.01292938851104694,-0.8936246596249191,0.45609237352215815,-0.012435217201095083,0.2111096572670791,-0.00822119254892062,0.0,0.0,1.0,2.7682041430792563,0.03318750364910672,0.7770925622626365,0.8343228216994124,0.878519721122198,0.7498816661249917
2018-05-01,0.0025458021710269563,21.993818203349274,-0.051072798641857986,0.0044698542712928325,0.6408034125551065,0.7498816661249917,0.2937892926028336,0.3062245098039287,0.0,0.0025458021710269563,0.9510565162951535,0.30901699437494745,2.740194639652674,-0.02800950342658215,0.6475699270585957,0.7773593840195694,0.8058683997971118,0.6458575275148036
2018-05-02,-0.007231951201402076,22.121246645007318,0.12742844165804357,-0.007020968201949882,-0.6350682612895742,0.6458575275148036,-0.10402413861018811,-0.3978134312130217,-0.007231951201402076,0.0,0.5877852522924732,-0.8090169943749473,2.7707119789475727,0.030517339294898527,0.6024863246153268,0.757510629664924,0.8178641230829264,1.1487286939382773
2018-05-03,-0.00225621758506378,22.075881897588907,-0.0453647474184109,0.0006276006091961424,0.01798892994048288,1.1487286939382773,0.5028711664234736,0.6068953050336617,-0.00225621758506378,0.0,-0.587785252292473,-0.8090169943749475,2.766319085234379,-0.004392893713193846,0.6938175703646968,0.7418510364359563,0.7605168277142743,1.1130589366925216
2018-05-04,0.012729810028334398,21.92781647459451,-0.14806542299439585,0.01588340075149801,1.6078640731480995,1.1130589366925216,-0.03566975724575561,-0.5385409236692292,0.0,0.012729810028334398,-0.9510565162951536,0.30901699437494723,2.692598127536089,-0.07372095769828979,0.8227238395585506,0.7670412712802204,0.8688768518316291,0.459529642567319
2018-05-07,0.003451980554990186,21.907079810849364,-0.020736663745147155,-0.0028807224596028333,0.41233844364116756,0.459529642567319,-0.6535292941252027,-0.6178595368794471,0.0,0.003451980554990186,0.0,1.0,2.691243082785829,-0.0013550447502601592,0.8234112933675828,0.7111251528562041,0.8052738376047172,0.5594222556859024
2018-05-08,-0.00026567661173348966,22.043714156095803,0.13663434524643847,0.0006214362616139553,-0.2516905358229274,0.5594222556859024,0.09989261311858344,0.7534219072437861,-0.00026567661173348966,0.0,0.9510565162951535,0.30901699437494745,2.688527537206614,-0.0027155455792149397,0.7853194112797648,0.6832523457247415,0.7374337860660286,0.5500961489617546
2018-05-09,0.009635647934868707,22.087736279591784,0.04402212349598145,0.007317834220210495,1.0423517016866164,0.5500961489617546,-0.009326106724147798,-0.10921871984273124,0.0,0.009635647934868707,0.5877852522924732,-0.8090169943749473,2.5967461372286285,-0.09178139997798551,0.7661671355691551,0.6779070360365432,0.7751551308381257,0.3803467163060782
2018-05-10,0.009327011603848412,21.941330877925285,-0.14640540166649885,0.00665063219904242,1.0323221369813942,0.3803467163060782,-0.16974943265567644,-0.16042332593152864,0.0,0.009327011603848412,-0.587785252292473,-0.8090169943749475,2.582486943526435,-0.014259193702193418,0.6124907400427151,0.6679040713777656,0.7941694034918532,0.3831133392835531
2018-05-11,0.0017061392709614154,21.77926633626942,-0.16206454165586592,0.0018420675921141086,-0.062189484573155054,0.3831133392835531,0.0027666229774749307,0.17251605563315137,0.0,0.0017061392709614154,-0.9510565162951536,0.30901699437494723,2.537657185017819,-0.044829758508615924,0.4665016205609215,0.6622910562675949,0.7304079118200274,0.38611892733073816
2018-05-14,0.0008830995101263284,21.819996356530464,0.04073002026104433,-0.0030501753940953007,-0.3592260168731681,0.38611892733073816,0.003005588047185037,0.00023896506971010645,0.0,0.0008830995101263284,0.0,1.0,2.5595502163859143,0.021893031368095173,0.45181947751360535,0.6424691166855017,0.6621469373904111,0.4033266001856599
2018-05-15,-0.006865655043990948,21.914515038756747,0.09451868222628335,-0.002629866734905199,-1.3180180578533327,0.4033266001856599,0.01720767285492175,0.014202084807736715,-0.006865655043990948,0.0,0.9510565162951535,0.30901699437494745,2.6830742228543785,0.12352400646846418,0.4206003464135568,0.6362377542796084,0.6929385584665886,0.3370732004915746
2018-05-16,0.004052339847514297,21.901453031886042,-0.013062006870704579,0.0036208682702555373,0.13599420930877498,0.3370732004915746,-0.06625339969408534,-0.08346107254900709,0.0,0.004052339847514297,0.5877852522924732,-0.8090169943749473,2.5967461372286285,-0.08632808562575,0.3779957567195208,0.6303891209938928,0.6502118607136366,0.5351154857143723
2018-05-17,-0.0008562387886099643,21.969766380470634,0.06831334858459215,0.00015438758783178867,-0.724563906621258,0.5351154857143723,0.1980422852227977,0.26429568491688304,-0.0008562387886099643,0.0,-0.587785252292473,-0.8090169943749475,2.5974910332585845,0.0007448960299560881,0.4089495106011796,0.6387282131185,0.6061938144968105,0.2494496730625826
2018-05-18,-0.002635665254550723,21.94210853467464,-0.02765784579599284,-0.001613211688411919,-0.8807006704592288,0.2494496730625826,-0.2856658126517897,-0.4837080978745874,-0.002635665254550723,0.0,-0.9510565162951536,0.30901699437494723,2.5967461372286285,-0.0007448960299560881,0.3822167773569855,0.6259449867432229,0.5824811732611236,0.34487978689189813
2018-05-21,0.007359604547933607,21.839547761072694,-0.10256077360194737,-0.000870412919777018,0.9552872332686679,0.34487978689189813,0.09543011382931554,0.38109592648110524,0.0,0.007359604547933607,0.0,1.0,2.5710843401961823,-0.0256617970324462,0.37396894926921753,0.6085332579411025,0.6069180534448243,0.4214756280368415
2018-05-22,-0.003140688592875307,21.942365649288515,0.10281788821582083,-0.005089048583003371,-0.9105933528132956,0.4214756280368415,0.07659584114494339,-0.018834272684372155,-0.003140688592875307,0.0,0.9510565162951535,0.30901699437494745,2.581730854622391,0.010646514426208675,0.3775987548394538,0.5977589066715263,0.5854501562940334,0.43349692435687953
2018-05-23,0.0032431452068992783,21.927186640220317,-0.015179009068198468,0.007089841117042718,0.39209714069368495,0.43349692435687953,0.01202129632003801,-0.06457454482490538,0.0,0.0032431452068992783,0.5877852522924732,-0.8090169943749473,2.532108245207593,-0.04962260941479801,0.3968834996125148,0.5518542439197016,0.5541205801504486,0.6352246815928873
2018-05-24,-0.002025262957722873,21.912860773630737,-0.014325866589580016,-0.001165087668778528,-0.5324463640111333,0.6352246815928873,0.20172775723600772,0.1897064609159697,-0.002025262957722873,0.0,-0.587785252292473,-0.8090169943749475,2.528125747596819,-0.003982497610774072,0.4169053387882178,0.5406137268654988,0.5246609969111425,0.31723730444766773
2018-05-25,-0.002360003054185711,21.826951899228362,-0.08590887440237438,-0.0008338103848839935,-0.5110371405451478,0.31723730444766773,-0.3179873771452195,-0.5197151343812272,-0.002360003054185711,0.0,-0.9510565162951536,0.30901699437494723,2.581730854622391,0.053605107025572085,0.4304628650652348,0.5227644334967483,0.5042518092606482,0.8164311581897103
2018-05-29,-0.011631572511792143,22.04323608397272,0.21628418474435662,-0.0056534290311570316,-1.8569089060073223,0.8164311581897103,0.4991938537420426,0.8171812308872621,-0.011631572511792143,0.0,0.9510565162951535,0.30901699437494745,2.8343891500408605,0.2526582954184695,0.5247731393247973,0.53933127004277,0.7085866897460498,0.4965044986275457
2018-05-30,0.012615875351923656,21.994847756089484,-0.04838832788323444,0.007953719979900539,1.8216100853786341,0.4965044986275457,-0.31992665956216465,-0.8191205133042072,0.0,0.012615875351923656,0.5877852522924732,-0.8090169943749473,2.704042151617877,-0.13034699842298325,0.539778913442938,0.5412556569525504,0.83027994470985,0.4407417710307426
2018-05-31,-0.006903333243434062,22.16808850674116,0.17324075065167577,-0.005790372663128458,-0.9070928309922974,0.4407417710307426,-0.05576272759680312,0.26416393196536153,-0.006903333243434062,0.0,-0.587785252292473,-0.8090169943749475,2.73631368615315,0.03227153453527265,0.5412278827777108,0.52653470956711,0.8291436951713558,0.30269384813164885
2018-06-01,0.010790799709239352,22.03005963534313,-0.13802887139803133,0.005838722482258328,1.3161245816313247,0.30269384813164885,-0.13804792289909373,-0.08228519530229061,0.0,0.010790799709239352,-0.9510565162951536,0.30901699437494723,2.5997223270506806,-0.13659135910246922,0.474721716085463,0.5101935819774359,0.8766204273728729,0.18825285756253618
2018-06-04,0.004469594898352192,21.950004521148674,-0.08005511419445455,0.0018949290090050001,0.41390688386668656,0.18825285756253618,-0.11444099056911267,0.023606932329981067,0.0,0.004469594898352192,0.0,1.0,2.54474663217841,-0.05497569487227061,0.4489248267084368,0.464456637388115,0.8123919139328253,0.33723872833658974
2018-06-05,0.000702346269576104,21.98273484135012,0.03273032020144484,0.00012372996382009794,0.01684237186901143,0.33723872833658974,0.14898587077405356,0.26342686134316623,0.0,0.000702346269576104,0.9510565162951535,0.30901699437494745,2.517696441847303,-0.027050190331106894,0.35308634073781264,0.42751281794259444,0.7406318490033529,0.4371841214279856
2018-06-06,0.008530900637311767,22.021488259152367,0.038753417802247725,0.0069133391456277435,0.8749882582423789,0.4371841214279856,0.09994539309139583,-0.049040477682657735,0.0,0.008530900637311767,0.5877852522924732,-0.8090169943749473,2.4544474717983733,-0.06324897004892982,0.34122226529790056,0.4264487455073881,0.7525261479116339,0.49384267409986854
2018-06-07,-0.000714443621984806,22.042907443778756,0.0214191846263887,-0.001612191966037059,-0.2652573387212571,0.49384267409986854,0.05665855267188297,-0.04328684041951286,-0.000714443621984806,0.0,-0.587785252292473,-0.8090169943749475,2.4956817323904943,0.041234260592120986,0.35184244591172575,0.4233259082890055,0.691474668056789,0.27397791726569126
2018-06-08,0.0031210289077518993,21.86712232806395,-0.17578511571480604,0.004757538411575102,0.16359687848367557,0.27397791726569126,-0.21986475683417728,-0.27652330950606024,0.0,0.0031210289077518993,-0.9510565162951536,0.30901699437494723,2.4997952873372333,0.00411355494673904,0.3460992597385343,0.4101774210653834,0.6403469492946694,0.25163145870993225
2018-06-11,0.0010681370069400842,21.90564619350869,0.03852386544474129,0.0006544442814524617,-0.15034205586375474,0.25163145870993225,-0.022346458555759008,0.19751829827841827,0.0,0.0010681370069400842,0.0,1.0,2.5136560939622226,0.01386080662498923,0.3587749799680135,0.40404812308461463,0.5898537009686005,0.2784756094912717
2018-06-12,0.0017418672787039569,21.957486526721127,0.05184033321243575,0.0004486356906401255,-0.3090438676052264,0.2784756094912717,0.02684415078133945,0.049190609337098457,0.0,0.0017418672787039569,0.9510565162951535,0.30901699437494745,2.5128460308425487,-0.0008100631196739094,0.34702235619894983,0.3990653740468869,0.5398968492550693,0.32708925475937445
2018-06-13,-0.004034254541411819,22.06371781019461,0.10623128347348398,-0.004425244607852522,-1.115393122267044,0.32708925475937445,0.048613645268102745,0.021769494486763297,-0.004034254541411819,0.0,0.5877852522924732,-0.8090169943749473,2.560323256644879,0.04747722580233038,0.3250033828652277,0.3962544372577743,0.5443043190763595,0.3182368702474508
2018-06-14,0.0024685005225038026,21.987655241736192,-0.07606256845841841,-0.0002587170395303966,-0.08024526576162375,0.3182368702474508,-0.008852384511923661,-0.057466029780026406,0.0,0.0024685005225038026,-0.587785252292473,-0.8090169943749475,2.4948569711988484,-0.06546628544603061,0.28988222209474407,0.3922025453559548,0.5002584994215534,0.5360332230985688
2018-06-15,-0.0010176203154941277,22.419246516773146,0.43159127503695416,0.000676528367025344,-0.778461497384188,0.5360332230985688,0.21779635285111804,0.2266487373630417,-0.0010176203154941277,0.0,-0.9510565162951536,0.30901699437494723,2.4832385544766455,-0.011618416722202873,0.3422932832613196,0.4016768321467641,0.4735360101599026,0.4204543668902682
2018-06-18,-0.0021283911808867018,21.922061262044767,-0.4971852547283788,0.0028738726897567413,-0.9033097215120746,0.4204543668902682,-0.1155788562083006,-0.33337520905941864,-0.0021283911808867018,0.0,0.0,1.0,2.510411974283827,0.027173419807181354,0.3760578648973868,0.3962167788694258,0.4618838913377973,0.5080610953743171
2018-06-19,-0.00403151795139145,22.023773525637974,0.10171226359320684,0.0038371199793070083,-1.1975751954460716,0.5080610953743171,0.08760672848404888,0.20318558469234949,-0.00403151795139145,0.0,0.9510565162951535,0.30901699437494745,2.5915164134207695,0.08110443913694265,0.4219749620739958,0.4085316085033179,0.4824549714943052,0.27430721172790257
2018-06-20,0.001710690224112632,21.926880577475156,-0.09689294816281802,-0.0008704679351973372,0.7255987544064258,0.27430721172790257,-0.23375388364641453,-0.3213606121304634,0.0,0.001710690224112632,0.5877852522924732,-0.8090169943749473,2.548663612608189,-0.04285280081258058,0.41141855346770145,0.4051710096859848,0.4454171513336325,0.4629078084475733
2018-06-21,-0.006365728843220175,21.928212167541833,0.0013315900666768243,-0.007073730499399734,-1.7206735971939255,0.4629078084475733,0.18860059671967072,0.42235448036608525,-0.006365728843220175,0.0,-0.587785252292473,-0.8090169943749475,2.683757531984173,0.13509391937598414,0.440352741107726,0.4071439706579244,0.523414729832127,0.2627026189269703
2018-06-22,0.0018602032551342518,22.42219887283327,0.4939867052914373,-0.0021430428563144394,0.875745456903025,0.2627026189269703,-0.200205189520603,-0.38880578624027373,0.0,0.0018602032551342518,-0.9510565162951536,0.30901699437494723,2.6224923459841123,-0.06126518600006081,0.3856866202734063,0.39901090849459536,0.48215830468911,0.9883764262602268
2018-06-25,-0.013819722967770787,22.021624758171114,-0.400574114662156,-0.009476197512302975,-2.2698176383055615,0.9883764262602268,0.7256738073332565,0.9258789968538594,-0.013819722967770787,0.0,0.0,1.0,2.8524390993250943,0.22994675334098202,0.499271032147398,0.4158276582406592,0.7818177903304687,0.44878184179560354
2018-06-26,0.0022021505056963875,21.995523262289137,-0.026101495881977854,0.00034523794814585873,0.8873023855407633,0.44878184179560354,-0.5395945844646233,-1.2652683917978798,0.0,0.0022021505056963875,0.9510565162951535,0.30901699437494745,2.7675761852085703,-0.08486291411652402,0.4874151814316553,0.4220916838286561,0.7052600026285403,1.0178665778128313
2018-06-27,-0.008641586313141048,22.059316353077204,0.06379309078806727,-0.01061898131919163,-1.0743282853064309,1.0178665778128313,0.5690847360172278,1.108679320481851,-0.008641586313141048,0.0,0.5877852522924732,-0.8090169943749473,2.885359207552917,0.11778302234434657,0.636127054648641,0.43168384666785237,0.7629401475943436,0.7415335770115187
2018-06-28,0.006159680019031555,21.964852294854552,-0.09446405822265191,0.00650791482036046,1.4384259370778392,0.7415335770115187,-0.2763330008013126,-0.8454177368185404,0.0,0.006159680019031555,-0.587785252292473,-0.8090169943749475,2.8243506794375235,-0.06100852811539337,0.69185220836143,0.44335189801947006,0.7385353364699121,0.6219887043874115
2018-06-29,0.0007581158875167304,22.000526277320965,0.03567398246641318,-0.003217252109380511,0.4956585466507418,0.6219887043874115,-0.11954487262410718,0.15678812817720544,0.0,0.0007581158875167304,-0.9510565162951536,0.30901699437494723,2.7781979704876907,-0.04615270894983281,0.7637094254535184,0.4519827043697877,0.6807519864615081,0.5444438410832049
2018-07-02,0.0030632608342937573,21.853066667393634,-0.14745960992733131,0.00801233012707141,0.7629742944873809,0.5444438410832049,-0.07754486330420662,0.042000009319900555,0.0,0.0030632608342937573,0.0,1.0,2.7472709387086787,-0.030927031779012015,0.674922908418114,0.4634946087960522,0.6344860338969801,0.4754688348279241
2018-07-03,-0.004959629280533839,21.371133185430583,-0.4819334819630505,-0.007362591113295333,-0.5008775741322277,0.4754688348279241,-0.06897500625528075,0.008569857048925877,-0.004959629280533839,0.0,0.9510565162951535,0.30901699437494745,2.78130062502572,0.034029686317041286,0.6802603070245781,0.4771715600944041,0.6361618323212918,0.4898106300405931
2018-07-05,0.00858385674553741,21.81524282763312,0.44410964220253746,0.004548852666690091,1.374477457672757,0.4898106300405931,0.014341795212668984,0.08331680146794973,0.0,0.00858385674553741,-0.587785252292473,-0.8090169943749475,2.7060482162691324,-0.07525240875658756,0.5746491174701305,0.48443688874697566,0.6689053950076681,0.6170383570787528
2018-07-06,0.00844551760058021,21.675020233482197,-0.14022259415092364,0.008054663544716983,1.0949344506836634,0.6170383570787528,0.12722772703815965,0.11288593182549067,0.0,0.00844551760058021,-0.9510565162951536,0.30901699437494723,2.5930133825543216,-0.11303483371481082,0.5497500734835773,0.4930013761589169,0.6915896326187646,0.29837421230992733
2018-07-09,0.00878429078534193,21.844962942654202,0.16994270917200538,0.003075587879032926,0.9848302356685124,0.29837421230992733,-0.31866414476882543,-0.4458918718069851,0.0,0.00878429078534193,0.0,1.0,2.540814248659574,-0.05219913389474762,0.48502717506808046,0.48369335416891973,0.7169255064021156,0.20536766584267926
2018-07-10,0.003467249318822141,21.848240887768984,0.003277945114781744,0.0018916705119078844,0.1162932516460375,0.20536766584267926,-0.09300654646724807,0.22565759830157736,0.0,0.003467249318822141,0.9510565162951535,0.30901699437494745,2.536866415880321,-0.003947832779252813,0.4172119400199753,0.4804261993392525,0.672203761730122,0.362795640989826
2018-07-11,-0.007119486371916395,21.817260815894233,-0.030980071874751047,-0.0020886632833874577,-1.3499641614233975,0.362795640989826,0.1574279751471467,0.2504345216143948,-0.007119486371916395,0.0,0.5877852522924732,-0.8090169943749473,2.6122732541046934,0.07540683822437222,0.39467730125235573,0.4857197318287712,0.7043089565717906,0.29514129351730023
2018-07-12,0.008710991580171523,21.76503613264938,-0.05222468324485163,0.005428782186021086,0.880618319634521,0.29514129351730023,-0.06765434747252574,-0.22508232261967245,0.0,0.008710991580171523,-0.587785252292473,-0.8090169943749475,2.532108245207593,-0.08016500889710043,0.35574343394769714,0.48651333583001066,0.7283596040016629,0.30956210589057803
2018-07-13,0.0010786555366086858,21.686359999216975,-0.0786761334324062,0.0015648231781976694,-0.34597817512076373,0.30956210589057803,0.014420812373277803,0.08207515984580355,0.0,0.0010786555366086858,-0.9510565162951536,0.30901699437494723,2.4997952873372333,-0.03231295787035959,0.2942481837100622,0.4856787096934013,0.6733384982094602,0.19573450202147563
2018-07-16,-0.0010286646208985673,21.759953075628616,0.07359307641164037,0.0003823675385661432,-0.6669285981773843,0.19573450202147563,-0.1138276038691024,-0.1282484162423802,-0.0010286646208985673,0.0,0.0,1.0,2.551786172681018,0.05199088534378449,0.2737202416523718,0.47984526358740254,0.6282917183510706,0.4418049772193056
2018-07-17,0.0039658243434432805,21.843287305178293,0.08333422954967773,0.007219305333652719,0.1647911757950753,0.4418049772193056,0.24607047519782999,0.3598980790669324,0.0,0.0039658243434432805,0.9510565162951535,0.30901699437494745,2.4898942260931265,-0.06189194658789132,0.3210077039276971,0.47535820425981856,0.599983368682613,0.25661867558860085
2018-07-18,0.002158182076737347,21.858390045412882,0.015102740234588907,0.001517697868603812,-0.2957197484401555,0.25661867558860085,-0.18518630163070476,-0.43125677682853475,0.0,0.002158182076737347,0.5877852522924732,-0.8090169943749473,2.4932054841291187,0.003311258035992193,0.29977231084745204,0.4675565046740249,0.5597137340832253,0.28998598679232873
2018-07-19,-0.003960826849048971,21.91060913460581,0.052219089192927726,-0.0017385998542957478,-1.1807107898921017,0.28998598679232873,0.03336731120372788,0.21855361283443264,-0.003960826849048971,0.0,-0.587785252292473,-0.8090169943749475,2.554899012715967,0.06169352858684851,0.2987412495024578,0.4571719756939302,0.5602539048990746,0.23672347035034688
2018-07-20,-0.0009488977712743818,21.899841750723727,-0.010767383882082981,-0.0009703126990816497,-0.4843155962011747,0.23672347035034688,-0.05326251644198185,-0.08662982764570973,-0.0009488977712743818,0.0,-0.9510565162951536,0.30901699437494723,2.554121692112525,-0.0007773206034422664,0.2841735223944115,0.4553822737235704,0.5281600472521567,0.2925328017792878
2018-07-23,0.001836362343230924,21.79775276911232,-0.10208898161140567,0.0027862485956929085,0.23174113087409323,0.2925328017792878,0.05580933142894093,0.10907184787092278,0.0,0.001836362343230924,0.0,1.0,2.5352828480448486,-0.01883884406767633,0.303533182345974,0.44726917816793776,0.49494771360379686,0.47302497309108843
2018-07-24,0.004769518886053703,21.955945624799902,0.1581928556875809,-9.928216063100453e-05,0.8480477646196122,0.47302497309108843,0.18049217131180062,0.12468283988285969,0.0,0.004769518886053703,0.9510565162951535,0.30901699437494745,2.5185025869209565,-0.016780261123892082,0.30977718152033057,0.4572845283662292,0.4920012396025428,0.43027920884196214
2018-07-25,0.009060435070372463,21.999856933253326,0.04391130845342417,0.010007529986619046,1.5527098385351052,0.43027920884196214,-0.042745764249126295,-0.22323793556092691,0.0,0.009060435070372463,0.5877852522924732,-0.8090169943749473,2.50878592047404,-0.009716666446916378,0.3445092881710028,0.43070847039393073,0.5744684585044172,0.2530824784775492
2018-07-26,-0.003036902748867476,22.02271880690099,0.022861873647663344,0.0006874582524965478,-1.1331338750544773,0.2530824784775492,-0.1771967303644129,-0.13445096611528662,-0.003036902748867476,0.0,-0.587785252292473,-0.8090169943749475,2.4965058139116447,-0.01228010656239542,0.3371285865080469,0.42138945309307113,0.560448714152853,0.7019336381815143
2018-07-27,-0.006583834644844799,21.957099339977404,-0.06561946692358589,-0.008312827244726375,-1.5485756795346217,0.7019336381815143,0.4488511597039651,0.626047890068378,-0.006583834644844799,0.0,-0.9510565162951536,0.30901699437494723,2.5672543706433686,0.07074855673172387,0.4301706200742804,0.40634502739634165,0.6069130474753465,0.47126618411293353
2018-07-30,-0.005770789315587166,21.905357996699024,-0.05174134327837976,-0.005834619533119676,-1.168877237546326,0.47126618411293353,-0.2306674540685808,-0.679518613772546,-0.005770789315587166,0.0,0.0,1.0,2.6574584310367695,0.0902040603934009,0.4659172965410095,0.39347515154402807,0.626204489004619,0.38541695497895573
2018-07-31,0.004872837219302539,22.086007498284637,0.18064950158561288,0.0023320434495465495,0.9000371439791466,0.38541695497895573,-0.0858492291339778,0.144818224934603,0.0,0.004872837219302539,0.9510565162951535,0.30901699437494745,2.551786172681018,-0.10567225835575167,0.44839569291858294,0.3822098301436255,0.6011923145521709,0.47122382048093825
2018-08-01,-0.001040893067570714,21.976414445644465,-0.1095930526401716,-0.0027721280794860796,-0.18781267434728477,0.47122382048093825,0.08580686550198252,0.17165609463596032,-0.001040893067570714,0.0,0.5877852522924732,-0.8090169943749473,2.5764217296146685,0.024635556933650715,0.4565846152463783,0.3787231624958985,0.5642558322780038,0.6026424967366852
2018-08-02,0.004914349582208821,21.97642301373148,8.568087014992898e-06,0.009503062246659037,0.7996069362227225,0.6026424967366852,0.131418676255747,0.04561181075376447,0.0,0.004914349582208821,-0.587785252292473,-0.8090169943749475,2.5006159090701527,-0.07580582054451579,0.5264966188982054,0.3847790511582204,0.5436554170502806,0.22369796656059876
2018-08-03,0.004633432065348053,21.836336432403762,-0.14008658132771856,0.0037848499625800715,0.625220564585758,0.22369796656059876,-0.3789445301760865,-0.5103632064318335,0.0,0.004633432065348053,-0.9510565162951536,0.30901699437494723,2.4544474717983733,-0.04616843727177944,0.43084948457402233,0.372107019563935,0.5216277884788963,0.3692944958293353
2018-08-06,0.0035319826508013463,21.78071579575621,-0.05562063664755357,0.003553127659922649,0.3788442835606839,0.3692944958293353,0.14559652926873656,0.524541059444823,0.0,0.0035319826508013463,0.0,1.0,2.4221443686695787,-0.032303103128794586,0.41045514691730267,0.3603096928377723,0.49255445774585443,0.17735582176092846
2018-08-07,0.0028202017464860063,21.88185626430969,0.10114046855348136,0.0008854972703554575,0.2860994008113757,0.17735582176092846,-0.19193867406840687,-0.33753520333714343,0.0,0.0028202017464860063,0.9510565162951535,0.30901699437494745,2.3915113301093784,-0.030633038560200276,0.36884292027369725,0.35454691233543895,0.45790323260061283,0.23049864499928566
2018-08-08,-0.0002624143932949963,21.81454127697629,-0.06731498733340047,0.00031845785664861735,-0.1519230186211521,0.23049864499928566,0.0531428232383572,0.24508149730676407,-0.0002624143932949963,0.0,0.5877852522924732,-0.8090169943749473,2.384165115144968,-0.007346214964410347,0.3206978851773667,0.3557436256286107,0.4419401081705763,0.2476895269883542
2018-08-09,-0.0014427146770401578,21.843698324413772,0.02915704743748293,-0.001264230129982794,-0.4673585509320704,0.2476895269883542,0.01719088198906854,-0.03595194124928866,-0.0014427146770401578,0.0,-0.587785252292473,-0.8090169943749475,2.4221443686695787,0.03797925352461062,0.24970729122770047,0.3502623821047311,0.42028764822629566,0.38995568382501866
2018-08-10,-0.007139312263245046,21.906706288096988,0.0630079636832157,-0.0019815573389792857,-1.7366677621343003,0.38995568382501866,0.14226615683666446,0.12507527484759592,-0.007139312263245046,0.0,-0.9510565162951536,0.30901699437494723,2.5771819143023467,0.15503754563276795,0.28295883468058447,0.3547773530717653,0.5246224052770139,0.5065433851954487
2018-08-13,-0.004014037665980297,21.878141880421957,-0.02856440767503088,-0.004783143940685929,-1.131470826657073,0.5065433851954487,0.11658770137043006,-0.0256784554662344,-0.004014037665980297,0.0,0.0,1.0,2.6932748974531537,0.11609298315080707,0.31040861255380714,0.3641574139910449,0.5261378321495156,0.3159324734894375
2018-08-14,0.006368930016417806,21.817367970471476,-0.06077390995048049,0.004262680933025614,1.2731406908032714,0.3159324734894375,-0.19061091170601124,-0.3071986130764413,0.0,0.006368930016417806,0.9510565162951535,0.30901699437494745,2.5885156639334435,-0.10475923351971028,0.3381239428995089,0.36988112691809066,0.5356093923437443,0.6037108366845102
2018-08-15,-0.007631208581378779,22.01982146914038,0.20245349866890194,-0.003393305041391953,-1.5322737994035582,0.6037108366845102,0.2877783631950727,0.47838927490108396,-0.007631208581378779,0.0,0.5877852522924732,-0.8090169943749473,2.683757531984173,0.09524186805072965,0.41276638123655385,0.37759092974976705,0.6086750848059126,0.4286328525094415
2018-08-16,0.007888214552638217,21.896366977914667,-0.1234544912257114,0.003261564312199539,1.3536735794753376,0.4286328525094415,-0.1750779841750687,-0.4628563473701414,0.0,0.007888214552638217,-0.587785252292473,-0.8090169943749475,2.598979091866817,-0.08477844011735591,0.4489550463407713,0.38578208103171185,0.6313966076154801,0.4793125316718223
2018-08-17,0.003317606375262905,21.834346735415124,-0.06202024249954263,0.004152214231338405,0.5527565565832242,0.4793125316718223,0.05067967916238081,0.2257576633374495,0.0,0.003317606375262905,-0.9510565162951536,0.30901699437494723,2.536866415880321,-0.06211267598649606,0.466826415910132,0.3947976307878782,0.5886400980419394,0.21592776903972544
2018-08-20,0.002425074902128621,21.73746337483485,-0.09688336058027502,0.0010926732394808104,0.41217411584194746,0.21592776903972544,-0.26338476263209687,-0.3140644417944777,0.0,0.002425074902128621,0.0,1.0,2.524928305812279,-0.011938110068042018,0.4087032926789874,0.39380735929689625,0.5495737073248509,0.2920216860310777
2018-08-21,0.002066399954626874,21.87826160995934,0.14079823512448897,0.0005065800712742003,0.3613188915404632,0.2920216860310777,0.07609391699135226,0.33947867962344913,0.0,0.002066399954626874,0.9510565162951535,0.30901699437494745,2.554121692112525,0.029193386300245816,0.4039211351873154,0.39378302045174335,0.5145215073250919,0.2833277544039526
2018-08-22,-0.0003982310542438583,21.71698046615557,-0.16128114380376957,0.00029009459420186395,-0.10262937877023885,0.2833277544039526,-0.008693931627125118,-0.08478784861847738,-0.0003982310542438583,0.0,0.5877852522924732,-0.8090169943749473,2.505525936990736,-0.04859575512178882,0.3398445187312039,0.3847498195618798,0.4845523562538743,0.3573256447352222
2018-08-23,-0.0016926939235348826,21.725532410194884,0.008551944039314918,-0.0011579159117123283,-0.34229398014830204,0.3573256447352222,0.07399789033126963,0.08269182195839475,-0.0016926939235348826,0.0,-0.587785252292473,-0.8090169943749475,2.5185025869209565,0.012976649930220407,0.32558307717636004,0.3812758403187017,0.4643189171522407,0.21057167773038707
2018-08-24,0.006179705928285095,21.679934305056722,-0.045598105138161316,0.004301822087952643,0.9598159128335201,0.21057167773038707,-0.14675396700483515,-0.22075185733610478,0.0,0.006179705928285095,-0.9510565162951536,0.30901699437494723,2.4840729499500287,-0.034429636970927824,0.271834906388073,0.3792515164735987,0.47965306381865774,0.20697912385813025
2018-08-27,0.007641141407110474,21.77585861997344,0.0959243149167186,0.004168541838200567,1.032076340126534,0.20697912385813025,-0.0035925538722568207,0.14316141313257832,0.0,0.007641141407110474,0.0,1.0,2.4981518639896745,0.014078914039645785,0.27004517735175393,0.3556822538867709,0.5195725260499028,0.23594435265062866
2018-08-28,0.000269242077598264,21.711977690842247,-0.06388092913119436,-0.0013553897544263866,-0.3675904035564482,0.23594435265062866,0.02896522879249841,0.03255778266475523,0.0,0.000269242077598264,0.9510565162951535,0.30901699437494745,2.5257286443082556,0.02757678031858113,0.2588297106756642,0.34447645238856595,0.48456495069206884,0.33387810720300004
2018-08-29,0.005685242468912222,21.754854742340367,0.04287705149812027,0.00461590027346195,0.6906416600266004,0.33387810720300004,0.09793375455237138,0.06896852575987297,0.0,0.005685242468912222,0.5877852522924732,-0.8090169943749473,2.505525936990736,-0.020202707317519497,0.2689397812354737,0.34202222154209183,0.4911177318395316,0.38512086212236013
2018-08-30,-0.004440172044458457,21.756610450175216,0.0017557078348495736,-0.0026884576379186485,-1.7319723024884874,0.38512086212236013,0.05124275491936009,-0.04669099963301129,-0.004440172044458457,0.0,-0.587785252292473,-0.8090169943749475,2.6049094224466427,0.09938348545590658,0.27449882471290127,0.3379220806678739,0.5090071774972755,0.34940831717467896
2018-08-31,0.0001344684673050267,21.783559938741842,0.02694948856662549,0.0010861939033985002,-0.4349082459879138,0.34940831717467896,-0.03571254494768117,-0.08695529986704126,0.0,0.0001344684673050267,-0.9510565162951536,0.30901699437494723,2.554121692112525,-0.050787730334117764,0.3022661526017596,0.3258633102125402,0.48006738034814583,0.36786182841090376
2018-09-04,-0.0016556920488790539,21.850601627957534,0.0670416892156922,-8.284552731389415e-05,-0.7701799623227346,0.36786182841090376,0.018453511236224795,0.054166056183905964,-0.0016556920488790539,0.0,0.9510565162951535,0.30901699437494745,2.5771819143023467,0.023060222189821733,0.33444269351231426,0.3327282560149357,0.4630604807945641,0.41878546674088857
2018-09-05,-0.0028070628012661913,21.90154537850604,0.05094375054850531,-0.0010345647479003339,-0.8929835037195898,0.41878546674088857,0.05092363832998481,0.032470127093760015,-0.0028070628012661913,0.0,0.5877852522924732,-0.8090169943749473,2.632607994965697,0.05542608066335042,0.3710109163303663,0.3350849689154859,0.458295171668935,0.5635091749642611
2018-09-06,-0.0036589910366187084,21.86883804479584,-0.03270733371019929,-0.0036727674841754796,-0.9652826486310677,0.5635091749642611,0.14472370822337255,0.09380006989338774,-0.0036589910366187084,0.0,-0.587785252292473,-0.8090169943749475,2.6844403094241867,0.05183231445848957,0.4169371298826185,0.35347322382993024,0.46834934243961135,0.47875597865408526
2018-09-07,-0.0022157978950136936,21.81404082773726,-0.05479721705858154,0.0011916230185651854,-0.6189007069201651,0.47875597865408526,-0.08475319631017586,-0.2294769045335484,-0.0022157978950136936,0.0,-0.9510565162951536,0.30901699437494723,2.7000180370958677,0.015577727671681085,0.4356641531889635,0.3652950016230159,0.45483469334008414,0.25353405252027683
2018-09-10,0.0018960282146931462,21.735266669009707,-0.07877415872755122,-0.0014795505473305832,0.45444635848173043,0.25353405252027683,-0.22522192613380843,-0.14046872982363257,0.0,0.0018960282146931462,0.0,1.0,2.6504210774895927,-0.04959695960627508,0.41648930025808306,0.36557331236263135,0.43027224146046433,0.524816127682116
2018-09-11,0.0037328656897148704,21.789527095741153,0.05426042673144593,0.005667152131462522,1.2262145645168288,0.524816127682116,0.2712820751618392,0.49650400129564765,0.0,0.0037328656897148704,0.9510565162951535,0.30901699437494745,2.581730854622391,-0.06869022286720172,0.4478801601123255,0.37199523826058833,0.42004178310179147,0.3781803488145894
2018-09-12,0.00035660834989403867,21.929619804352026,0.1400927086108723,0.00021805778888237383,0.1984054682124565,0.3781803488145894,-0.14663577886752666,-0.4179178540293659,0.0,0.00035660834989403867,0.5877852522924732,-0.8090169943749473,2.5756610391845274,-0.006069815437863557,0.4397591365270658,0.36588271271864264,0.3982050210542938,0.1979819125453834
2018-09-13,0.005268352159391476,21.90930580513267,-0.020313999219354173,0.002527081517639551,1.7451427622671412,0.1979819125453834,-0.180198436269206,-0.03356265740167935,0.0,0.005268352159391476,-0.587785252292473,-0.8090169943749475,2.5152741771529077,-0.06038686203161969,0.36665368404329024,0.36026601934035435,0.41363968068155654,0.3038338620448635
2018-09-14,0.0002754439007661702,21.879961482248152,-0.02934432288451916,-0.00048178133991430317,0.049724476986159075,0.3038338620448635,0.10585194949948012,0.28605038576868613,0.0,0.0002754439007661702,-0.9510565162951536,0.30901699437494723,2.4907230098256137,-0.02455116732729401,0.33166926072144587,0.34598616340513305,0.39131509701686623,0.3160338149621543
2018-09-17,-0.00558529099154903,21.811147424021296,-0.06881405822685593,-0.005189374324565249,-1.5161960314669538,0.3160338149621543,0.012199952917290813,-0.09365199658218931,-0.00558529099154903,0.0,0.0,1.0,2.615934934502575,0.1252119246769614,0.3441692132098213,0.3406243044743099,0.45306868571415204,0.41336204499005685
2018-09-18,0.005354652867625376,21.851821967311093,0.04067454328979636,0.004683339418460403,1.335698320800796,0.41336204499005685,0.09732823002790253,0.08512827711061172,0.0,0.005354652867625376,0.9510565162951535,0.30901699437494745,2.548663612608189,-0.06727132189438612,0.3218783966714095,0.33748380510851156,0.4605580466545164,0.20563762203597707
2018-09-19,0.0012524880331721278,21.91793348255387,0.06611151524277759,0.0004643019764346891,0.15966030927733793,0.20563762203597707,-0.20772442295407978,-0.3050526529819823,0.0,0.0012524880331721278,0.5877852522924732,-0.8090169943749473,2.463853240590168,-0.08481037201802089,0.28736985131568704,0.336993798108333,0.43441310333338634,0.27874047459791607
2018-09-20,0.007810014185328562,21.948957079583042,0.031023597029172123,0.003767223407659074,1.5206473576839423,0.27874047459791607,0.07310285256193899,0.28082727551601877,0.0,0.007810014185328562,-0.587785252292473,-0.8090169943749475,2.4680995476355903,0.004246307045422171,0.30352156372619354,0.33636135946865864,0.4895039425846178,0.2967150781614688
2018-09-21,-0.0003686009370067467,22.455358454893116,0.5064013753100731,-0.0024171741332857685,-0.6276615458451419,0.2967150781614688,0.017974603563552738,-0.05512824899838625,-0.0003686009370067467,0.0,-0.9510565162951536,0.30901699437494723,2.457878003528144,-0.010221544107446245,0.3020978069495146,0.33699885107615946,0.46294059084781614,0.2653047810431268
2018-09-24,-0.0035218823140139577,21.944694399471388,-0.5106640554217279,-0.0008422793263979286,-1.1974477113499735,0.2653047810431268,-0.03141029711834198,-0.04938490068189472,-0.0035218823140139577,0.0,0.0,1.0,2.5014359361052056,0.04355793257706164,0.2919520001657091,0.3326169051860597,0.47382385976902003,0.2104395449288913
2018-09-25,-0.0013059484931181586,21.9265023705916,-0.018192028879788325,-0.0021208206054675084,-0.5435184067118126,0.2104395449288913,-0.05486523611423552,-0.023454938995893543,-0.0013059484931181586,0.0,0.9510565162951535,0.30901699437494745,2.5193080826481626,0.01787214654295699,0.251367500153476,0.3326106131478932,0.45613447223939124,0.6333406299103662
2018-09-26,-0.0032946996811595852,21.952186831248817,0.0256844606572173,-0.003781596262595111,-0.8885171788926572,0.6333406299103662,0.42290108498147494,0.4777663210957105,-0.0032946996811595852,0.0,0.5877852522924732,-0.8090169943749473,2.5564518435859096,0.03714376093774696,0.33690810172835384,0.35291354200752345,0.4630435547418809,0.43203816710800075
2018-09-27,0.0027594762285110264,21.855106562232415,-0.0970802690164021,0.0008068105097720557,0.5853298716195056,0.43203816710800075,-0.20130246280236547,-0.6242035477838404,0.0,0.0027594762285110264,-0.587785252292473,-0.8090169943749475,2.5185025869209565,-0.03794925666495308,0.3675676402303708,0.36225134269596976,0.44182930516898367,0.30473685641983006
2018-09-28,-6.870144138027001e-06,21.96501985759703,0.10991329536461691,0.0013564371527127071,-0.0763940326720558,0.30473685641983006,-0.1273013106881707,0.07400115211419478,-6.870144138027001e-06,0.0,-0.9510565162951536,0.30901699437494723,2.4948569711988484,-0.023645615722108104,0.3691719958820431,0.3608636640872474,0.42016975225209796,0.46114349183804787
2018-10-01,0.003634492342198037,21.939924830507117,-0.025095027089914623,-0.000581092479361797,0.6527200016383646,0.46114349183804787,0.1564066354182178,0.2837079461063885,0.0,0.003634492342198037,0.0,1.0,2.4849066497880004,-0.009950321410848062,0.4083397380410273,0.364483789311804,0.4123766020777839,0.29115387710633445
2018-10-02,-0.0003967689102788441,21.95658965522837,0.016664824721253524,-0.00012659573481133202,-0.30924055268257944,0.29115387710633445,-0.16998961473171342,-0.32639625014993123,-0.0003967689102788441,0.0,0.9510565162951535,0.30901699437494745,2.4890646757652832,0.004158025977282875,0.42448260447651587,0.36170976835616847,0.39366935574061124,0.42667247485009896
2018-10-03,0.0007112667367188408,22.011260805288185,0.054671150059814266,-0.0021102007735388996,0.03213563850147462,0.42667247485009896,0.1355185977437645,0.30550821247547794,0.0,0.0007112667367188408,0.5877852522924732,-0.8090169943749473,2.451866766138503,-0.037197909626780046,0.3831489734644625,0.3645102753294635,0.3730162015927636,0.787441547844769
2018-10-04,-0.008203035421010085,21.9789872822589,-0.032273523029285656,-0.0060952298356612995,-2.1202635892762127,0.787441547844769,0.3607690729946701,0.22525047525090558,-0.008203035421010085,0.0,-0.587785252292473,-0.8090169943749475,2.6546494431534917,0.20278267701498853,0.454229649611816,0.3820653268106007,0.5114857302520855,0.9177375953467681
2018-10-05,-0.0055433145846226495,21.929482123083986,-0.04950515917491316,-0.005863751384192303,-1.0960544934973862,0.9177375953467681,0.13029604750199908,-0.230473025492671,-0.0055433145846226495,0.0,-0.9510565162951536,0.30901699437494723,2.695977599275783,0.041328156122291126,0.5768297973972036,0.39893334682881526,0.5486785380191043,0.6563199652741096
2018-10-08,-0.0003951947083491447,21.941679863357106,0.012197740273119706,0.0023949856259518703,0.22364704222408813,0.6563199652741096,-0.2614176300726585,-0.3917136775746576,-0.0003951947083491447,0.0,0.0,1.0,2.753023540000728,0.057045940724945066,0.615865092084416,0.40738877476310215,0.5145901458724568,0.5018249347300857
2018-10-09,-0.0014189098341548245,21.985042347149932,0.04336248379282637,-0.0007530725043265709,-0.0562734090143878,0.5018249347300857,-0.15449503054402391,0.10692259952863459,-0.0014189098341548245,0.0,0.9510565162951535,0.30901699437494745,2.7694588172725547,0.01643527727182681,0.6579993036091663,0.41921215010642643,0.4922264342172225,1.100299889215775
2018-10-10,-0.03341638904260158,22.2393288958436,0.25428654869366696,-0.031177974153111493,-2.690080640469138,1.100299889215775,0.5984749544856892,0.7529699850297131,-0.03341638904260158,0.0,0.5877852522924732,-0.8090169943749473,3.1337535315764806,0.3642947143039259,0.7927247864823015,0.4466161387508864,1.4800982579519082,1.8780495084570963
2018-10-11,-0.020787579972541437,22.315372426099493,0.07604353025589461,-0.017620032088281883,-1.2153308522094874,1.8780495084570963,0.7777496192413214,0.17927466475563214,-0.020787579972541437,0.0,-0.587785252292473,-0.8090169943749475,3.2180754863722245,0.08432195479574389,1.0108463786047668,0.5180384796862438,1.7097402366906747,1.1877205780983484
2018-10-12,0.0141062354083763,22.115544755078734,-0.19982767102075982,-0.0012316215047773191,1.4483049108303656,1.1877205780983484,-0.6903289303587479,-1.4680785496000692,0.0,0.0141062354083763,-0.9510565162951536,0.30901699437494723,3.059176421049164,-0.15889906532306064,1.064842975155083,0.5651688923316232,1.6364018854990405,0.6243568681801279
2018-10-15,-0.005922482291300213,21.925384924500563,-0.1901598305781711,-0.004729269864410465,0.01576846825392903,0.6243568681801279,-0.5633637099182205,0.12696522044052738,-0.005922482291300213,0.0,0.0,1.0,3.058707036896625,-0.00046938415253894306,1.0584503557362868,0.5804318926237786,1.477184287555697,0.6918757556606098
2018-10-16,0.021267828034901015,21.964609567990504,0.03922464348994126,0.015374196986374777,1.6213345884153314,0.6918757556606098,0.06751888748048185,0.6308825973987023,0.0,0.021267828034901015,0.9510565162951535,0.30901699437494745,2.8690346681376235,-0.1896723687590014,1.0964605199223914,0.5983291278951336,1.6135197842801898,0.8857040679098344
2018-10-17,-0.0002526942626648321,21.931357148864862,-0.03325241912564181,-0.000875293956050592,0.2449233619523372,0.8857040679098344,0.1938283122492246,0.12630942476874274,-0.0002526942626648321,0.0,0.5877852522924732,-0.8090169943749473,2.8564701842969358,-0.012564483840687757,1.0535413556612032,0.6208216051770277,1.4272987503226386,1.059910670744686
2018-10-18,-0.014496490575340637,22.015057192684036,0.0837000438191744,-0.011926647366610666,-0.6192809656398678,1.059910670744686,0.17420660283485156,-0.019621709414373023,-0.014496490575340637,0.0,-0.587785252292473,-0.8090169943749475,2.9987277559107772,0.14225757161384145,0.8899135881187213,0.6615012741631568,1.450356499012067,0.9376786286470891
2018-10-19,-0.0003612351352799692,22.00251493095585,-0.012542261728185622,-0.0028429596796089723,0.23946889747848812,0.9376786286470891,-0.12223204209759686,-0.2964386449324484,-0.0003612351352799692,0.0,-0.9510565162951536,0.30901699437494723,2.990217062179527,-0.008510693731250019,0.8399051982284694,0.6928792814988316,1.2976614436660259,0.6428420758980259
2018-10-22,-0.00430879709647769,21.926619449912938,-0.0758954810429131,-0.006531902803333872,0.01579859926109776,0.6428420758980259,-0.2948365527490632,-0.17260451065146631,-0.00430879709647769,0.0,0.0,1.0,2.9775682718493557,-0.012648790330171522,0.8436022397720491,0.7093615194862867,1.1709486948995322,1.5512901676734285
2018-10-23,-0.005527076180694479,22.198877456362855,0.27225800644991693,0.007199196270265862,-0.03525957245392265,1.5512901676734285,0.9084480917754026,1.2032846445244658,-0.005527076180694479,0.0,0.9510565162951535,0.30901699437494745,3.030616631200474,0.05304835935111818,1.0154851221746128,0.7705989188496345,1.093083980783241,1.4503173155528573
2018-10-24,-0.03135077386114027,22.279022342774187,0.08014488641133255,-0.030321370354526325,-1.7266600806071553,1.4503173155528573,-0.10097285212057128,-1.0094209438959738,-0.03135077386114027,0.0,0.5877852522924732,-0.8090169943749473,3.2280337445093408,0.1974171133088669,1.1284077717032173,0.8296407174507756,1.7411250046252198,1.2525366043343342
2018-10-25,0.01845371797871387,22.263124277520056,-0.015898065254130955,0.011408160535049686,1.216893074969587,1.2525366043343342,-0.19778071121852303,-0.09680785909795175,0.0,0.01845371797871387,-0.587785252292473,-0.8090169943749475,3.1871787097745945,-0.040855034734746276,1.166932958421147,0.8591262400423932,1.772609436473896,1.6935995175421423
2018-10-26,-0.017479138010003226,22.29278343176909,0.029659154249035424,-0.003443194935323029,-0.8591626196635064,1.6935995175421423,0.4410629132078081,0.6388436244263311,-0.017479138010003226,0.0,-0.9510565162951536,0.30901699437494723,3.18469836675089,-0.0024803430237043678,1.3181171362001576,0.9192005900630666,1.7998121954001591,2.5762224242108354
2018-10-29,-0.006581208295194152,22.271096395053124,-0.021687036715967167,-0.015552785595282738,-0.1603405951683101,2.5762224242108354,0.882622906668693,0.4415599934608849,-0.006581208295194152,0.0,0.0,1.0,3.206803274522168,0.022104907771277826,1.7047932058627198,1.027366569481686,1.6405975909380797,0.9016476820548668
2018-10-30,0.01554532297187805,22.357513428484186,0.08641703343106144,0.015761179058181758,1.3680798022073202,0.9016476820548668,-1.6745747421559685,-2.5571976488246615,0.0,0.01554532297187805,0.9510565162951535,0.30901699437494745,3.1505970004519392,-0.05620627407022871,1.5748647087390073,1.0483429594920106,1.6036563681327143,0.7955191998210159
2018-10-31,0.0107928787545708,22.359030148760457,0.001516720276271144,0.0022667564182802667,0.9235350441963641,0.7955191998210159,-0.10612848223385085,1.5684462599221176,0.0,0.0107928787545708,0.5877852522924732,-0.8090169943749473,3.055415254153051,-0.0951817462988882,1.443905085592639,1.0723603558117574,1.4948039476397346,0.6750963168696474
2018-11-01,0.010502498868529386,22.27724389238755,-0.08178625637290793,0.008351183392743058,0.7412053190904072,0.6750963168696474,-0.12042288295136849,-0.014294400717517641,0.0,0.010502498868529386,-0.587785252292473,-0.8090169943749475,2.9621754979149046,-0.0932397562381464,1.3284170280997016,1.084190062574593,1.4026158449985076,1.3622080442497742
2018-11-02,-0.0063367210558800124,22.172823688181555,-0.10442020420599363,-0.008188708679607982,-0.30087735538237154,1.3622080442497742,0.6871117273801267,0.8075346103314952,-0.0063367210558800124,0.0,-0.9510565162951536,0.30901699437494723,2.9709271663665335,0.008751668451628891,1.262138733441228,1.111559895736736,1.2888378302674373,0.625274379420298
2018-11-05,0.005584693697194609,22.018242288809372,-0.15458139937218363,0.004369866130251626,0.3946684470711951,0.625274379420298,-0.7369336648294762,-1.424045392209603,0.0,0.005584693697194609,0.0,1.0,2.9937302250152134,0.02280305864867982,0.8719491244831203,1.0976330759307138,1.1622377602286222,0.33072623485293046
2018-11-06,0.006239787744408254,21.988465434970426,-0.029776853838946238,0.006206978356784058,0.36082308978085526,0.33072623485293046,-0.2945481445673675,0.4423855202621087,0.0,0.006239787744408254,0.9510565162951535,0.30901699437494745,2.991222110412223,-0.0025081146029903856,0.7577648350427332,1.0821286125773242,1.0547184444206066,0.5431191395163826
2018-11-07,0.020987078560773753,22.091671138985074,0.10320570401464835,0.014230687203330154,1.2308168064055012,0.5431191395163826,0.21239290466345212,0.5069410492308196,0.0,0.020987078560773753,0.5877852522924732,-0.8090169943749473,2.794839368482153,-0.1963827419300701,0.7072848229818065,1.0840950032814338,1.3207085649602615,0.49805146873697004
2018-11-08,-0.0025120689884907677,22.02442433420188,-0.06724680478319556,0.00016040565615685416,-0.5271891971393076,0.49805146873697004,-0.04506767077941254,-0.25746057544286466,-0.0025120689884907677,0.0,-0.587785252292473,-0.8090169943749475,2.8166055665892396,0.021766198107086687,0.6718758533552711,1.0554165070681572,1.1949337682712402,0.7014427914485106
2018-11-09,-0.009241585915372497,22.11679148939248,0.09236715519060112,-0.0046959115400987805,-1.3359951544894069,0.7014427914485106,0.2033913227115406,0.24845899349095313,-0.009241585915372497,0.0,-0.9510565162951536,0.30901699437494723,2.854168744390704,0.03756317780146423,0.5397228027950184,0.9993876157820341,1.1635334883556208,0.8752419489880772
2018-11-12,-0.0198981509854681,22.032022891190962,-0.08476859820151716,-0.01734903901179137,-1.8449483424727748,0.8752419489880772,0.17379915753956654,-0.02959216517197405,-0.0198981509854681,0.0,0.0,1.0,3.0179829197963626,0.1638141754056588,0.5897163167085742,0.9845076810624973,1.394924381257701,1.0085987904579448
2018-11-13,-0.0014830188221734986,22.137374761804033,0.10535187061307028,-0.002886937154798965,-0.2504289935742458,1.0085987904579448,0.1333568414698676,-0.04044231606969895,-0.0014830188221734986,0.0,0.9510565162951535,0.30901699437494745,2.9967317967523925,-0.021251123043970033,0.7252908278295771,1.0028049154566792,1.265998302870762,1.355387285830662
2018-11-14,-0.007596188818451033,22.215958675080813,0.07858391327678049,-0.013354351561826664,-0.6234779782416108,1.355387285830662,0.34678849537271716,0.21343165390284957,-0.007596188818451033,0.0,0.5877852522924732,-0.8090169943749473,3.056356895370426,0.059625098618033334,0.8877444570924329,1.0344007026076338,1.209000045077909,1.4669514434613855
2018-11-15,0.010538032742642756,22.159530618078755,-0.05642805700205855,0.013525953057118057,0.9417030204339103,1.4669514434613855,0.11156415763072358,-0.23522433774199358,0.0,0.010538032742642756,-0.587785252292473,-0.8090169943749475,2.9947317503093127,-0.06162514506111316,1.081524452037316,1.0620791490624697,1.1721017621755758,0.7998674343096233
2018-11-16,0.0022208375374832556,22.1088024112684,-0.05072820681035495,0.006500700378570477,0.1522203100213513,0.7998674343096233,-0.6670840091517622,-0.7786481667824858,0.0,0.0022208375374832556,-0.9510565162951536,0.30901699437494723,2.8981194110402666,-0.09661233926904611,1.1012093806095387,1.0496961378036571,1.0553452535627434,1.0041582976095216
2018-11-19,-0.01678316123572099,22.06009155404396,-0.0487108572244388,-0.014760106156955118,-1.207749161899053,1.0041582976095216,0.20429086329989832,0.8713748724516606,-0.01678316123572099,0.0,0.0,1.0,3.000719834043623,0.10260042300335659,1.1269926503338275,1.0528618363256779,1.2369235089686013,0.9666830208697711
2018-11-20,-0.018317995556586197,22.198216471700544,0.13812491765658308,-0.004799491550054711,-1.0771897091217546,0.9666830208697711,-0.037475276739750485,-0.2417661400396488,-0.018317995556586197,0.0,0.9510565162951535,0.30901699437494745,3.1126260046623373,0.11190617061871411,1.1186094964161928,1.0682828337052848,1.3987445750475633,0.5248325281472072
2018-11-21,0.003038669310766906,21.898036375773025,-0.3001800959275194,-0.002942935165724748,0.8897111125822628,0.5248325281472072,-0.44185049272256394,-0.40437521598281345,0.0,0.003038669310766906,0.5877852522924732,-0.8090169943749473,3.03495295002749,-0.0776730546348472,0.9524985448795016,1.0194038984897502,1.2646669847291785,0.4405797382128167
2018-11-23,-0.006576419711855408,21.225058789286997,-0.6729775864860272,-0.00030385908219571103,-0.016505493655537613,0.4405797382128167,-0.08425278993439045,0.3575977027881735,-0.006576419711855408,0.0,-0.9510565162951536,0.30901699437494723,3.0689827565651293,0.03402980653763921,0.747224203829788,0.9713211567116533,1.185650418873817,0.3445964037248985
2018-11-26,0.015412975845366716,21.982726327173307,0.7576675378863094,0.008821446767961205,1.596271323295839,0.3445964037248985,-0.09598333448791818,-0.011730544553527733,0.0,0.015412975845366716,0.0,1.0,2.939161901882013,-0.12982085468311633,0.656169997712843,0.9280859090635849,1.2568972667009304,0.5609060788123278
2018-11-27,0.003256384364612508,21.974421800901375,-0.008304526271931678,0.006891234825667995,0.4486342627415105,0.5609060788123278,0.21630967508742927,0.31229300957534745,0.0,0.003256384364612508,0.9510565162951535,0.30901699437494745,2.9454910811847346,0.006329179302721588,0.5675195539534043,0.874148126266927,1.139250999963196,0.9898328912292704
2018-11-28,0.022714051303114324,22.105687709903396,0.13126590900202117,0.019260126856763583,1.643618187219503,0.9898328912292704,0.42892681241694264,0.21261713732951337,0.0,0.022714051303114324,0.5877852522924732,-0.8090169943749473,2.917230033020351,-0.028261048164383684,0.5721495280253042,0.7986057675535192,1.421114336388153,0.7953752229318533
2018-11-29,-0.0021854945453938512,22.003977435769077,-0.10171027413431943,0.0003032376258362205,-0.26916399589038825,0.7953752229318533,-0.19445766829741717,-0.6233844807143598,-0.0021854945453938512,0.0,-0.587785252292473,-0.8090169943749475,2.933324862149553,0.016094829129202015,0.6262580669822334,0.793545174261947,1.292551673853515,0.5170029627104994
2018-11-30,0.008137547716617455,22.26406295897717,0.26008552320809386,0.008152172362159612,0.5461652597360902,0.5170029627104994,-0.27837226022135386,-0.08391459192393669,0.0,0.008137547716617455,-0.9510565162951536,0.30901699437494723,2.8942530877156045,-0.03907177443394838,0.6415427118817699,0.7802824963043035,1.2116113406376392,0.6800131858123496
2018-12-03,0.010882001794362495,22.16347530274112,-0.10058765623605126,-4.654572129292259e-05,0.6724959639671423,0.6800131858123496,0.1630102231018502,0.44138248332320407,0.0,0.010882001794362495,0.0,1.0,2.79971742211329,-0.09453566560231463,0.7086260682992601,0.7805166329206225,1.1838049948155005,1.323746316310193
2018-12-04,-0.03290022883855581,22.230828265272873,0.06735296253175349,-0.03005060536367947,-2.026329086357334,1.323746316310193,0.6437331304978434,0.4807229073959932,-0.03290022883855581,0.0,0.9510565162951535,0.30901699437494745,3.032064191765613,0.23234676965232293,0.8611941157988332,0.7786851220663568,1.8155857439348104,1.83645593994938
2018-12-06,-0.001523387914144081,22.368153901548578,0.1373256362757047,0.012105823279620134,-0.23516974818832315,1.83645593994938,0.512709623639187,-0.13102350685865638,-0.001523387914144081,0.0,-0.587785252292473,-0.8090169943749475,3.053529397483493,0.02146520571788013,1.030518725542855,0.8363604344725036,1.64532115983926,1.8129936889164322
2018-12-07,-0.02359633545632267,22.16835726881048,-0.19979663273809578,-0.021855195747612396,-1.3419544541045005,1.8129936889164322,-0.023462251032947856,-0.5361718746721349,-0.02359633545632267,0.0,-0.9510565162951536,0.30901699437494723,3.1454445270766063,0.09191512959311332,1.234042418739771,0.906944598951718,1.8317175267854808,1.730447647183833
2018-12-10,0.0017606032229169344,22.149472979617688,-0.018884289192794057,0.002604066771697999,0.09210402709891793,1.730447647183833,-0.08254604173259916,-0.059083790699651306,0.0,0.0017606032229169344,0.0,1.0,3.1197182263759906,-0.025726300700615656,1.4767313556344375,0.9634840516977871,1.6592723962716243,1.2595799685813607
2018-12-11,-0.0003564096753061463,22.100378172243722,-0.04909480737396521,-0.010435395350378456,0.06352812721800175,1.2595799685813607,-0.47086767860247236,-0.3883216368698732,-0.0003564096753061463,0.0,0.9510565162951535,0.30901699437494745,3.0800734325062087,-0.039644793869781925,1.5926447121882397,0.9997473135951389,1.510394965679781,0.9172564804202434
2018-12-12,0.005404871010351364,22.116858500795594,0.016480328551871537,-0.002697122552467338,0.4053046763455051,0.9172564804202434,-0.34232348816111724,0.12854419044135512,0.0,0.005404871010351364,0.5877852522924732,-0.8090169943749473,3.0661906945405133,-0.013882737965695391,1.51134674501025,1.0100241559271261,1.388319971332491,0.8561304009631182
2018-12-13,-0.00019995031241482053,22.10413048406266,-0.012728016732932446,-0.003073855598674761,0.23403398012153082,0.8561304009631182,-0.061126079457125226,0.281197408703992,-0.00019995031241482053,0.0,-0.587785252292473,-0.8090169943749475,3.0277153009339313,-0.03847539360658203,1.3152816372129974,1.009114082211652,1.2586317915175533,0.8626314301774015
2018-12-14,-0.01927121226870021,22.125524586631528,0.021394102568866202,-0.01136994449490685,-0.955034075076733,0.8626314301774015,0.006501029214283305,0.06762710867140853,-0.01927121226870021,0.0,-0.9510565162951536,0.30901699437494723,3.074081201165457,0.046365900231525536,1.1252091854651913,1.0021632555316262,1.4414273950222798,1.615220869714424
2018-12-17,-0.020992284828576402,22.262585959910513,0.1370613732789856,-0.017447498617883847,-0.8768766895608687,1.615220869714424,0.7525894395370224,0.7460884103227391,-0.020992284828576402,0.0,0.0,1.0,3.199489129737002,0.12540792857154504,1.1021638299713097,1.0145362833356149,1.6038016429643966,1.2095702508161796
2018-12-18,8.639685378852846e-05,22.231598611413133,-0.03098734849737994,-0.005381849761953278,0.6833743207357464,1.2095702508161796,-0.4056506188982443,-1.1582400584352666,0.0,8.639685378852846e-05,0.9510565162951535,0.30901699437494745,3.2418107931681344,0.04232166343113253,1.0921618864182734,1.0022800360667954,1.4647693500171677,2.497470493237042
2018-12-19,-0.015515459175936108,22.362811915451392,0.13121330403825837,-0.01586499777129801,-0.7343160176358786,2.497470493237042,1.2879002424208625,1.6935508613191068,-0.015515459175936108,0.0,0.5877852522924732,-0.8090169943749473,3.2418107931681344,0.0,1.408204688981633,1.0831182769681011,1.500635748257491,1.8120467355178214
2018-12-20,-0.015897809484104464,22.44955835435626,0.08674643890486777,-0.01182486568711395,-0.6338643686182592,1.8120467355178214,-0.6854237577192208,-1.9733240001400834,-0.015897809484104464,0.0,-0.587785252292473,-0.8090169943749475,3.3456846421605997,0.10387384899246532,1.5993879558925737,1.1215891549637345,1.534505712667016,2.4646579340367536
2018-12-21,-0.020803120498540828,22.75900232596521,0.30944397160894965,-0.019975988135751934,-1.140020234992943,2.4646579340367536,0.6526111985189322,1.338034956238153,-0.020803120498540828,0.0,-0.9510565162951536,0.30901699437494723,3.404857362764368,0.059172720603768436,1.919793256664444,1.1929212936859717,1.6621083556757947,1.192442709468668
2018-12-24,-0.02748657287831424,21.68402120125641,-1.074981124708799,-0.0208187225964126,-1.384222864641852,1.192442709468668,-1.2722152245680856,-1.9248264230870178,-0.02748657287831424,0.0,0.0,1.0,3.585461486454794,0.18060412369042567,1.8352376246152928,1.2247122547012794,1.9258896887233499,2.3308213593872282
2018-12-26,0.0484031776708056,22.1701236417761,0.48610244051969076,0.04330369354339276,2.4813146670953428,2.3308213593872282,1.1383786499185602,2.4105938744866457,0.0,0.0484031776708056,0.5877852522924732,-0.8090169943749473,3.414771496671585,-0.1706899897832086,2.0594878463295023,1.3147237604714894,2.7325272508554437,2.365729884241275
2018-12-27,0.008526228968816163,22.143722465994212,-0.026401175781888497,0.018790646986020412,0.6629409326886432,2.365729884241275,0.03490852485404661,-1.1034701250645136,0.0,0.008526228968816163,-0.587785252292473,-0.8090169943749475,3.3998631280906957,-0.014908368580889508,2.0331397245303493,1.4109682119246503,2.471316704466741,1.3020530622216646
2018-12-28,-0.0012423539102313086,22.03925575282455,-0.10446671316966416,-0.005228220608197766,0.23154975494050442,1.3020530622216646,-1.0636768220196102,-1.0985853468736568,-0.0012423539102313086,0.0,-0.9510565162951536,0.30901699437494723,3.3442742396467224,-0.05558888844397325,1.931140989871118,1.446260925420333,2.2318645234916126,0.7222287042428002
2018-12-31,0.00845662586220719,21.96508918569225,-0.07416656713229841,0.003160405359500105,0.5425917670595953,0.7222287042428002,-0.5798243579788644,0.4838524640407458,0.0,0.00845662586220719,0.0,1.0,3.2355362687626434,-0.108737970884079,1.582655143912327,1.4335178688971677,2.053327158939985,1.223465660931396
2019-01-02,0.0012676930626263072,22.04052089719795,0.0754317115057006,0.013262730895744226,0.12516016920966797,1.223465660931396,0.5012369566885959,1.0810613146674604,0.0,0.0012676930626263072,0.5877852522924732,-0.8090169943749473,3.1450139466984486,-0.09052232206419486,1.5888597342048727,1.453903127849527,1.8727674316956897,0.8700684094370421
2019-01-03,-0.025068331818915546,22.07362986592725,0.03310896872929803,-0.017827081213335334,-0.9301510297160493,0.8700684094370421,-0.35339725149435397,-0.8546342081829499,-0.025068331818915546,0.0,-0.587785252292473,-0.8090169943749475,3.236715772974506,0.09170182627605739,1.2967091442148355,1.4707157681698384,2.0143660876204565,1.0900261992972846
2019-01-04,0.033759399060347306,22.166446075007556,0.09281620908030774,0.023016100300477557,1.3032610232831918,1.0900261992972846,0.2199577898602425,0.5733550413545965,0.0,0.033759399060347306,-0.9510565162951536,0.30901699437494723,3.0624558663436994,-0.1742599066308066,1.0415684072260376,1.4902401973834067,2.290944907696643,1.103241656648407
2019-01-07,0.006985975995229765,22.142298406896025,-0.024147668111531573,0.005537478546966548,0.15147145551002023,1.103241656648407,0.013215457351122284,-0.20674233250912022,0.0,0.006985975995229765,0.0,1.0,3.0633909042021177,0.0009350378584183083,1.001806126111386,1.4797399754947502,2.1070738833000306,0.8766671388504972
2019-01-08,0.009648587336497094,22.139133563551315,-0.003164843344709567,0.0024500858781331906,0.14458248016634198,0.8766671388504972,-0.2265745177979097,-0.239789975149032,0.0,0.009648587336497094,0.9510565162951535,0.30901699437494745,3.018960366129206,-0.04443053807291175,1.0326938130329253,1.4340357468709939,1.9687772064842697,0.713882436850727
2019-01-09,0.004089671332821787,22.131502691323202,-0.007630872228112651,0.0019206199078778156,-0.2727835118863186,0.713882436850727,-0.16278470199977013,0.06378981579813958,0.0,0.004089671332821787,0.5877852522924732,-0.8090169943749473,2.9947317503093127,-0.024228615819893218,0.9307771682167916,1.381697115820246,1.8201639158280944,0.8084213413777426
2019-01-10,0.004508241374462152,22.037338906818032,-0.09416378450517016,0.008947530559377363,-0.04096434081404929,0.8084213413777426,0.09453890452701552,0.25732360652678565,0.0,0.004508241374462152,-0.587785252292473,-0.8090169943749475,2.970414465569701,-0.02431728473961181,0.9184477546049316,1.3377911012580512,1.687509261784981,0.4773664922123399
2019-01-11,-0.0001463085444823875,21.9609035652439,-0.07643534157413256,0.003144030566090618,-0.30552128723641614,0.4773664922123399,-0.3310548491654027,-0.4255937536924182,-0.0001463085444823875,0.0,-0.9510565162951536,0.30901699437494723,2.9008720218899873,-0.06954244367971363,0.7959158131879427,1.3005428404785742,1.5551265659568003,0.5153378046427012
2019-01-14,-0.005271394587249567,22.028721548986262,0.06781798374236203,0.0008909876218594904,-0.6256168897790806,0.5153378046427012,0.03797131243036128,0.36902616159576396,-0.005271394587249567,0.0,0.0,1.0,2.9481164036094025,0.04724438171941525,0.6783350427868016,1.2814038559177388,1.4504677019035686,0.46468716776242325
2019-01-15,0.010664618879761001,22.00452740675654,-0.02419414222972094,0.009700946255616842,0.45250744684380545,0.46468716776242325,-0.05065063688027793,-0.08862194931063921,0.0,0.010664618879761001,0.9510565162951535,0.30901699437494745,2.9231616012282804,-0.024954802381122132,0.5959390485691868,1.262763701955801,1.4037631477547425,0.3516610633406292
2019-01-16,0.00221952052908847,22.079662688727485,0.07513528197094388,0.0005162058407427625,-0.13134161056275082,0.3516610633406292,-0.11302610442179406,-0.06237546754151613,0.0,0.00221952052908847,0.5877852522924732,-0.8090169943749473,2.9465420774476376,0.023380476219357238,0.5234947738671673,1.2384317797254785,1.284744281391077,0.8285076020497587
2019-01-17,0.007562730706236032,22.058900913441555,-0.02076177528592993,0.0101730947625686,0.01543725665998487,0.8285076020497587,0.4768465387091295,0.5898726431309236,0.0,0.007562730706236032,-0.587785252292473,-0.8090169943749475,2.8936995184175425,-0.05284255903009516,0.5275120260015704,1.200969243170018,1.214504897853319,0.5855580107577342
2019-01-18,0.013096912839855257,22.111810165240737,0.052909251799182044,0.007305562192515822,1.4184704621699304,0.5855580107577342,-0.24294959129202454,-0.719796130001154,0.0,0.013096912839855257,-0.9510565162951536,0.30901699437494723,2.8791984144362717,-0.014501103981270802,0.5491503297106493,1.1712543745958064,1.2548566960147176,0.9169955721006148
2019-01-22,-0.014258476827971656,22.090364636723294,-0.02144552851744308,-0.009442905243352869,-2.129856660290921,0.9169955721006148,0.3314375613428806,0.5743871526349051,-0.014258476827971656,0.0,0.9510565162951535,0.30901699437494745,3.03495295002749,0.15575453559121843,0.6294818832022321,1.0959936640655004,1.3159596313866135,1.0772337269163603
2019-01-23,0.0022004899194500993,21.93484067277018,-0.15552396395311519,-0.001809870418477469,-0.033749298810982056,1.0772337269163603,0.16023815481574555,-0.17119940652713506,0.0,0.0022004899194500993,0.5877852522924732,-0.8090169943749473,2.971439604435954,-0.06351334559153621,0.7519911950330194,1.0610025684178117,1.211571585572869,0.5351022221820353
2019-01-24,0.0013747801109778024,21.961416854963563,0.026576182193384312,0.0013216732779659796,-0.10424115459669188,0.5351022221820353,-0.542131504734325,-0.7023696595500706,0.0,0.0013747801109778024,-0.587785252292473,-0.8090169943749475,2.9386326492025887,-0.03280695523336519,0.7886794268013007,0.9691189630913966,1.0975559748962191,0.3608919934450852
2019-01-25,0.008452867700517785,22.063778005672887,0.10236115070932428,0.0027507696224427585,0.7243961682491176,0.3608919934450852,-0.17421022873695008,0.36792127599737495,0.0,0.008452867700517785,-0.9510565162951536,0.30901699437494723,2.8576189758040322,-0.08101367339855647,0.695156305080366,0.9295213099474163,1.0568248794658208,0.560609784659628
2019-01-28,-0.007877775848708524,22.01272435530489,-0.05105365036799725,-0.00042348692114192174,-1.1106021703723128,0.560609784659628,0.19971779121454275,0.37392801995149283,-0.007877775848708524,0.0,0.0,1.0,2.9375734038549357,0.07995442805090347,0.6901666598607447,0.8452255206746736,1.024726596765542,0.5196977871170855
2019-01-29,-0.0014573079351150042,21.981178381017198,-0.03154597428769179,-0.001850518770660656,-0.4318471671928115,0.5196977871170855,-0.04091199754254249,-0.24062978875708524,-0.0014573079351150042,0.0,0.9510565162951535,0.30901699437494745,2.951257739582145,0.013684335727209174,0.6107071028640388,0.7573192303354265,0.934132196155568,0.91389308439053
2019-01-30,0.015429609891559615,22.07994341940166,0.09876503838446027,0.01028373733514896,1.401130752624716,0.91389308439053,0.3941952972734445,0.435107294815987,0.0,0.015429609891559615,0.5877852522924732,-0.8090169943749473,2.871302186535503,-0.07995555304664181,0.5780389743588727,0.7388354218672772,1.049187908903416,0.6696083864857791
2019-01-31,0.0085606488097687,22.32342079598346,0.2434773765818008,0.006905972840908515,0.5655220528705116,0.6696083864857791,-0.24428469790475082,-0.6384799951781953,0.0,0.0085606488097687,-0.587785252292473,-0.8090169943749475,2.8075938130211036,-0.06370837351439951,0.6049402072196216,0.7363296924502762,1.0064523504978085,0.5075898202429365
2019-02-01,0.000898206584806438,22.053648360133536,-0.26977243584992294,0.0015566938301689304,-0.18981626465619986,0.5075898202429365,-0.1620185662428426,0.08226613166190822,0.0,0.000898206584806438,-0.9510565162951536,0.30901699437494723,2.78130062502572,-0.026293187995383605,0.6342797725791918,0.7022403667032068,0.9318976175182436,0.539606759813475
2019-02-04,0.006753381117479584,21.938015363540348,-0.11563299659318815,0.006768174730788454,0.5528706985633965,0.539606759813475,0.032016939570538416,0.19403550581338103,0.0,0.006753381117479584,0.0,1.0,2.755569687968872,-0.025730937056847925,0.6300791676099612,0.6865040976735131,0.9174691139760381,0.3232183981745392
2019-02-05,0.004697370437350301,22.00353835294501,0.06552298940466272,0.003424736139034195,0.12388138363552219,0.3232183981745392,-0.21638836163893577,-0.24840530120947418,0.0,0.004697370437350301,0.9510565162951535,0.30901699437494745,2.745345966245664,-0.010223721723208179,0.590783289821452,0.6499894404771919,0.8674580652011177,0.3520795326134967
2019-02-06,-0.0022269157175083265,21.972190018432414,-0.031348334512596665,-0.0012585168135430926,-0.8503814113068693,0.3520795326134967,0.028861134438957547,0.24524949607789331,-0.0022269157175083265,0.0,0.5877852522924732,-0.8090169943749473,2.73306797151839,-0.012277994727273978,0.4784205794660453,0.6142198155231485,0.7976757545192147,0.7962681891992004
2019-02-07,-0.009401193202230651,22.137671351270402,0.16548133283798805,-0.004233365211958812,-1.5046481695132752,0.7962681891992004,0.44418865658570367,0.4153275221467461,-0.009401193202230651,0.0,-0.587785252292473,-0.8090169943749475,2.7954504426495905,0.062382471131200656,0.5037525400087295,0.610391294111182,0.8471558053756383,0.5885615208222321
2019-02-08,0.0006759725660128169,22.0178587492276,-0.11981260204280275,0.005747825336112387,-0.12319292593825013,0.5885615208222321,-0.20770666837696827,-0.651895324962672,0.0,0.0006759725660128169,-0.9510565162951536,0.30901699437494723,2.7549338039876257,-0.040516638661964866,0.5199468801245887,0.6044236314431585,0.7851103686345712,0.3671474877085538
2019-02-11,0.000708851803818078,21.94566679529511,-0.07219195393248867,-0.0009589663746362768,-0.258277184599589,0.3671474877085538,-0.2214140331136783,-0.013707364736710026,0.0,0.000708851803818078,0.0,1.0,2.7707119789475727,0.015778174959947044,0.48545502570360444,0.5834105907922447,0.7268369898714775,0.429328187631114
2019-02-12,0.01280785290283859,22.06952435304329,0.12385755774817753,0.008091683847483369,1.212480357537896,0.429328187631114,0.0621806999225602,0.2835947330362385,0.0,0.01280785290283859,0.9510565162951535,0.30901699437494745,2.73631368615315,-0.03439829279442286,0.5066769835949194,0.5811230524788529,0.8356430683997081,0.33363475026132755
2019-02-13,0.003019431593711097,22.02751193922298,-0.04201241382030929,0.0009921195544958996,0.06029555457375335,0.33363475026132755,-0.09569343736978647,-0.15787413729234667,0.0,0.003019431593711097,0.5877852522924732,-0.8090169943749473,2.7504708926110997,0.014157206457949822,0.5029880271244855,0.5724705260797399,0.7839430664155937,0.6852682857962953
2019-02-14,-0.0026551633836984223,22.07014086544948,0.04262892622650227,0.0008124930452395291,-0.7018869072768026,0.6852682857962953,0.35163353553496773,0.4473269729047542,-0.0026551633836984223,0.0,-0.587785252292473,-0.8090169943749475,2.786245006354004,0.0357741137429044,0.48078804644390455,0.5829743888432576,0.7431455867810407,0.19030009962691483
2019-02-15,0.010820004664958027,22.017631295570364,-0.052509569879116924,0.005549346294754072,1.2516694161924007,0.19030009962691483,-0.49496818616938043,-0.8466017217043482,0.0,0.010820004664958027,-0.9510565162951536,0.30901699437494723,2.7020321185427174,-0.08421288781128666,0.40113576220484115,0.5752905334283189,0.7983377417533256,0.4530059917147674
2019-02-19,0.0014976213265915916,21.986055512727557,-0.0315757828428076,0.0037772273601149957,-0.07684398317547532,0.4530059917147674,0.26270589208785255,0.757674078257233,0.0,0.0014976213265915916,0.9510565162951535,0.30901699437494745,2.7000180370958677,-0.0020140814468496693,0.41830746300608385,0.5574095043647479,0.7424565422755911,0.38177397813601865
2019-02-20,0.001775533560740783,22.085480085615668,0.09942457288811113,0.002030969862351067,0.011468357806423475,0.38177397813601865,-0.07123201357874875,-0.3339379056666013,0.0,0.001775533560740783,0.5877852522924732,-0.8090169943749473,2.640484914257205,-0.059533122838662855,0.4087966211070648,0.5477055028113328,0.6915023717253642,0.41735923943290115
2019-02-21,-0.0035326693258417308,22.00371623250985,-0.08176385310581935,-0.0019297906104034927,-0.7857436831439518,0.41735923943290115,0.0355852612968825,0.10681727487563125,-0.0035326693258417308,0.0,-0.587785252292473,-0.8090169943749475,2.671386219368722,0.030901305111517008,0.4255415189413794,0.5239132964938227,0.6647318074129699,0.2738270358816758
2019-02-22,0.006390638694711015,21.95563657608446,-0.04807965642539003,0.004306221719817228,0.605485571754085,0.2738270358816758,-0.14353220355122537,-0.17911746484810787,0.0,0.006390638694711015,-0.9510565162951536,0.30901699437494723,2.603430168913768,-0.06795605045495368,0.34325326895845554,0.4856558350159806,0.662550319740787,0.42914399838256273
2019-02-25,0.0012311044497517187,22.07400037592674,0.11836379984228174,-0.0029426139561625916,-0.37092650723171194,0.42914399838256273,0.15531696250088695,0.2988491660521123,0.0,0.0012311044497517187,0.0,1.0,2.6979998909369054,0.09456972202313718,0.3910220487095851,0.4806102053112437,0.6208426894001803,0.34347090692944143
2019-02-26,-0.000790769672840419,22.025145447195957,-0.04885492873078334,0.0005512793740998058,-0.709351742984246,0.34347090692944143,-0.0856730914531213,-0.24099005395400824,-0.000790769672840419,0.0,0.9510565162951535,0.30901699437494745,2.7193197983897055,0.021319907452800102,0.3691150317525199,0.4797806297628798,0.5857631094078442,0.5123069506582039
2019-02-27,-0.0005441974362980773,22.05081552705011,0.025670079854151595,0.0017491000376683504,-0.5294440720812867,0.5123069506582039,0.16883604372876243,0.2545091351818837,-0.0005441974362980773,0.0,0.5877852522924732,-0.8090169943749473,2.6878474808095296,-0.03147231758017588,0.39522162625695695,0.47748049481043103,0.552486124587335,0.2728561947863621
2019-02-28,-0.00282950759895062,22.21522116880798,0.1644056417578703,-0.0012992562298782455,-0.8858621419452737,0.2728561947863621,-0.23945075587184178,-0.4082867996006042,-0.00282950759895062,0.0,-0.587785252292473,-0.8090169943749475,2.6932748974531537,0.005427416643624117,0.36632101732764916,0.46572613327087276,0.5423046486420855,0.5073561661230517
2019-03-01,0.006871656588713471,22.10829690069209,-0.10692426811588973,0.0019528955400546209,1.0414337312740234,0.5073561661230517,0.2344999713366896,0.4739507272085314,0.0,0.006871656588713471,-0.9510565162951536,0.30901699437494723,2.6078614513577736,-0.08541344609538015,0.4130268433759244,0.4463672324009928,0.5683837907827738,1.1511839999314977
2019-03-04,-0.003888107395255247,22.096913059345972,-0.011383841346116697,-0.007690198699306231,-1.1964175265834278,1.1511839999314977,0.643827833808446,0.4093278624717564,-0.003888107395255247,0.0,0.0,1.0,2.6830742228543785,0.07521277149660488,0.5574348436857114,0.46929940446983653,0.5683853895169663,0.3245653348696099
2019-03-05,-0.0011321734897071778,22.01287857854329,-0.08403448080268205,-0.0017048567088171294,-0.3924393647803302,0.3245653348696099,-0.8266186650618877,-1.4704464988703339,-0.0011321734897071778,0.0,0.9510565162951535,0.30901699437494745,2.6905648712332506,0.0074906483788721445,0.553653729273745,0.46058395278539244,0.5368719009739751,0.3528104265443077
2019-03-06,-0.00654547360412483,22.058314271241102,0.04543569269781145,-0.006767741019692026,-1.4047973345679952,0.3528104265443077,0.028245091674697798,0.8548637567365855,-0.00654547360412483,0.0,0.5877852522924732,-0.8090169943749473,2.756205228447844,0.0656403572145936,0.5217544244509658,0.4516888892963844,0.581103289428201,0.6047677230004043
2019-03-07,-0.008158911138330893,22.092452187282934,0.03413791604183203,-0.0063821177274850545,-1.4753996158258538,0.6047677230004043,0.25195729645609655,0.22371220478139875,-0.008158911138330893,0.0,-0.587785252292473,-0.8090169943749475,2.8088001133999354,0.05259488495209119,0.5881367300937743,0.46509600000237805,0.6447516654963101,0.4920053528458172
2019-03-08,-0.002133964131454391,21.954162908502237,-0.13828927878069663,0.004486797125614146,-0.08215177722885142,0.4920053528458172,-0.11276237015458707,-0.3647196666106836,-0.002133964131454391,0.0,-0.9510565162951536,0.30901699437494723,2.7757088020408553,-0.033091311359080056,0.5850665674383274,0.4717591342991552,0.6155628120837322,0.47133420188406155
2019-03-11,0.014559535563489767,22.048973857032774,0.09481094853053662,0.012905809630879473,2.2630646773471916,0.47133420188406155,-0.020671150961755647,0.09209121919283142,0.0,0.014559535563489767,0.0,1.0,2.662355236516009,-0.11335356552484654,0.4490966078288402,0.45628608728414866,0.8015089556106656,0.27830756255884964
2019-03-12,0.0029489657278052306,21.956508081555672,-0.09246577547710189,0.001498489778305876,0.4514797121811103,0.27830756255884964,-0.1930266393252119,-0.17235548836345627,0.0,0.0029489657278052306,0.9510565162951535,0.30901699437494745,2.6224923459841123,-0.03986289053189651,0.4398450533666881,0.4415120892716066,0.7435429901731618,0.480211374542312
2019-03-13,0.006925546757019063,22.05358490785361,0.09707682629793979,0.003970950973428013,0.8859810763767038,0.480211374542312,0.20190381198346236,0.39493045130867427,0.0,0.006925546757019063,0.5877852522924732,-0.8090169943749473,2.5960006859149227,-0.02649166006918957,0.46532524296628897,0.446896083882738,0.7308155329456334,0.28741584994973485
2019-03-14,-0.0008683993315958816,21.977647494942488,-0.07593741291112366,-0.0006762590498375117,-0.24699683693929747,0.28741584994973485,-0.19279552459257715,-0.3946993365760395,-0.0008683993315958816,0.0,-0.587785252292473,-0.8090169943749475,2.6026896854443837,0.006688999529461004,0.401854868356155,0.440138353516958,0.6806610607777506,0.4281536585929389
2019-03-15,0.004972519408430465,22.509975912918147,0.5323284179756591,0.004150327659020591,0.6301072478684948,0.4281536585929389,0.14073780864320407,0.3335333332357812,0.0,0.004972519408430465,-0.9510565162951536,0.30901699437494723,2.555675729561372,-0.047013955883011604,0.3890845295055794,0.44463925391370135,0.6546383715560334,0.24695974830907425
2019-03-18,0.0036990967989085632,22.00995254762363,-0.500023365294517,0.003652994096870614,0.3397205568929199,0.24695974830907425,-0.18119391028386467,-0.32193171892706873,0.0,0.0036990967989085632,0.0,1.0,2.572612259326932,0.016936529765559705,0.3442096387905819,0.4237674187952623,0.6242457293305969,0.7038199995324584
2019-03-19,-0.00013057007992678393,22.018195723991834,0.00824317636820382,-0.0028871745456710194,-0.24908668627947186,0.7038199995324584,0.4568602512233842,0.6380541615072488,-0.00013057007992678393,0.0,0.9510565162951535,0.30901699437494745,2.6071243134574336,0.034512054130501735,0.42931212618530373,0.4482207473621929,0.5854050889163446,0.7620228115142395
2019-03-20,-0.0029486967407699183,22.05276759992528,0.034571875933444574,-0.002514374707349811,-0.7731006178990089,0.7620228115142395,0.05820281198178101,-0.3986574392416032,-0.0029486967407699183,0.0,0.5877852522924732,-0.8090169943749473,2.632607994965697,0.025483681508263523,0.4856744135796892,0.46293583401931065,0.5675522336699034,0.7417961935291352
2019-03-21,0.010794015494688836,22.007699108103143,-0.04506849182213557,0.012392190802615484,1.225716552236534,0.7417961935291352,-0.020226617985104278,-0.07842942996688529,0.0,0.010794015494688836,-0.587785252292473,-0.8090169943749475,2.6122732541046934,-0.02033474086100373,0.5765504822955693,0.4800797490380305,0.6567458132541995,0.6155334183677318
2019-03-22,-0.019156827134272802,22.17106208226966,0.16336297416651746,-0.015521400644220723,-2.315902719735495,0.6155334183677318,-0.12626277516140338,-0.1060361571762991,-0.019156827134272802,0.0,-0.9510565162951536,0.30901699437494723,2.8021474967044036,0.1898742425997102,0.6140264342505278,0.4895166147015938,0.980823484720936,0.623940513922386
2019-03-25,-0.000839372833310037,21.948836714907323,-0.22222536736233778,0.0008401652894827503,-0.17092390590529308,0.623940513922386,0.008407095554654243,0.13466987071605763,-0.000839372833310037,0.0,0.0,1.0,2.7930039023103626,-0.009143594394041,0.6894225873731903,0.5061886850844848,0.900773654522138,0.6369068341092736
2019-03-26,0.007157052947934339,21.913718657083958,-0.035118057823364524,0.0020599990801032446,0.745362991641135,0.6369068341092736,0.012966320186887592,0.00455922463223335,0.0,0.007157052947934339,0.9510565162951535,0.30901699437494745,2.6864860439749103,-0.10651785833545224,0.6760399542885531,0.5160821534524234,0.8720775317273293,0.8990760327900603
2019-03-27,-0.004655143276599105,21.953607896584607,0.039889239500649154,-0.005102099493632674,-0.5438605688658301,0.8990760327900603,0.2621691986807867,0.2492028784938991,-0.004655143276599105,0.0,0.5877852522924732,-0.8090169943749473,2.718000506775858,0.03151446280094783,0.7034505985437174,0.5425395403981671,0.8359947087657631,0.5098945734419265
2019-03-28,0.0035830547152615466,21.88186254285746,-0.07174535372714885,0.002147631417723258,0.40303454565481595,0.5098945734419265,-0.38918145934813386,-0.6513506580289206,0.0,0.0035830547152615466,-0.587785252292473,-0.8090169943749475,2.669309393934482,-0.04869111284137606,0.6570702745262756,0.5424246652926301,0.787508141552169,0.39798841979071226
2019-03-29,0.006711706043324384,22.045693451504324,0.16383090864686523,0.0021650158993729257,0.7485136973915354,0.39798841979071226,-0.1119061536512142,0.27727530569691966,0.0,0.006711706043324384,-0.9510565162951536,0.30901699437494723,2.6181254963566425,-0.05118389757783959,0.6135612748108717,0.5483833426737897,0.7710145454944,0.31774489403235884
2019-04-01,0.011502195518044545,21.993051662670563,-0.05264178883376047,0.006494299819379706,1.134769668679563,0.31774489403235884,-0.08024352575835342,0.031662627892860784,0.0,0.011502195518044545,0.0,1.0,2.5952546784889754,-0.022870817867667093,0.5523221508328663,0.5393542344789948,0.821433696583069,0.34845866320304275
2019-04-02,1.745555485843653e-05,21.90720224696079,-0.08584941570977378,-0.00034870665176705147,-0.13213331555679725,0.34845866320304275,0.030713769170683913,0.11095729492903733,0.0,1.745555485843653e-05,0.9510565162951535,0.30901699437494745,2.5922651424106884,-0.002989536078287003,0.49463251665162017,0.5011292184443064,0.7728015365326859,0.49039878696216216
2019-04-03,0.00214607242008924,21.995831433018072,0.08862918605728254,-0.0009357997832034692,0.0468950604122652,0.49039878696216216,0.1419401237591194,0.1112263545884355,0.0,0.00214607242008924,0.5877852522924732,-0.8090169943749473,2.6203112701361366,0.028046127725448233,0.4128970674860405,0.5090260494963328,0.7282092391602794,0.32772599676103537
2019-04-04,0.002082465242994047,21.834708793091455,-0.16112263992661724,0.00187712406944318,0.14644718174503918,0.32772599676103537,-0.1626727902011268,-0.3046129139602462,0.0,0.002082465242994047,-0.587785252292473,-0.8090169943749475,2.608598116512439,-0.011713153623697625,0.37646335214986226,0.5078315528399864,0.6916572024308958,0.16997779834810212
2019-04-05,0.00462571762309949,21.872561734498298,0.037852941406843144,0.0029704805619221696,0.3034137908751214,0.16997779834810212,-0.15774819841293325,0.004924591788193544,0.0,0.00462571762309949,-0.9510565162951536,0.30901699437494723,2.551006427687861,-0.05759168882457821,0.33086122786134026,0.48712727071368633,0.6638870279714246,0.3365162856299957
2019-04-08,0.001046911750523627,21.840523220810535,-0.03203851368776256,0.0025275836231389605,-0.5348590903572172,0.3365162856299957,0.16653848728189358,0.3242866856948268,0.0,0.001046911750523627,0.0,1.0,2.578700552228821,0.027694124540960097,0.33461550618086766,0.47972302941769485,0.6289701595706986,0.27931231885203767
2019-04-09,-0.006085976435669771,21.83264660387203,-0.007876616938506942,-0.0029073556366207066,-1.5969419662939437,0.27931231885203767,-0.057203966777958026,-0.2237424540598516,-0.006085976435669771,0.0,0.9510565162951535,0.30901699437494745,2.6588599382119416,0.08015938598312067,0.3207862373106666,0.47057913022569364,0.6476009892944347,0.2134372398589299
2019-04-10,0.0034718377544997736,21.852158350739508,0.019511746867479474,0.0023710033873015,0.12354783085338222,0.2134372398589299,-0.06587507899310777,-0.00867111221514974,0.0,0.0034718377544997736,0.5877852522924732,-0.8090169943749473,2.5877640495686753,-0.07109588864326621,0.2653939278900202,0.4674900672399832,0.6216021395730146,0.26896333828259916
2019-04-11,3.812234034228368e-05,21.81204662137119,-0.04011172936831642,-0.0012455724977243337,-0.5442619684370836,0.26896333828259916,0.05552609842366926,0.12140117741677703,0.0,3.812234034228368e-05,-0.587785252292473,-0.8090169943749475,2.5664866719389225,-0.02127737762975279,0.2536413961943329,0.45743063694190167,0.587521164852789,0.2610275360749064
2019-04-12,0.006587578389545712,22.03861452852047,0.22656790714927766,0.0022553384886726522,0.8766620133835321,0.2610275360749064,-0.007935802207692744,-0.063461900631362,0.0,0.006587578389545712,-0.9510565162951536,0.30901699437494723,2.485739655149497,-0.08074701678942553,0.2718513437396938,0.4561740505669098,0.5975433558911809,0.314157785408965
2019-04-15,-0.000629567244356366,21.859344095297903,-0.17927043322256608,-0.000942565358260961,-0.5693132963029983,0.314157785408965,0.05313024933405858,0.06106605154175132,-0.000629567244356366,0.0,0.0,1.0,2.511223933334612,0.025484278185115006,0.2673796436954876,0.4507456756533873,0.5733806322356937,0.3562904809963449
2019-04-16,0.0005092283251393326,21.947958495140536,0.08861439984263342,-0.0017871340619794937,-0.2540381428657859,0.3562904809963449,0.04213269558737992,-0.010997553746678657,0.0,0.0005092283251393326,0.9510565162951535,0.30901699437494745,2.4997952873372333,-0.011428645997378695,0.28277527612434905,0.4559519010194478,0.5398823732573057,0.43579681786827623
2019-04-17,-0.0022764008207385444,22.017472321337603,0.06951382619706692,-0.005360664335633364,-0.8936113325998948,0.43579681786827623,0.07950633687193132,0.037373641284551395,-0.0022764008207385444,0.0,0.5877852522924732,-0.8090169943749473,2.533696844232807,0.03390155689557384,0.32724719172621836,0.4431888923687725,0.5264292202450909,0.40227213511950155
2019-04-18,0.0015778468242499954,21.978055322382833,-0.03941699895477058,7.57234966548528e-05,0.19301829245362176,0.40227213511950155,-0.03352468274877468,-0.113031019620706,0.0,0.0015778468242499954,-0.587785252292473,-0.8090169943749475,2.4923786772477015,-0.04131816698510571,0.3539089510935988,0.4260579077785468,0.5045425788518577,0.25308671512144887
2019-04-22,0.0010115058169324342,21.825249104475542,-0.15280621790729043,0.0031652642455782675,0.14578838991477178,0.25308671512144887,-0.14918541999805268,-0.115660737249278,0.0,0.0010115058169324342,0.0,1.0,2.5193080826481626,0.02692940540046118,0.35232078690290736,0.40278602785437123,0.47275605068407556,0.44482111093587506
2019-04-23,0.00880235117499506,22.024677463273132,0.19942835879759002,0.008107942954249863,1.7659599476730405,0.44482111093587506,0.1917343958144262,0.3409198158124789,0.0,0.00880235117499506,0.9510565162951535,0.30901699437494745,2.5079719009739794,-0.011336181674183265,0.37845345200828934,0.3946568703576162,0.5519060949411536,0.2170780664903266
2019-04-24,-0.0021941686030357843,21.96698229487997,-0.05769516839316324,-0.00230326397409303,-1.0701986019390277,0.2170780664903266,-0.22774304444554846,-0.4194774402599747,-0.0021941686030357843,0.0,0.5877852522924732,-0.8090169943749473,2.5756610391845274,0.067689138210548,0.35061096910708567,0.3752824680989467,0.5346154293118682,0.48644910873757474
2019-04-25,-0.00036904174027263537,21.958740215594933,-0.008242079285036397,-0.0009632763647000712,-0.4622748156246527,0.48644910873757474,0.26937104224724817,0.49711408669279666,-0.00036904174027263537,0.0,-0.587785252292473,-0.8090169943749475,2.583997552432231,0.008336513247703792,0.3607414272809454,0.36811781450981823,0.5147846990314621,0.4488861070357767
2019-04-26,0.0046743503233042105,21.906338752510926,-0.052401463084006394,0.004797338878598897,0.7772486760947619,0.4488861070357767,-0.03756300170179805,-0.3069340439490462,0.0,0.0046743503233042105,-0.9510565162951536,0.30901699437494723,2.5439613766098743,-0.040036175822356856,0.3700642216642004,0.34668019899770947,0.5076602781887724,0.23868317245674056
2019-04-29,0.0010709485042346145,21.870792091961416,-0.03554666054951028,0.0008328054608461635,-0.0440378627610031,0.23868317245674056,-0.21020293457903613,-0.17263993287723808,0.0,0.0010709485042346145,0.0,1.0,2.573375271587755,0.029413894977880606,0.36718351313125874,0.33376537037936727,0.48588168708998036,0.5508339992773155
2019-04-30,0.0009509646987915232,22.094385644949178,0.2235935529877615,0.002954355337854289,-0.12982299414094814,0.5508339992773155,0.31215082682057493,0.5223537613996111,0.0,0.0009509646987915232,0.9510565162951535,0.30901699437494745,2.574137774793312,0.0007625032055571523,0.3883860907995468,0.3410437313073007,0.4586686581394598,0.426729451030849
2019-05-01,-0.007530445850291834,22.023274921311174,-0.07111072363800375,-0.009734523887916988,-1.8727097520075886,0.426729451030849,-0.12410454824646644,-0.4362553750670414,-0.007530445850291834,0.0,0.5877852522924732,-0.8090169943749473,2.69462719365756,0.1204894188642478,0.43031636770765136,0.3462334721167527,0.5514840895357805,0.7495936954234059
2019-05-02,-0.002126244648682274,22.058869354011208,0.03559443270003371,-0.0015890917340787404,-0.6286408210625152,0.7495936954234059,0.3228642443925569,0.44696879263902334,-0.002126244648682274,0.0,-0.587785252292473,-0.8090169943749475,2.6686161371476453,-0.026011056509914532,0.4829452850448176,0.36533514031772235,0.5339173642627948,0.28344088900935427
2019-05-03,0.009592127478916801,21.934367173107663,-0.12450218090354426,0.005593325747847809,1.5843214917612387,0.28344088900935427,-0.46615280641405166,-0.7890170508066086,0.0,0.009592127478916801,-0.9510565162951536,0.30901699437494723,2.554899012715967,-0.11371712443167814,0.449856241439533,0.35548000231996957,0.6130224372464338,0.8041060429458862
2019-05-06,-0.004481013189072236,21.887434878490662,-0.04693229461700099,0.008073533136014183,-0.9666317548254793,0.8041060429458862,0.5206651539365319,0.9868179603505836,-0.004481013189072236,0.0,0.0,1.0,2.7369615174193824,0.18206250470341523,0.5629408155373621,0.3781647664240101,0.6123209698271213,1.067100765748442
2019-05-07,-0.01664948808890543,22.056438918404936,0.16900403991427382,-0.009998213407903715,-2.112683721045825,1.067100765748442,0.26299472280255576,-0.25767043113397614,-0.01664948808890543,0.0,0.9510565162951535,0.30901699437494745,2.961140812988524,0.2241792955691415,0.6661941688315876,0.4208849077287882,0.9036215143637998,0.6047591645568351
2019-05-08,-0.0016067153894203656,21.988270709765228,-0.06816820863970818,-6.604777053655158e-05,0.00576156394451169,0.6047591645568351,-0.46234160119160683,-0.7253363239941626,-0.0016067153894203656,0.0,0.5877852522924732,-0.8090169943749473,2.9652730464058945,0.004132233417370568,0.7018001115367847,0.4336583781538758,0.8344415466513513,0.9508014669611006
2019-05-09,-0.0030259986619283197,22.020469388099187,0.03219867833395895,0.0037971492397747297,-0.15745737200510262,0.9508014669611006,0.3460423024042655,0.8083839035958723,-0.0030259986619283197,0.0,-0.587785252292473,-0.8090169943749475,2.949688355024821,-0.015584691381073323,0.7420416658443235,0.46563405187335494,0.7941733665072445,1.5820173693020851
2019-05-10,0.003713394069919218,21.994929065222625,-0.02554032287656227,0.006371265241937156,0.8205676994481361,1.5820173693020851,0.6312159023409846,0.2851735999367191,0.0,0.003713394069919218,-0.9510565162951536,0.30901699437494723,2.7750856595161313,-0.1746026955086899,1.00175696190287,0.530804534227791,0.7470686560506709,0.7457474343006014
2019-05-13,-0.024426469138497886,22.084311618711297,0.0893825534886723,-0.010021146598751187,-2.0256508164610674,0.7457474343006014,-0.8362699350014837,-1.4674858373424682,-0.024426469138497886,0.0,0.0,1.0,3.0228609038162353,0.247775244300104,0.9900852401738129,0.5535085388000768,1.2259348100613594,0.7447035712484945
2019-05-14,0.007983987523216385,21.93367587803442,-0.15063574067687568,0.005054292847776472,1.1301346758498885,0.7447035712484945,-0.001043863052106908,0.8352260719493768,0.0,0.007983987523216385,0.9510565162951535,0.30901699437494745,2.8936995184175425,-0.12916138539869282,0.9256058012738233,0.5765407309512,1.1724872189373792,0.8554613982348828
2019-05-15,0.005821994327722457,21.867775220319906,-0.06590065771451492,0.010784179871117343,0.7723198512796912,0.8554613982348828,0.11075782698638825,0.11180169003849516,0.0,0.005821994327722457,0.5877852522924732,-0.8090169943749473,2.79971742211329,-0.09398209630425258,0.9757462480094329,0.6023170934667199,1.092783262130084,0.7757923398697224
2019-05-16,0.008855957116499447,21.928778455449773,0.06100323512986705,0.00715969197029333,0.9024924244467766,0.7757923398697224,-0.07966905836516036,-0.1904268853515486,0.0,0.008855957116499447,-0.587785252292473,-0.8090169943749475,2.727199017446074,-0.07251840466721582,0.9407444225911572,0.6222933724606903,1.0562356087656084,0.7697144337876507
2019-05-17,-0.0058544371740438805,21.922037137174446,-0.006741318275327757,0.0003252572530450193,-0.2683881529048879,0.7697144337876507,-0.006077906082071705,0.07359115228308866,-0.0058544371740438805,0.0,-0.9510565162951536,0.30901699437494723,2.770085594411824,0.042886576965750045,0.7782838354882704,0.6381942113139938,1.00985887831293,0.5601987123890625
2019-05-20,-0.00677225797540526,21.91529257055755,-0.0067445666168950424,-0.0006018690087165661,-0.3305547777929825,0.5601987123890625,-0.2095157213985882,-0.2034378153165165,-0.00677225797540526,0.0,0.0,1.0,2.7917783838887393,0.02169278947691522,0.7411740911059626,0.6457145245173063,0.9844749511957459,0.2903810109126712
2019-05-21,0.008459949093190922,21.893593953466386,-0.021698617091164607,0.0036164434439848662,0.8923372435164418,0.2903810109126712,-0.2698177014763913,-0.060301980077803075,0.0,0.008459949093190922,0.9510565162951535,0.30901699437494745,2.7047112870785104,-0.08706709681022895,0.6503095790387979,0.6474904433645072,0.9614125993462718,0.3552172133741906
2019-05-22,-0.0028283923638996455,21.88453988705232,-0.009054066414066142,7.351148645935257e-05,-0.19684407728610157,0.3552172133741906,0.06483620246151939,0.33465390393791067,-0.0028283923638996455,0.0,0.5877852522924732,-0.8090169943749473,2.691243082785829,-0.013468204292681474,0.5502607420666595,0.6432235910996651,0.9000293039759039,0.7148989828167364
2019-05-23,-0.011985692241282209,22.084068016161815,0.19952812910949547,-0.005110495095654211,-0.9470863033383335,0.7148989828167364,0.35968176944254576,0.2948455669810264,-0.011985692241282209,0.0,-0.587785252292473,-0.8090169943749475,2.8284963586871754,0.1372532759013465,0.5380820706560623,0.6669293490199704,0.9707428789822693,0.5100878884847007
2019-05-24,0.0013526437720372542,21.784255867930334,-0.2998121482314815,-0.0022443721408654696,0.3061886761356311,0.5100878884847007,-0.2048110943320357,-0.5644928637745814,0.0,0.0013526437720372542,-0.9510565162951536,0.30901699437494723,2.76316952439078,-0.0653268342963953,0.4861567615954723,0.668055005198405,0.8982019929364615,0.7616380760245952
2019-05-28,-0.008410950000260264,22.145646195676722,0.36139032774638835,-0.009814736465247775,-1.0319188996633841,0.7616380760245952,0.25155018753989455,0.45636128187193026,-0.008410950000260264,0.0,0.9510565162951535,0.30901699437494745,2.8622008809294686,0.09903135653868844,0.5264446343225788,0.6829479561026345,0.9115267079710002,0.6408127744784472
2019-05-29,-0.00693591016723083,22.03189861187578,-0.11374758380094363,-0.002594521528350727,-0.6830966647486052,0.6408127744784472,-0.12082530154614801,-0.37237548908604257,-0.00693591016723083,0.0,0.5877852522924732,-0.8090169943749473,2.8848006915355513,0.022599810606082738,0.5965309870357339,0.7020969847703347,0.8992277380885616,0.5629738860093827
2019-05-30,0.002096272674997124,21.90989816070971,-0.12200045116606972,0.0006887499819637807,0.6023330062892501,0.5629738860093827,-0.0778388884690645,0.04298641307708351,0.0,0.002096272674997124,-0.587785252292473,-0.8090169943749475,2.8507064574031857,-0.034094234132365564,0.6380823215627724,0.7026750746147188,0.8490462458763095,0.3506799829057578
2019-05-31,-0.013283205250453456,22.105218285843062,0.19532012513335317,-0.0051066829531869464,-1.3139620680839725,0.3506799829057578,-0.2122939031036249,-0.1344550146345604,-0.013283205250453456,0.0,-0.9510565162951536,0.30901699437494723,2.9290580913534825,0.07835163395029676,0.5652385215805767,0.699053671370667,0.9619755531014095,0.867586199112514
2019-06-03,-0.0027690706543079813,22.097578706053728,-0.00763957978933405,-0.0025764584538899315,0.1984341913470901,0.867586199112514,0.5169062162067561,0.729200119310381,-0.0027690706543079813,0.0,0.0,1.0,2.9370433095675357,0.00798521821405318,0.6367381837061394,0.7046723620225291,0.9076026025920843,0.5539334550490452
2019-06-04,0.021205927081077824,22.061978428756127,-0.03560027729760051,0.01459989446764786,2.1744833656074807,0.5539334550490452,-0.31365274406346877,-0.8305589602702249,0.0,0.021205927081077824,0.9510565162951535,0.30901699437494745,2.8314470387838178,-0.10559627078371792,0.5951972595110294,0.7175529604053716,1.1608158437649334,0.6381351511027078
2019-06-05,0.008128726978813283,21.996044295515244,-0.0659341332408836,0.0028559451565986498,0.9177741214880175,0.6381351511027078,0.08420169605366257,0.39785444011713134,0.0,0.008128726978813283,0.5877852522924732,-0.8090169943749473,2.7781979704876907,-0.05324906829612708,0.5946617348358815,0.7096495846033155,1.1310625167744852,0.6620175895238701
2019-06-06,0.00611684067600482,21.960230379483246,-0.035813916031997906,0.005282092841261763,0.6215906785769391,0.6620175895238701,0.023882438421162333,-0.060319257632500234,0.0,0.00611684067600482,-0.587785252292473,-0.8090169943749475,2.7682041430792563,-0.009993827408434353,0.6144704755387791,0.6903599095450026,1.0680385532829988,0.654600009768756
2019-06-07,0.010442979247259565,21.900190105981682,-0.06004027350156349,0.007149600579278077,0.8466029203161276,0.654600009768756,-0.007417579755114145,-0.03130001817627648,0.0,0.010442979247259565,-0.9510565162951536,0.30901699437494723,2.7911650610066143,0.022960917927357993,0.6752544809113786,0.6927332831265226,1.0622923140697678,0.4700074265593996
2019-06-10,0.004649220074766092,21.88950250589994,-0.010687600081741522,0.00031178622375700456,0.24628566787970305,0.4700074265593996,-0.1845925832093564,-0.17717500345424225,0.0,0.004649220074766092,0.0,1.0,2.768831647037307,-0.022333413969307436,0.5957387264007556,0.6698383288216798,0.9957605678291895,0.6871286597249883
2019-06-11,-0.0003499414579515303,21.990495091188972,0.10099258528903121,-0.006063269283269763,-0.3405954246361099,0.6871286597249883,0.21712123316558868,0.4017138163749451,-0.0003499414579515303,0.0,0.9510565162951535,0.30901699437494745,2.771963512531802,0.0031318654944949564,0.6223777673359444,0.6272245807465798,0.9271436917680056,0.3350942708869537
2019-06-12,-0.002039657827237029,21.83508058862124,-0.1554145025677336,-0.0010029874816648331,-0.5942275767134019,0.3350942708869537,-0.35203438883803456,-0.5691556220036232,-0.002039657827237029,0.0,0.5877852522924732,-0.8090169943749473,2.7669478327590045,-0.005015679772797377,0.5617695912927936,0.6076696682030729,0.8756368567555726,0.30282954404652296
2019-06-13,0.00408901050284971,21.85487437906473,0.019793790443490167,0.001869164477435248,0.05120592757754925,0.30282954404652296,-0.032264726840430746,0.3197696619976038,0.0,0.00408901050284971,-0.587785252292473,-0.8090169943749475,2.761274943049003,-0.00567288971000135,0.4899319821973241,0.5866280478601218,0.8266553089195032,0.3632040499767094
2019-06-14,-0.0016128117861526903,21.81947858267934,-0.03539579638538726,5.539232673920114e-05,-0.8707342277640076,0.3632040499767094,0.06037450593018645,0.0926392327706172,-0.0016128117861526903,0.0,-0.9510565162951536,0.30901699437494723,2.7265447662626667,-0.034730176786336386,0.4316527902389148,0.5631872217525897,0.7757834802969565,0.24374032256692574
2019-06-17,0.0009313154323526973,21.762977018047916,-0.05650156463142508,-2.7711474884182484e-05,-0.6025489551123034,0.24374032256692574,-0.11946372740978367,-0.17983823333997012,0.0,0.0009313154323526973,0.0,1.0,2.731115498884654,0.004570732621987261,0.3863993694404201,0.5378514114048376,0.7231764335714195,0.5672941105722414
2019-06-18,0.009670489592970455,21.959184882864594,0.19620786481667807,0.003790927350526998,1.2273122090674884,0.5672941105722414,0.3235537880053157,0.44301751541509937,0.0,0.009670489592970455,0.9510565162951535,0.30901699437494745,2.718000506775858,-0.013114992108795853,0.36243245960987064,0.52821234839458,0.7622700539356297,0.47523509483191784
2019-06-19,0.0029807167930240297,21.9172549701664,-0.041929912698194016,0.002021516676759552,-0.11555785201321207,0.47523509483191784,-0.0920590157403236,-0.4156128037456393,0.0,0.0029807167930240297,0.5877852522924732,-0.8090169943749473,2.662355236516009,-0.05564527025984933,0.3904606243988635,0.5241664618442398,0.7139087749178482,0.6304379632442066
2019-06-20,0.009427605335873501,22.095222908819707,0.17796793865330685,0.0015514923931228182,1.1880495496358643,0.6304379632442066,0.1552028684122888,0.2472618841526124,0.0,0.009427605335873501,-0.587785252292473,-0.8090169943749475,2.691243082785829,0.028887846269820106,0.45598230823840014,0.5403596500505033,0.7490575019283296,0.4106967750962874
2019-06-21,-0.001260016279728049,22.333411499066607,0.23818859024689942,-0.000762302335434893,-0.9025038463158771,0.4106967750962874,-0.21974118814791926,-0.37494405656020807,-0.001260016279728049,0.0,-0.9510565162951536,0.30901699437494723,2.7343674846488217,0.04312440186299282,0.4654808532623158,0.5430015339420318,0.7030202528985393,0.22701763034050146
2019-06-24,-0.0017333884605870153,21.866520015356414,-0.4668914837101923,-0.002058695300111615,-0.8372798184451915,0.22701763034050146,-0.18367914475578592,0.03606204339213334,-0.0017333884605870153,0.0,0.0,1.0,2.7252350408551207,-0.00913244379370104,0.46213631481703094,0.5197690885860206,0.6689742559602955,0.42325662665631997
2019-06-25,-0.00954177564038794,21.998469407084787,0.13194939172837294,-0.00968773460993098,-1.8436342564315729,0.42325662665631997,0.1962389963158185,0.37991814107160443,-0.00954177564038794,0.0,0.9510565162951535,0.30901699437494745,2.7899374027516357,0.06470236189651501,0.43332881803384665,0.5156342665941929,0.7452768864358243,0.3954935143595838
2019-06-26,-0.0012346956788036323,21.979266416148054,-0.0192029909367335,-0.004209031739211364,-0.42037467989451865,0.3954935143595838,-0.02776311229673617,-0.22400210861255468,-0.0012346956788036323,0.0,0.5877852522924732,-0.8090169943749473,2.7856282792684133,-0.004309123483222432,0.4173805019393798,0.4981988112768113,0.7089347211621106,0.23413336266969964
2019-06-27,0.003815885792590734,21.874628691316254,-0.10463772483180023,0.001799962130787468,0.4679184631014557,0.23413336266969964,-0.16136015168988416,-0.133597039393148,0.0,0.003815885792590734,-0.587785252292473,-0.8090169943749475,2.761274943049003,-0.02435333621941016,0.3381195818244785,0.4788331250002044,0.6787205559355136,0.30727500167083727
2019-06-28,0.005740941840599589,22.413850462984403,0.5392217716681493,0.003002732074757321,0.6671210096466492,0.30727500167083727,0.07314163900113763,0.23450179069102178,0.0,0.005740941840599589,-0.9510565162951536,0.30901699437494723,2.7133693575205298,-0.04790558552847335,0.31743522713938843,0.4666569876507498,0.6619225845430038,0.5949349100696015
2019-07-01,0.007643018610953511,21.983106556393572,-0.4307439065908305,-0.002385494429806004,0.8418194085173077,0.5949349100696015,0.28765990839876426,0.21451826939762664,0.0,0.007643018610953511,0.0,1.0,2.643333916227234,-0.07003544129329597,0.39101868308520843,0.47828817465855195,0.6718657706205424,0.37352032085518844
2019-07-02,0.0029238472769890222,21.894040635464016,-0.08906592092955634,0.002812585836082636,0.18979720148752208,0.37352032085518844,-0.2214145892144131,-0.5090744976131774,0.0,0.0029238472769890222,0.9510565162951535,0.30901699437494745,2.5595502163859143,-0.0837836998413195,0.3810714219249821,0.45476122807486974,0.6377936386028089,0.2071518413854574
2019-07-03,0.007643095660683663,21.398030082480034,-0.4960105529839822,0.005939182760302981,0.9119301925109721,0.2071518413854574,-0.16636847946973105,0.05504610974468205,0.0,0.007643095660683663,0.5877852522924732,-0.8090169943749473,2.5313129983240508,-0.028237218061863523,0.3434030873301569,0.43824781790041323,0.6561311440641279,0.6047292228097797
2019-07-05,-0.0018075342045484888,21.613081168417963,0.21505108593792954,0.002062013363974308,-0.5647431529247776,0.6047292228097797,0.3975773814243223,0.5639458608940533,-0.0018075342045484888,0.0,-0.9510565162951536,0.30901699437494723,2.5862591239406965,0.05494612561664569,0.41752225935817294,0.4366570594102737,0.6339243424734659,0.24070872880595454
2019-07-08,-0.0048471730101233845,21.79565734631363,0.18257617789566538,-0.0012828235383921418,-1.009218419942702,0.24070872880595454,-0.3640204940038252,-0.7615978754281475,-0.0048471730101233845,0.0,0.0,1.0,2.6361961000668175,0.049936976126121024,0.40420900478519634,0.4165947327094206,0.6441076162546037,0.32523661717260954
2019-07-09,0.0012357930584538934,21.832926863229073,0.037269516915444,0.004746689320042737,0.01409186885722218,0.32523661717260954,0.08452788836665501,0.4485483823704802,0.0,0.0012357930584538934,0.9510565162951535,0.30901699437494745,2.6454653367401053,0.009269236673287828,0.3502693462057979,0.4009107616334136,0.609005743024613,0.4265095059493942
2019-07-10,0.0045005469360823724,21.873141419868738,0.04021455663966478,0.0012603767257698432,0.4637523626019618,0.4265095059493942,0.10127288877678464,0.016745000410129635,0.0,0.0045005469360823724,0.5877852522924732,-0.8090169943749473,2.5672543706433686,-0.07821096609673672,0.360867183224639,0.3988394320805562,0.5973036927589817,0.31932208683410424
2019-07-11,0.002282619578949152,21.872479347558507,-0.0006620723102308546,9.660587435533239e-05,-0.15884258938740528,0.31932208683410424,-0.10718741911528995,-0.2084603078920746,0.0,0.002282619578949152,-0.587785252292473,-0.8090169943749475,2.5595502163859143,-0.007704154257454299,0.3833012323143684,0.3813248333714665,0.5766517859306629,0.18437620785120806
2019-07-12,0.0046095343020660096,21.816577435412547,-0.05590191214595919,0.0034600955191550664,0.404556127694634,0.18437620785120806,-0.13494587898289617,-0.027758459867606222,0.0,0.0046095343020660096,-0.9510565162951536,0.30901699437494723,2.516889723350716,-0.042660493035198144,0.2992306293226541,0.37414778275071675,0.5643400355947646,0.199249116048491
2019-07-15,0.00017585372838446744,21.77970104706303,-0.03687638834951912,-0.0011604583266569511,-0.5708521484847642,0.199249116048491,0.01487290819728293,0.1498187871801791,0.0,0.00017585372838446744,0.0,1.0,2.5400259730765704,0.023136249725854263,0.2909387067711614,0.36921538141747706,0.5355557956394769,0.27993743649323505
2019-07-16,-0.00340958455501017,21.916287900478984,0.136586853415956,-0.0026893683958416634,-1.2198008526513822,0.27993743649323505,0.08068832044474405,0.06581541224746112,-0.00340958455501017,0.0,0.9510565162951535,0.30901699437494745,2.554121692112525,0.014095719035954524,0.2818788706352865,0.3652503045849307,0.5400934380571695,0.24877369239781458
2019-07-17,-0.006552665466093899,21.881922187095274,-0.03436571338371053,-0.0069054808708359835,-1.5234201693694487,0.24877369239781458,-0.03116374409542047,-0.11185206454016453,-0.006552665466093899,0.0,0.5877852522924732,-0.8090169943749473,2.636912192383316,0.08279050027079116,0.24633170792497058,0.3654899888625921,0.5890098336270911,0.4916523228430251
2019-07-18,0.0035755977088189894,21.938125167718027,0.05620298062275353,0.005436921324954769,0.9049438749848229,0.4916523228430251,0.24287863044521055,0.274042374540631,0.0,0.0035755977088189894,-0.587785252292473,-0.8090169943749475,2.6049094224466427,-0.03200276993667339,0.28079775512675476,0.36188799897072466,0.5721719313148839,0.4221009713367688
2019-07-19,-0.006195889464843951,21.912903380955537,-0.025221786762489984,-0.009246179498448356,-1.2988538954155144,0.4221009713367688,-0.0695513515062563,-0.3124299819514669,-0.006195889464843951,0.0,-0.9510565162951536,0.30901699437494723,2.6706944013587965,0.06578497891215385,0.3283427078238669,0.3593578026138128,0.6061806679159482,0.32689361928494004
2019-07-22,0.002824701686249931,21.8272635982224,-0.08563978273313566,0.0010390878958386385,0.5957150219359173,0.32689361928494004,-0.09520735205182879,-0.025656000545572488,0.0,0.002824701686249931,0.0,1.0,2.6049094224466427,-0.06578497891215385,0.35387160847115673,0.3449033100443239,0.5765148110411406,0.34341734587302736
2019-07-23,0.006824145139276538,21.92738163134878,0.10011803312637824,0.0035765388132848884,1.265800435265174,0.34341734587302736,0.016523726588087317,0.1117310786399161,0.0,0.006824145139276538,0.9510565162951535,0.30901699437494745,2.5344901227505985,-0.07041929969604421,0.36656759034711517,0.3416995277003591,0.5935511798571091,0.319504732087508
2019-07-24,0.0046771928134763385,21.956764433551594,0.029382802202814418,0.006908933704454191,0.8034854447120401,0.319504732087508,-0.023912613785519343,-0.04043634037360666,0.0,0.0046771928134763385,0.5877852522924732,-0.8090169943749473,2.4907230098256137,-0.04376711292498481,0.38071379828505386,0.3461036754025975,0.5847998366075764,0.36543642251572817
2019-07-25,-0.005276296483600618,22.01992264870271,0.06315821515111608,-0.004182808235249933,-1.0659077810567175,0.36543642251572817,0.04593169042822015,0.0698443042137395,-0.005276296483600618,0.0,-0.587785252292473,-0.8090169943749475,2.54474663217841,0.05402362235279634,0.35547061821959447,0.3433503323482836,0.60289699263889,0.24990185116201932
2019-07-26,0.007360535770782661,21.905045178511404,-0.11487747019130623,0.004176153613537795,1.2885153707296397,0.24990185116201932,-0.11553457135370884,-0.161466261781929,0.0,0.007360535770782661,-0.9510565162951536,0.30901699437494723,2.4981518639896745,-0.046594768188735536,0.3210307941846446,0.3364173960055425,0.6266986699702874,0.25485326978991785
2019-07-29,-0.0016174219290565617,21.894040635464016,-0.011004543047388182,-0.0011578976633522748,-0.3379747565199838,0.25485326978991785,0.004951418627898524,0.12048598998160737,-0.0016174219290565617,0.0,0.0,1.0,2.551786172681018,0.053634308691343335,0.30662272428564014,0.3374040582493624,0.6060330278311109,0.36446047581771984
2019-07-30,-0.0025819853720445707,22.01326127989626,0.119220644432243,0.0018336382369018634,-0.5359656628056862,0.36446047581771984,0.109607206027802,0.10465578739990347,-0.0025819853720445707,0.0,0.9510565162951535,0.30901699437494745,2.634762375230749,0.08297620254973115,0.31083135027457864,0.3401271760658806,0.5923617460535734,1.191279380994457
2019-07-31,-0.010945206952139408,22.255029734354892,0.24176845445863293,-0.011953612222764552,-1.762584497117711,1.191279380994457,0.8268189051767372,0.7172116991489352,-0.010945206952139408,0.0,0.5877852522924732,-0.8090169943749473,2.780060789140106,0.14529841390935694,0.4851862800559685,0.3685245318242071,0.7248175183378526,1.5225485557912455
2019-08-01,-0.009039527568805994,22.290591339507376,0.03556160515248408,-0.009019457961673588,-1.1638137904141843,1.5225485557912455,0.3312691747967884,-0.49554973037994876,-0.009039527568805994,0.0,-0.587785252292473,-0.8090169943749475,2.8831233761345922,0.10306258699448634,0.716608706711072,0.42324016205925735,0.7825647308711825,0.714924220127934
2019-08-02,-0.007309388539565198,22.07982495551758,-0.21076638398979597,-0.004033345987771792,-0.8702564939995049,0.714924220127934,-0.8076243356633115,-1.1388935104601,-0.007309388539565198,0.0,-0.9510565162951536,0.30901699437494723,2.8684669571674872,-0.014656418967105012,0.8096131805042548,0.4474197991422325,0.7966662559194574,1.481104035737149
2019-08-05,-0.030230182169694864,22.236820405569073,0.15699545005149318,-0.018573350215495332,-2.3023291842429887,1.481104035737149,0.766179815609215,1.5738041512725265,-0.030230182169694864,0.0,0.0,1.0,3.2023398624333836,0.3338729052658964,1.054863333693701,0.48915193309115484,1.4892401629254464,0.796171591918114
2019-08-06,0.012933023911166686,22.147972892793295,-0.08884751277577863,0.0071705922181685335,1.4410677362628608,0.796171591918114,-0.684932443819035,-1.45111225942825,0.0,0.012933023911166686,0.9510565162951535,0.30901699437494745,3.004196355748666,-0.1981435066847177,1.1412055569137798,0.5156025456203053,1.4578719816390868,1.5497027579290108
2019-08-07,0.0007665823338589561,22.2301659131012,0.08219302030790487,0.008821826555779287,0.461003100057321,1.5497027579290108,0.7535311660108968,1.4384636098299317,0.0,0.0007665823338589561,0.5877852522924732,-0.8090169943749473,2.969901501775917,-0.034294853972749006,1.2128902323006907,0.5739104570848957,1.3221001420582654,0.5956042546135558
2019-08-08,0.018588462466865074,22.138762140767266,-0.09140377233393338,0.014356768061265781,1.5145052282729394,0.5956042546135558,-0.954098503315455,-1.7076296693263517,0.0,0.018588462466865074,-0.587785252292473,-0.8090169943749475,2.827905153886959,-0.14199634788895787,1.0275013720651527,0.5819625879736654,1.4352408257335076,0.8250673455196258
2019-08-09,-0.006638593133657444,21.934268871491447,-0.2044932692758188,-0.004055325501107582,-0.22695490633395785,0.8250673455196258,0.22946309090606998,1.183561594221525,-0.006638593133657444,0.0,-0.9510565162951536,0.30901699437494723,2.8887036625848097,0.06079850869785064,1.049529997143491,0.6060456955301189,1.348634255855009,0.6604186707189796
2019-08-12,-0.012393809115915033,21.92580861957854,-0.008460251912907779,-0.008418386578192645,-0.5664132531912537,0.6604186707189796,-0.16464867480064616,-0.39411176570671613,-0.012393809115915033,0.0,0.0,1.0,3.0487990017257656,0.16009533914095586,0.8853929241398573,0.6287143842381079,1.3596864476868011,1.2803818892152434
2019-08-13,0.015018346267301474,22.073204776302216,0.14739615672367634,0.01570543156508789,1.1977480097601987,1.2803818892152434,0.6199632184962638,0.78461189329691,0.0,0.015018346267301474,0.9510565162951535,0.30901699437494745,2.8633431116363086,-0.18545589008945695,0.9822349835992832,0.6801968972460485,1.3822546144618262,0.678464443362399
2019-08-14,-0.02973035245453559,22.187712659040976,0.11450788273876,-0.018676092655084957,-1.455751919149745,0.678464443362399,-0.6019174458528445,-1.2218806643491082,-0.02973035245453559,0.0,0.5877852522924732,-0.8090169943749473,3.0955776257847805,0.23223451414847185,0.8079873206859606,0.6991743737636278,1.809278103001453,0.7749309137056972
2019-08-15,0.0024612366981804357,22.119936181138492,-0.06777647790248409,0.0004918144299379952,0.3556520636815122,0.7749309137056972,0.09646647034329825,0.6983839161961427,0.0,0.0024612366981804357,-0.587785252292473,-0.8090169943749475,3.0530573545819375,-0.04252027120284296,0.843852652504389,0.7242294795401937,1.6449070262556431,0.48568144544730146
2019-08-16,0.014323058172244885,21.982885246522027,-0.13705093461646456,0.008322034510627593,0.8774078604423866,0.48568144544730146,-0.28924946825839576,-0.385715938601694,0.0,0.014323058172244885,-0.9510565162951536,0.30901699437494723,2.9161477570348886,-0.1369095975470489,0.7759754724899242,0.7239451520451592,1.608308951595877,0.3644461509612399
2019-08-19,0.012033175564397425,21.89297323061491,-0.08991201590711739,0.0034845660006226687,0.6083972874599689,0.3644461509612399,-0.12123529448606157,0.16801417377233419,0.0,0.012033175564397425,0.0,1.0,2.8261294394501912,-0.09001831758469736,0.7167809685383763,0.7211996844082291,1.5451979839584162,0.42943836301946403
2019-08-20,-0.007946215312115257,21.844197192189764,-0.048776038425145885,-0.006357934076062116,-0.5669466592180922,0.42943836301946403,0.06499221205822414,0.18622750654428571,-0.007946215312115257,0.0,0.9510565162951535,0.30901699437494745,2.8622008809294686,0.03607144147927732,0.5465922632992203,0.7260827674432065,1.4612482945615601,0.2567413405739792
2019-08-21,0.008212979557352895,21.827376316489804,-0.016820875699959714,0.0008175506667153101,0.44438796816015397,0.2567413405739792,-0.17269702244548485,-0.237689234503709,0.0,0.008212979557352895,0.5877852522924732,-0.8090169943749473,2.7600099521047476,-0.10219092882472092,0.46224764274153635,0.7219553386194424,1.3732309013430983,0.8192598248186528
2019-08-22,-0.0005062029592783901,21.78578797414886,-0.041588342340943996,-0.002729807134290799,0.0007396332465120592,0.8192598248186528,0.5625184842446735,0.7352155066901584,-0.0005062029592783901,0.0,-0.587785252292473,-0.8090169943749475,2.8142104152265106,0.054200463121762965,0.47111342496412745,0.7457532001780682,1.257362395672818,1.7881379379260245
2019-08-23,-0.026288881122837893,22.09508594996552,0.3092979758166585,-0.02221625223469391,-1.4641774550205662,1.7881379379260245,0.9688781131073717,0.40635962886269816,-0.026288881122837893,0.0,-0.9510565162951536,0.30901699437494723,2.9892110987999296,0.17500068357341902,0.731604723459872,0.8135008913880823,1.6208346154684041,0.5151507134166637
2019-08-26,0.010923112730798046,21.77401403285856,-0.32107191710695915,0.004066069774515631,0.6771695198641938,0.5151507134166637,-1.2729872245093607,-2.2418653376167326,0.0,0.010923112730798046,0.0,1.0,2.961140812988524,-0.028070285811405693,0.7617456359509568,0.8261317895906845,1.5433929752887023,0.7824734365066169
2019-08-27,-0.003208321800556746,21.986683273339334,0.21266924048077485,-0.008323106993403342,-0.07990075147224458,0.7824734365066169,0.2673227230899532,1.5403099475993138,-0.003208321800556746,0.0,0.9510565162951535,0.30901699437494745,3.0111133492969895,0.04997253630846554,0.8323526506483875,0.8512565594343368,1.4256201735038199,0.704972044100463
2019-08-28,0.0065241515305629605,21.8554676289304,-0.13121564440893607,0.00927433750570957,0.40180942167735806,0.704972044100463,-0.07750139240615395,-0.34482411549610714,0.0,0.0065241515305629605,0.5877852522924732,-0.8090169943749473,2.9626924391899885,-0.048420910107001,0.9219987913536842,0.8674713960192293,1.332935409007644,0.5199818539225196
2019-08-29,0.01260748244109422,21.87925040578714,0.02378277685674135,0.004870646210842853,0.7880567695465656,0.5199818539225196,-0.18499019017794338,-0.10748879777178943,0.0,0.01260748244109422,-0.587785252292473,-0.8090169943749475,2.883682722808376,-0.07900971638161236,0.8621431971744575,0.8355048471110419,1.322449880496393,0.6149639925577332
2019-08-30,0.0006425807598766653,21.825176015260183,-0.054074390526956506,-0.0036258370818089253,-0.055044626119678364,0.6149639925577332,0.09498213863521354,0.2799723288131569,0.0,0.0006425807598766653,-0.9510565162951536,0.30901699437494723,2.943385769063569,0.05970304625519285,0.6275084081007993,0.7922865345761126,1.2151945621176754,0.5458666646717013
2019-09-03,-0.006923009332685304,21.95519324514537,0.13001722988518694,-0.0009423417009437645,-0.5484032991819103,0.5458666646717013,-0.06909732788603185,-0.1640794665212454,-0.006923009332685304,0.0,0.9510565162951535,0.30901699437494745,2.978586106957683,0.03520033789411414,0.6336515983518067,0.7842361747924824,1.1636131260950298,0.30101379060325634
2019-09-04,0.010783725278421308,21.876334745059484,-0.07885850008588591,0.004472576955214952,0.8105064471892122,0.30101379060325634,-0.24485287406844497,-0.17575554618241312,0.0,0.010783725278421308,0.5877852522924732,-0.8090169943749473,2.8524390993250943,-0.1261470076325888,0.5373596691711346,0.7280414012146782,1.1514031139291057,0.5068735619192485
2019-09-05,0.012925912921759597,22.08490883488141,0.20857408982192638,0.005188133488301167,0.921713231734012,0.5068735619192485,0.20585977131599215,0.4507126453844371,0.0,0.012925912921759597,-0.587785252292473,-0.8090169943749475,2.78932294936639,-0.06311614995870451,0.4977399727348918,0.7142653045480655,1.177111265357931,0.29527560394615393
2019-09-06,0.0009101908043769313,21.889331145783174,-0.19557768909823636,-0.0005437510796362086,-0.0809088443411069,0.29527560394615393,-0.21159795797309455,-0.4174577292890867,0.0,0.0009101908043769313,-0.9510565162951536,0.30901699437494723,2.70805020110221,-0.08127274826417974,0.4527987227396187,0.6545306781679295,1.0838159343343423,0.42756195852247425
2019-09-09,-9.401467889968984e-05,22.11731009017443,0.227978944391257,-0.003351849914877721,-0.6436375316897485,0.42756195852247425,0.13228635457632032,0.3438843125494149,-9.401467889968984e-05,0.0,0.0,1.0,2.725890149208515,0.01783994810630496,0.41531831593256685,0.6465286640683542,0.9985642494442707,0.5035938145157868
2019-09-10,0.00032225242593053594,22.20328730752118,0.08597721734674835,0.0028165798903985683,-0.45475822511492753,0.5035938145157868,0.07603185599331252,-0.056254498583007795,0.0,0.00032225242593053594,0.9510565162951535,0.30901699437494745,2.721295415303884,-0.004594733904630832,0.4068637459013839,0.631220400687219,0.9195734622684192,0.4506122148763637
2019-09-11,0.007203672326387078,22.093016604600468,-0.11027070292071173,0.006525904350690535,0.4151677847424387,0.4506122148763637,-0.05298159963942306,-0.12901345563273559,0.0,0.007203672326387078,0.5877852522924732,-0.8090169943749473,2.681706202263446,-0.039589213040438054,0.4367834307560054,0.6212296170756658,0.8914813927322408,0.4653747653448832
2019-09-12,0.002875016278233389,22.057474484797822,-0.035542119802645544,0.00016282396335795294,-0.1920308714174971,0.4653747653448832,0.014762550468519486,0.06774415010794255,0.0,0.002875016278233389,-0.587785252292473,-0.8090169943749475,2.6546494431534917,-0.02705675910995442,0.4284836714411323,0.5824197540342201,0.8278490568809488,0.32403768901683144
2019-09-13,-0.0007246768769650913,21.992186141547798,-0.06528834325002464,-0.001601458404819615,-0.5941040976903287,0.32403768901683144,-0.14133707632805176,-0.15609962679657124,-0.0007246768769650913,0.0,-0.9510565162951536,0.30901699437494723,2.6203112701361366,-0.03433817301735509,0.43423608845526784,0.565542289541574,0.7657976764022633,0.26994634270065804
2019-09-16,-0.0031405129163566414,22.178587069208593,0.1864009276607952,0.0005171682413670031,-0.8977404155290292,0.26994634270065804,-0.054091346316173405,0.08724573001187835,-0.0031405129163566414,0.0,0.0,1.0,2.685804597355568,0.06549332721943157,0.4027129652909046,0.5414954052080008,0.7420341412411616,0.20825363629590954
2019-09-17,0.002578425372462334,22.024342665992567,-0.15424440321602617,0.0033425830594435513,-0.149549748410163,0.20825363629590954,-0.0616927064047485,-0.007601360088575093,0.0,0.002578425372462334,0.9510565162951535,0.30901699437494745,2.6700021044053517,-0.015802492950216518,0.3436449296469292,0.5282845571531725,0.6975578972200819,0.6827158704354332
2019-09-18,0.00034263328426753503,21.964187545339666,-0.06015512065290096,0.0017409392805203265,-0.428631742841917,0.6827158704354332,0.4744622341395237,0.5361549405442723,0.0,0.00034263328426753503,0.5877852522924732,-0.8090169943749473,2.6354794945946245,-0.03452260981072719,0.39006566075874305,0.5434402580805151,0.6522276246460079,0.43578112573780464
2019-09-19,1.9974521929810862e-05,21.906727723503682,-0.05745982183598386,-0.0011866311098707803,-0.36811800567572545,0.43578112573780464,-0.2469347446976286,-0.7213969788371524,0.0,1.9974521929810862e-05,-0.587785252292473,-0.8090169943749475,2.64262240935519,0.0071429147605655,0.38414693283732737,0.5437422944004361,0.6200265917840729,0.6655996311831376
2019-09-20,-0.004907599104880589,22.532118383764487,0.6253906602608055,-0.005449519624021965,-1.6105083294804243,0.6655996311831376,0.22981850544533294,0.47675325014296155,-0.004907599104880589,0.0,-0.9510565162951536,0.30901699437494723,2.729159144392355,0.08653673503716508,0.45245932127058863,0.563211736810396,0.6579108084110067,0.3610658769176653
2019-09-23,-9.694061782816732e-05,21.882424313296255,-0.6496940704682324,0.002771429809503165,-0.16365068271202285,0.3610658769176653,-0.3045337542654723,-0.5343522597108052,-9.694061782816732e-05,0.0,0.0,1.0,2.7020321185427174,-0.027127025849637665,0.47068322811399,0.5413929773865395,0.6233361162116419,0.9285949954211592
2019-09-24,-0.008451988963551926,22.07724359684797,0.19481928355171618,-0.012005389201181391,-1.8403677718255331,0.9285949954211592,0.5675291185034939,0.8720628727689661,-0.008451988963551926,0.0,0.9510565162951535,0.30901699437494745,2.836150158982343,0.13411804043962539,0.6147514999390401,0.5004623610767839,0.7361094105617858,0.8091072138694264
2019-09-25,0.006139685241963733,21.926598436685115,-0.15064516016285623,0.005549958287860785,1.604794622570945,0.8091072138694264,-0.11948778155173279,-0.6870169000552266,0.0,0.006139685241963733,0.5877852522924732,-0.8090169943749473,2.770085594411824,-0.06606456457051868,0.6400297686258386,0.5144602896697728,0.7248402205768117,0.5340113543694857
2019-09-26,-0.0024318710096125074,21.849788320782594,-0.0768101159025214,-0.002719903459662034,-0.3400815688284983,0.5340113543694857,-0.27509585949994075,-0.15560807794820797,-0.0024318710096125074,0.0,-0.587785252292473,-0.8090169943749475,2.7769541607590176,0.006868566347193461,0.6596758143521748,0.5026287619489569,0.6886232738363517,0.8642370872836962
2019-09-27,-0.0053305345791292424,21.90083716972135,0.0510488489387555,-0.007963350094017151,-0.8995241737199984,0.8642370872836962,0.33022573291421053,0.6053215924141513,-0.0053305345791292424,0.0,-0.9510565162951536,0.30901699437494723,2.8460714591247,0.06911729836568226,0.6994033055722866,0.510212811624349,0.6935824382817438,0.34368854314903013
2019-09-30,0.005034910215249155,21.90165310545216,0.0008159357308095139,0.003253781769955279,1.2354639962484688,0.34368854314903013,-0.520548544134666,-0.8507742770488765,0.0,0.005034910215249155,0.0,1.0,2.7874773206398227,-0.058594138484877156,0.6959278388185596,0.5018178920637066,0.6700539203297812,0.9036334832246439
2019-10-01,-0.01233412694541336,21.99323703405981,0.09158392860765119,-0.014666158158356504,-1.7647899524148274,0.9036334832246439,0.5599449400756138,1.0804934842102798,-0.01233412694541336,0.0,0.9510565162951535,0.30901699437494745,2.921008698583398,0.13353137794357517,0.6909355363792564,0.5155640582859404,0.8311695519721675,0.9196329848450011
2019-10-02,-0.018065404187643352,22.08787169387663,0.09463465981681907,-0.012790066635329765,-1.8665386783183129,0.9196329848450011,0.015999501620357237,-0.5439454384552566,-0.018065404187643352,0.0,0.5877852522924732,-0.8090169943749473,3.0233474146113988,0.10233871602800093,0.7130406905743714,0.533362454484669,1.10634795579667,1.240359614305987
2019-10-03,0.007940304773866202,21.980342346162395,-0.10752934771423384,0.008712945891934346,1.338821404131407,1.240359614305987,0.32072662946098585,0.3047271278406286,0.0,0.007940304773866202,-0.587785252292473,-0.8090169943749475,2.9507349515162145,-0.07261246309518432,0.8543103425616717,0.5780932079943228,1.0490337069551807,0.46491632869834576
2019-10-04,0.014116785239259855,21.823743052556747,-0.15659929360564817,0.01139593354177049,1.553848850727142,0.46491632869834576,-0.7754432856076412,-1.096169915068627,0.0,0.014116785239259855,-0.9510565162951536,0.30901699437494723,2.835563575129299,-0.11517137638691555,0.7744461908446016,0.5760952445076132,1.1088985575598083,0.5658468192976515
2019-10-07,-0.004488352273681606,21.808134108160207,-0.015608944396539925,-0.0018493708804836145,-0.27045376386921216,0.5658468192976515,0.1009304905993057,0.8763737762069469,-0.004488352273681606,0.0,0.0,1.0,2.882563609622572,0.04700003449327328,0.8188778460743258,0.5889795880957798,1.0294853511838506,0.5424884507479247
2019-10-08,-0.015683159552110304,21.938386275171087,0.13025216701088027,-0.00940577401175305,-1.2246694432129397,0.5424884507479247,-0.023358368549726727,-0.12428885914903243,-0.015683159552110304,0.0,0.9510565162951535,0.30901699437494745,3.009635212581242,0.1270716029586696,0.7466488395789821,0.5944522782017536,1.1776008320418438,0.5005173797886859
2019-10-09,0.009063296514845831,21.729525235747925,-0.20886103942316225,0.00284703208772313,1.0206174204253833,0.5005173797886859,-0.0419710709592388,-0.018612702409512072,0.0,0.009063296514845831,0.5877852522924732,-0.8090169943749473,2.925309776513262,-0.08432543606797971,0.6628257185677191,0.5943057813099868,1.1269571082722314,0.6310815645683404
2019-10-10,0.006395202411782819,21.897109276600013,0.16758404085208767,0.006686350341701958,0.6791811772392221,0.6310815645683404,0.13056418477965448,0.17253525573889328,0.0,0.006395202411782819,-0.587785252292473,-0.8090169943749475,2.866192884829866,-0.059116891683395956,0.5409701086201897,0.6028995598667477,1.0499435941653525,0.7012399271997143
2019-10-11,0.010879579673789053,21.998997284763345,0.10188800816333199,0.002426948261601083,0.890791725329813,0.7012399271997143,0.07015836263137387,-0.06040582214828061,0.0,0.010879579673789053,-0.9510565162951536,0.30901699437494723,2.7459880355456865,-0.12020484928417963,0.5882348283204634,0.6141312342407873,1.0448850593621983,0.23576600863575284
2019-10-14,-0.0013880816732187995,21.662987898913844,-0.3360093858495006,0.00011458059481506426,-0.08757677764946772,0.23576600863575284,-0.4654739185639615,-0.5356322811953353,-0.0013880816732187995,0.0,0.0,1.0,2.678964599261624,-0.06702343628406249,0.5222186661880837,0.6099278208893073,0.9529620004364848,0.5306933351660329
2019-10-15,0.009906445376488549,21.93075943629319,0.2677715373793461,0.007394489004973387,0.7076572861588348,0.5306933351660329,0.2949273265302801,0.7604012450942416,0.0,0.009906445376488549,0.9510565162951535,0.30901699437494745,2.605648264666775,-0.07331633459484888,0.5198596430717053,0.6223443443400394,0.9551845008675104,0.29169811812158775
2019-10-16,-0.0020015445531935683,21.895847040790745,-0.03491239550244529,3.348100498134652e-06,-0.5985349517272721,0.29169811812158775,-0.23899521704444515,-0.5339225435747252,-0.0020015445531935683,0.0,0.5877852522924732,-0.8090169943749473,2.615934934502575,0.010286669835799955,0.4780957907382857,0.6263178910936432,0.8774586073893323,0.3844890186356734
2019-10-17,0.002759021969774622,21.855786677587922,-0.04006036320282291,-0.0009402234412999983,-0.021845952204628004,0.3844890186356734,0.09279090051408567,0.3317861175585308,0.0,0.002759021969774622,-0.587785252292473,-0.8090169943749475,2.6239436890389327,0.008008754536357632,0.4287772815517522,0.6121166124365117,0.8118267778764793,0.5151665660602792
2019-10-18,-0.003927045709799515,21.907740787833898,0.05195411024597618,-0.003556769757948719,-0.6112131874885214,0.5151665660602792,0.1306775474246058,0.03788664691052013,-0.003927045709799515,0.0,-0.9510565162951536,0.30901699437494723,2.6567569067146595,0.03281321767572676,0.3915626093238652,0.6158968714994867,0.7711145649356729,0.18628937984163538
2019-10-21,0.006848114105334702,21.908655030978938,0.0009142431450399613,0.0034115139422675974,0.5546299491477822,0.18628937984163538,-0.3288771862186438,-0.4595547336432496,0.0,0.006848114105334702,0.0,1.0,2.6390573296152584,-0.017699577099401065,0.38166728356504176,0.593072573816558,0.7487494863513529,0.34377175703013657
2019-10-22,-0.0035750492583765947,21.983866581385985,0.07521155040704741,-0.004907843179974519,-1.2127340879222592,0.34377175703013657,0.1574823771885012,0.48635956340714503,-0.0035750492583765947,0.0,0.9510565162951535,0.30901699437494745,2.671386219368722,0.032328889753463486,0.3442829679378625,0.5922490442981043,0.7153782450600761,0.23453427036498162
2019-10-23,0.0028431033458300448,21.95103329013101,-0.03283329125497403,0.003504198685016816,-0.00562036627516283,0.23453427036498162,-0.10923748666515495,-0.26671986385365615,0.0,0.0028431033458300448,0.5877852522924732,-0.8090169943749473,2.6397713766859487,-0.03161484268277315,0.33285019838654123,0.5591985335811435,0.6642757478664056,0.3560129331676617
2019-10-24,0.0019186046591705974,22.03065496849003,0.07962167835901823,-0.0014904361325608583,-0.09481830470738815,0.3560129331676617,0.12147866280268008,0.23071614946783503,0.0,0.0019186046591705974,-0.587785252292473,-0.8090169943749475,2.6181254963566425,-0.021645880329306255,0.3271549812929389,0.537622615452488,0.6206877913045259,0.4460755522195796
2019-10-25,0.004064429510655998,21.940863401549617,-0.08979156694041279,0.006382495929886559,0.5121501604559532,0.4460755522195796,0.09006261905191792,-0.03141604375076215,0.0,0.004064429510655998,-0.9510565162951536,0.30901699437494723,2.537657185017819,-0.08046831133882337,0.313336778524799,0.5334351963024925,0.5968623968413396,0.23484181008582566
2019-10-28,0.005565819916117931,21.98313776281982,0.04227436127020212,0.002404598555846282,0.6902009099282167,0.23484181008582566,-0.21123374213375395,-0.3012963611856719,0.0,0.005565819916117931,0.0,1.0,2.573375271587755,0.0357180865699358,0.323047264573637,0.5034639926264034,0.59526488175993,0.3020881754526917
2019-10-29,-0.0008327519564801378,22.002651262280093,0.01951349946027392,0.0004940483915701776,-0.5830890755900732,0.3020881754526917,0.06724636536686601,0.27848010750061997,-0.0008327519564801378,0.0,0.9510565162951535,0.30901699437494745,2.5802168151427143,0.006841543554959362,0.3147105482581481,0.5014830227361016,0.5690285268474453,0.543215315438432
2019-10-30,0.0032480894008575234,22.052899895707053,0.05024863342696051,0.002310037250172739,0.37560300056141843,0.543215315438432,0.24112713998574037,0.17388077461887436,0.0,0.0032480894008575234,0.5877852522924732,-0.8090169943749473,2.512035310988585,-0.06818150415412916,0.37644675727283816,0.48432025284152,0.5447412557561703,0.5183968157320686
2019-10-31,-0.003027438634539692,22.146207892546215,0.09330799683916169,-0.0030700673998593736,-1.1101879534578298,0.5183968157320686,-0.024818499706363406,-0.2659456396921038,-0.003027438634539692,0.0,-0.587785252292473,-0.8090169943749475,2.581730854622391,0.06969554363380581,0.4089235337857195,0.4652137685980471,0.5529356136709884,0.18040552272075663
2019-11-01,0.009615930559647268,22.098572554642928,-0.04763533790328722,0.0052928926766550345,1.6445574662105702,0.18040552272075663,-0.33799129301131203,-0.3131727933049486,0.0,0.009615930559647268,-0.9510565162951536,0.30901699437494723,2.509599277885271,-0.07213157673712,0.35578952788595497,0.41473976423684566,0.6538901303978992,0.23674057544337393
2019-11-04,0.003697245805312832,22.153108074233135,0.05453551959020686,-0.00022410772744434375,0.3372078987342371,0.23674057544337393,0.056335052722617296,0.39432634573392933,0.0,0.003697245805312832,0.0,1.0,2.551786172681018,0.04218689479574689,0.3561692809574646,0.4038742521770851,0.6163174828683162,0.24064079072270367
2019-11-05,-0.0011864027118200227,22.22524993340867,0.0721418591755345,-0.0020079648668541185,-1.0339651226492608,0.24064079072270367,0.0039002152793297384,-0.05243483744328756,-0.0011864027118200227,0.0,0.9510565162951535,0.30901699437494745,2.572612259326932,0.02082608664591401,0.343879804011467,0.3883882508163733,0.5851800164167454,0.28454821278885867
2019-11-06,0.0007022505922886779,22.219649266700532,-0.00560066670813697,0.0005461522811612413,-0.45264362682112363,0.28454821278885867,0.043907422066155,0.04000720678682526,0.0,0.0007022505922886779,0.5877852522924732,-0.8090169943749473,2.5352828480448486,-0.037329411282083225,0.2921463834815523,0.37610538234213203,0.5538276369169449,0.3997984085656953
2019-11-07,0.0027263752442809874,22.146853574570105,-0.07279569213042691,-0.0005962502704698038,0.07277307704173996,0.3997984085656953,0.11525019577683665,0.07134277371068165,0.0,0.0027263752442809874,-0.587785252292473,-0.8090169943749475,2.5439613766098743,0.008678528565025712,0.2684267020482777,0.3713092408553229,0.5247809087180043,0.3787701228121357
2019-11-08,0.0025574031451167656,21.9783575207355,-0.16849605383460542,0.0038320246737014022,0.06861647982827551,0.3787701228121357,-0.02102828575355964,-0.1362784815303963,0.0,0.0025574031451167656,-0.9510565162951536,0.30901699437494723,2.4907230098256137,-0.05323836678426064,0.30809962206655345,0.3592944102955037,0.500406552603257,0.2534735453880455
2019-11-11,-0.0019643954133385932,21.835491705895627,-0.14286581483987248,0.0021662286034454126,-0.9549735464741248,0.2534735453880455,-0.12529657742409017,-0.10426829167053053,-0.0019643954133385932,0.0,0.0,1.0,2.540814248659574,0.05009123883396027,0.3114462160554877,0.3379722016378051,0.503489255720644,0.40542361535881377
2019-11-12,0.0015634233012633558,21.97475942898141,0.1392677230857835,0.0008283478371552002,-0.06405169314472653,0.40542361535881377,0.15195006997076826,0.27724664739485844,0.0,0.0015634233012633558,0.9510565162951535,0.30901699437494745,2.5400259730765704,-0.0007882755830035393,0.34440278098270977,0.3460511352912843,0.47414836769052,0.39382054345379075
2019-11-13,0.0007112815701173503,21.979941142546295,0.00518171356488395,0.003191895348505605,-0.2324412433360917,0.39382054345379075,-0.011603071905023021,-0.16355314187579129,0.0,0.0007112815701173503,0.5877852522924732,-0.8090169943749473,2.5649493574615367,0.02492338438496633,0.36625724711569624,0.339533383304987,0.4494024272917638,0.3207397583604355
2019-11-14,0.0008366926144560694,21.911746251846484,-0.06819489069981088,0.0019006056501640538,-0.3399141107322777,0.3207397583604355,-0.07308078509335525,-0.06147771318833223,0.0,0.0008366926144560694,-0.587785252292473,-0.8090169943749475,2.568788148384401,0.0038387909228640993,0.3504455170746442,0.340916318554456,0.42497899927575633,0.259199086229282
2019-11-15,0.0076660287779724,21.935147285638024,0.023401033791540016,0.004026747322047123,2.1940262472572885,0.259199086229282,-0.061540672131153495,0.011540112962201754,0.0,0.0076660287779724,-0.9510565162951536,0.30901699437494723,2.4890646757652832,-0.07972347261911761,0.3265313097580735,0.33495013129700874,0.5224576952070707,0.2620682712371572
2019-11-18,0.0005030263228107401,21.958778005468695,0.023630719830670444,0.0013205632826405584,-0.3448252853740254,0.2620682712371572,0.002869185007875197,0.06440985713902869,0.0,0.0005030263228107401,0.0,1.0,2.5225235164208617,0.03345884065557847,0.32825025492789583,0.32289783154352675,0.49425991669651675,0.2866591073475462
2019-11-19,-0.0005927700996934959,22.00798971365789,0.04921170818919407,-0.0023272898519871026,-0.8011953047257594,0.2866591073475462,0.02459083611038898,0.021721651102513784,-0.0005927700996934959,0.0,0.9510565162951535,0.30901699437494745,2.554121692112525,0.03159817569166323,0.3044973533256424,0.3276773423771416,0.47937183138555894,0.6152553643627705
2019-11-20,-0.003763256420940664,22.11976049792214,0.11177078426425169,-0.0019925546509299186,-1.5622616519594652,0.6152553643627705,0.3285962570152243,0.30400542090483534,-0.003763256420940664,0.0,0.5877852522924732,-0.8090169943749473,2.5478814280551156,-0.006240264057409295,0.3487843175074383,0.3406051332025051,0.5146640646059919,0.34054505678384045
2019-11-21,-0.001584006086188694,22.043423066765452,-0.07633743115668779,-0.001593666545775325,-0.7020360350486344,0.34054505678384045,-0.27471030757893006,-0.6033065645941544,-0.001584006086188694,0.0,-0.587785252292473,-0.8090169943749475,2.5748996970306925,0.02701826897557691,0.3527453771921193,0.3456532658891174,0.5009371181387544,0.3090305349489406
2019-11-22,0.0021725739423761325,21.89737822385852,-0.14604484290693165,-0.0003599894137479096,0.5257972426841427,0.3090305349489406,-0.031514521834899833,0.24319578574403022,0.0,0.0021725739423761325,-0.9510565162951536,0.30901699437494723,2.5128460308425487,-0.0620536661881439,0.362711666936051,0.34341600883108303,0.47548032847133165,0.1836042273441107
2019-11-25,0.007479251887467342,21.980109041659194,0.08273081780067315,0.005183100478350561,1.6523840716686065,0.1836042273441107,-0.12542630760482992,-0.09391178576993009,0.0,0.007479251887467342,0.0,1.0,2.474014198980387,-0.03883183186216144,0.34701885815744166,0.3309173743132036,0.5398476274962531,0.23838192284824392
2019-11-26,0.0021931636449394887,22.249419961961127,0.26931092030193327,0.0018070403217647518,0.17402360809859715,0.23838192284824392,0.05477769550413322,0.18020400310896315,0.0,0.0021931636449394887,0.9510565162951535,0.30901699437494745,2.4458192577743234,-0.028194941206063806,0.33736342125758123,0.331085951111414,0.5112696667842646,0.1832045187798374
2019-11-27,0.00416573562529976,21.833632109764796,-0.4157878521963312,0.002584455375666123,0.6103812657208599,0.1832045187798374,-0.055177404068406516,-0.10995509957253974,0.0,0.00416573562529976,0.5877852522924732,-0.8090169943749473,2.463853240590168,0.018033982815844674,0.2509532521409946,0.32542482460318284,0.49639472946373836,0.21379393113143463
2019-11-29,-0.0040192862299885945,21.279114538886176,-0.5545175708786196,-0.0019719451374042387,-1.312027250375094,0.21379393113143463,0.030589412351597234,0.08576681642000375,-0.0040192862299885945,0.0,-0.9510565162951536,0.30901699437494723,2.5352828480448486,0.07142960745468052,0.22560302701051343,0.3097380920171353,0.5296925606504262,0.46907838752290026
2019-12-02,-0.008668483693965001,21.912860773630737,0.6337462347445602,-0.009581831342617428,-1.836045530976651,0.46907838752290026,0.25528445639146563,0.2246950440398684,-0.008668483693965001,0.0,0.0,1.0,2.7020321185427174,0.1667492704978688,0.25761259752530535,0.30738959543574634,0.6767897070116794,0.5530732958405451
2019-12-03,-0.00666022525804344,22.023887924350262,0.11102715071952574,0.0018736147028768177,-1.141703274888526,0.5530732958405451,0.08399490831764483,-0.1712895480738208,-0.00666022525804344,0.0,0.9510565162951535,0.30901699437494745,2.770085594411824,0.0680534758691067,0.3315064112245923,0.325135679870022,0.722735281865884,0.33525203926537356
2019-12-04,0.0063036576087700524,22.03240373810716,0.008515813756897472,0.002979288704308353,1.1849144931066016,0.33525203926537356,-0.21782125657517154,-0.3018161648928164,0.0,0.0063036576087700524,0.5877852522924732,-0.8090169943749473,2.69462719365756,-0.07545840075426424,0.3508804345080182,0.3298267019567839,0.6943709464231588,0.35478239691738145
2019-12-05,0.0014991269266300122,21.93534965815885,-0.09705407994831106,-0.0005708296056432845,0.22438280597007468,0.35478239691738145,0.01953035765200789,0.23735161422717943,0.0,0.0014991269266300122,-0.587785252292473,-0.8090169943749475,2.675527040923073,-0.01910015273448673,0.385196010135527,0.3352620165374828,0.6365797523924679,0.28169823147112627
2019-12-06,0.009094246030425523,21.971248828389175,0.035899170230326405,0.0035951765311320865,1.2881609208775249,0.28169823147112627,-0.07308416544625518,-0.09261452309826307,0.0,0.009094246030425523,-0.9510565162951536,0.30901699437494723,2.6115392923189495,-0.0639877486041236,0.39877687020346536,0.3351263031414003,0.6856168259418792,0.2782492441991328
2019-12-09,-0.003167833684475596,21.947179494603105,-0.02406933378606979,-0.0018796805761641664,-0.6474848614998376,0.2782492441991328,-0.0034489872719934977,0.06963517817426168,-0.003167833684475596,0.0,0.0,1.0,2.7638001945596176,0.15226090224066802,0.3606110415387118,0.32933824769537356,0.6516612140531887,0.3572523142474894
2019-12-10,-0.0010975361689826713,21.93112408345616,-0.016055411146943754,-0.0009062356099580099,-0.18585880781969874,0.3572523142474894,0.0790030700483566,0.0824520573203501,-0.0010975361689826713,0.0,0.9510565162951535,0.30901699437494745,2.752386034385003,-0.011414160174614718,0.3214468452201007,0.3283135901446761,0.6027352280844042,0.21288132967366477
2019-12-11,0.0029039375293500314,21.904271913792588,-0.026852169663573733,0.0018733562861799205,0.4990589936438612,0.21288132967366477,-0.1443709845738246,-0.2233740546221812,0.0,0.0029039375293500314,0.5877852522924732,-0.8090169943749473,2.707383296845538,-0.04500273753946482,0.29697270330175896,0.3263806274916104,0.5601513948042435,0.653403267487698
2019-12-12,0.00853866737555542,22.110359878486666,0.20608796469407764,0.008665966838854431,1.2921665604665487,0.653403267487698,0.44052193781403315,0.5848929223878577,0.0,0.00853866737555542,-0.587785252292473,-0.8090169943749475,2.634762375230749,-0.07262092161478906,0.35669687741582223,0.33818918235489054,0.6192661702398912,0.5823034222811304
2019-12-13,7.257915021519068e-05,22.047059599220418,-0.06330027926624737,0.0006787668069350722,-0.13384345914005433,0.5823034222811304,-0.07109984520656754,-0.5116217830206007,0.0,7.257915021519068e-05,-0.9510565162951536,0.30901699437494723,2.5360749454234384,-0.0986874298073106,0.41681791557782305,0.3471645575371448,0.5755371696861443,0.27224628629757275
2019-12-16,0.007122360942542372,22.12695797548841,0.07989837626799101,0.0024533252869951986,0.8812800686340534,0.27224628629757275,-0.31005713598355766,-0.23895729077699013,0.0,0.007122360942542372,0.0,1.0,2.4965058139116447,-0.03956913151179364,0.41561732399751106,0.3448553445817704,0.5940618844457509,0.14895060424700177
2019-12-17,0.00033523602846052825,22.069503535864957,-0.0574544396234522,-0.0009016653442226314,-0.6534578838145743,0.14895060424700177,-0.12329568205057098,0.18676145393298668,0.0,0.00033523602846052825,0.9510565162951535,0.30901699437494745,2.50878592047404,0.01228010656239542,0.3739569819974135,0.33960541686832846,0.5549631244149235,0.14183347488221953
2019-12-18,-0.00043239364052283236,22.117019806128287,0.04751627026332983,-0.0012746150786489665,-0.6782535607421216,0.14183347488221953,-0.007117129364782232,0.11617855268578875,-0.00043239364052283236,0.0,0.5877852522924732,-0.8090169943749473,2.532108245207593,0.02332232473355278,0.35974741103912444,0.3338799503752362,0.5292783719513922,0.1425779885031321
2019-12-19,0.004449378821865579,22.05414262129573,-0.06287718483255844,0.004079618283874506,0.385120318928332,0.1425779885031321,0.0007445136209125736,0.007861642985694806,0.0,0.004449378821865579,-0.587785252292473,-0.8090169943749475,2.5257286443082556,-0.006379600899337312,0.2575823552422113,0.3270189447159784,0.5237473605268421,0.20723699993589226
2019-12-20,0.004932595804334028,22.588504985910504,0.5343623646147755,-0.0006548502164754991,0.6708278413860315,0.20723699993589226,0.06465901143276015,0.06391449781184758,0.0,0.004932595804334028,-0.9510565162951536,0.30901699437494723,2.52652834277473,0.000799698466474208,0.1825690707731637,0.307589498790889,0.5307253874797161,0.11353704646079779
2019-12-23,0.0008657687142985537,21.843160050693665,-0.7453449352168384,-0.0006325643829647048,-0.5659749396048092,0.11353704646079779,-0.09369995347509447,-0.15835896490785462,0.0,0.0008657687142985537,0.0,1.0,2.5344901227505985,0.007961779975868666,0.15082722280580868,0.29677959353741074,0.509960512160635,0.12357840990346199
2019-12-24,-0.0001954673024684439,20.982957302667554,-0.8602027480261114,-0.000641998155872034,-0.9375882229899758,0.12357840990346199,0.010041363442664195,0.10374131691775866,-0.0001954673024684439,0.0,0.9510565162951535,0.30901699437494745,2.539237000354669,0.004746877604070665,0.14575278393710073,0.28794853996381653,0.4900444560310109,0.1401632359808786
2019-12-26,0.005115062410053994,21.495473705156027,0.5125164024884725,0.0039306514255329685,0.6099988175688309,0.1401632359808786,0.016584826077416612,0.006543462634752417,0.0,0.005115062410053994,-0.587785252292473,-0.8090169943749475,2.537657185017819,-0.0015798153368500323,0.14541873615683254,0.2858799213274721,0.4927297040100505,0.26158790098950924
2019-12-27,3.3984139657050605e-05,21.610807239279577,0.11533353412355041,-0.002222810561064558,-0.7742943314602463,0.26158790098950924,0.12142466500863064,0.10483983893121403,0.0,3.3984139657050605e-05,-0.9510565162951536,0.30901699437494723,2.5974910332585845,0.05983384824076543,0.16922071865410798,0.2869849679056276,0.47124853041029435,0.39187754082867204
2019-12-30,-0.005797596079348821,21.82909204296365,0.21828480368407455,-0.005819221748733962,-1.9673649078007778,0.39187754082867204,0.1302896398391628,0.008864974830532169,-0.005797596079348821,0.0,0.0,1.0,2.695977599275783,0.0984865660171983,0.20614882683266395,0.2969217784793816,0.5556179870783232,0.3102267933506627
2019-12-31,0.0029416906441905866,21.786168043325894,-0.042923999637757504,0.004840280798447252,0.5185893232150582,0.3102267933506627,-0.08165074747800932,-0.21194038731717213,0.0,0.0029416906441905866,0.9510565162951535,0.30901699437494745,2.6232182462075144,-0.07275935306826842,0.24548677621063691,0.30151381953744016,0.5301255099838696,0.4230623860711534
2020-01-02,0.008343895362315834,21.96451419488654,0.17834615156064615,0.004053872588405258,1.589968392507012,0.4230623860711534,0.11283559272049065,0.19448634019849997,0.0,0.008343895362315834,-0.587785252292473,-0.8090169943749475,2.523325781105642,-0.09989246510187222,0.30538357144417516,0.2993225813730712,0.5866230811316752,0.4942702159249894
2020-01-03,-0.007084909364953873,21.97164779452672,0.007133599640180677,0.0026279891386051745,-1.7292943472643203,0.4942702159249894,0.071207829853836,-0.04162776286665465,-0.007084909364953873,0.0,-0.9510565162951536,0.30901699437494723,2.640484914257205,0.11715913315156268,0.37620496743299736,0.2965224347104257,0.666297308495417,0.43752938382507106
2020-01-06,0.003527145194272663,22.032263300806818,0.060615506280097264,0.008889518850794009,0.46795187211132744,0.43752938382507106,-0.056740832099918315,-0.12794866195375432,0.0,0.003527145194272663,0.0,1.0,2.6282852601762876,-0.012199654080917277,0.41139326400010967,0.3013927844513637,0.6164507822597266,0.25725860743445667
2020-01-07,-0.002807175084594604,21.95754764776845,-0.07471565303836769,-0.0014447129720050538,-0.6885369273495315,0.25725860743445667,-0.1802707763906144,-0.12352994429069608,-0.002807175084594604,0.0,0.9510565162951535,0.30901699437494745,2.6239436890389327,-0.004341571137354894,0.38446947732126663,0.29674879447598634,0.5959494691743635,0.6002610725299574
2020-01-08,0.004890473485641422,22.038826526819854,0.08127887905140341,0.004454955773296021,0.7996732411934057,0.6002610725299574,0.34300246509550075,0.5232732414861152,0.0,0.004890473485641422,0.5877852522924732,-0.8090169943749473,2.598979091866817,-0.02496459717211552,0.44247633315712565,0.3119184535740259,0.5727163489223114,0.19798002196459702
2020-01-09,0.006633214116906316,22.015587373878173,-0.023239152941680885,0.002651057902910207,0.9559320551370164,0.19798002196459702,-0.4022810505653604,-0.7452835156608612,0.0,0.006633214116906316,-0.587785252292473,-0.8090169943749475,2.5289235321627515,-0.07005555970406574,0.3974598603358143,0.30809610965809564,0.5798689702104075,0.36203245910706433
2020-01-10,-0.002859262487506342,21.890962548777157,-0.1246248251010158,-0.005028132876918134,-0.6876453593730782,0.36203245910706433,0.1640524371424673,0.5663334877078277,-0.002859262487506342,0.0,-0.9510565162951536,0.30901699437494723,2.530517194449025,0.001593662286273556,0.3710123089722293,0.30832373560378973,0.5699421184128416,0.277060379576188
2020-01-13,0.006951994045934384,21.964358110184303,0.0733955614071462,0.005183523346146549,0.9733040311196127,0.277060379576188,-0.08497207953087632,-0.24902451667334363,0.0,0.006951994045934384,0.0,1.0,2.511223933334612,-0.019293261114412985,0.3389185081224527,0.31137988083724316,0.5868672235163125,0.36477491247682864
2020-01-14,-0.0015156808368956831,22.028247100726915,0.06388899054261188,-0.0006699232381173452,-0.6627851717521371,0.36477491247682864,0.08771453290064063,0.17268661243151695,-0.0015156808368956831,0.0,0.9510565162951535,0.30901699437494745,2.516889723350716,0.005665790016104122,0.3604217691309271,0.2976356734557732,0.5562255947655389,0.3627183585440427
2020-01-15,0.0018684502436876471,22.0373899629408,0.00914286221388494,0.002136485747353423,0.014315260396585393,0.3627183585440427,-0.0020565539327859206,-0.08977108683342655,0.0,0.0018684502436876471,0.5877852522924732,-0.8090169943749473,2.5193080826481626,0.002418359297446493,0.31291322633374413,0.2871792418492452,0.5189550675716933,0.16016650166339658
2020-01-16,0.008331747422232638,21.98755639276184,-0.049833570178961395,0.0041814404692870275,1.27148175790636,0.16016650166339658,-0.20255185688064614,-0.20049530294786022,0.0,0.008331747422232638,-0.587785252292473,-0.8090169943749475,2.511223933334612,-0.008084149313550615,0.30535052227350407,0.28184210924761777,0.5808840103053836,0.20625447542778697
2020-01-17,0.0038547232474837045,22.038660152202915,0.05110375944107659,0.001791659646447101,0.2357852839802484,0.20625447542778697,0.04608797376439039,0.24863983064503653,0.0,0.0038547232474837045,-0.9510565162951536,0.30901699437494723,2.4932054841291187,-0.018018449205493337,0.27419492553764857,0.28457086501813134,0.554021140205927,0.28040550302367245
2020-01-21,-0.002655500369584729,22.13543260247731,0.0967724502743934,-7.226640649982686e-05,-1.1076307520086774,0.28040550302367245,0.07415102759588549,0.0280630538314951,-0.002655500369584729,0.0,0.9510565162951535,0.30901699437494745,2.5533438410275884,0.06013835689846969,0.27486395022714544,0.2911695330248672,0.5465550591247285,0.34344023779727617
2020-01-22,0.0002890342966814785,22.010783517158625,-0.12464908531868346,-0.0024865633562472364,-0.551580922583436,0.34344023779727617,0.06303473477360372,-0.01111629282228177,0.0,0.0002890342966814785,0.5877852522924732,-0.8090169943749473,2.5580021930391945,0.004658352011606137,0.27059701529123503,0.300734402038874,0.5109789720780596,0.5012604272083961
2020-01-23,0.001140326193358021,22.049467778620684,0.038684261462059055,0.0029421986002538363,-0.2601463232709976,0.5012604272083961,0.15782018941111997,0.09478545463751625,0.0,0.001140326193358021,-0.587785252292473,-0.8090169943749475,2.5634096760090963,0.005407482969901789,0.2983054290241057,0.314735517623279,0.48332753425694946,0.8493906019978061
2020-01-24,-0.00908328942619363,22.033968818784988,-0.015498959835696269,-0.011354041918302435,-1.9073518660728865,0.8493906019978061,0.34813017478941,0.19030998537829003,-0.00908328942619363,0.0,-0.9510565162951536,0.30901699437494723,2.678278071588368,0.11486839557927153,0.4361502490909876,0.34977616312504134,0.6527410891359248,0.5260068347826585
2020-01-27,-0.015855752356843666,22.066404754263385,0.032435935478396516,-0.0010877041951560871,-2.087840252977932,0.5260068347826585,-0.3233837672151476,-0.6715139420045576,-0.015855752356843666,0.0,0.0,1.0,2.903068563580112,0.22479049199174428,0.5001007209619619,0.3689394214526221,0.9813391437975936,0.5812328698994893
2020-01-28,0.01000338350035257,21.985008368505515,-0.0813963857578699,0.006396593639607059,1.3492787714564678,0.5812328698994893,0.055226035116830774,0.3786098023319784,0.0,0.01000338350035257,0.9510565162951535,0.30901699437494745,2.7899374027516357,-0.11313116082847641,0.5602661943371252,0.3899427373535084,0.9483815177522495,0.3515004387384438
2020-01-29,-0.0008672501435853519,22.004269124719524,0.01926075621400969,-0.004894235435844332,-0.07425297208398134,0.3515004387384438,-0.22973243116104552,-0.2849584662778763,-0.0008672501435853519,0.0,0.5877852522924732,-0.8090169943749473,2.796671355516472,0.0067339527648364594,0.5618782345253588,0.3942242867701242,0.8357296334398169,0.77754949300052
2020-01-30,0.0031294569302104946,22.055724200325695,0.05145507560617091,0.008320997201983368,0.42733863742491834,0.77754949300052,0.42604905426207623,0.6557814854231218,0.0,0.0031294569302104946,-0.587785252292473,-0.8090169943749475,2.740194639652674,-0.05647671586379799,0.6171360476837835,0.41258961782592657,0.7468672350974067,0.9955005660352533
2020-01-31,-0.017864443571362187,22.233921549303574,0.17819734897787853,-0.017459376245784957,-1.6982160746897428,0.9955005660352533,0.21795107303473327,-0.20809798122734297,-0.017864443571362187,0.0,-0.9510565162951536,0.30901699437494723,2.935982277247362,0.19578763759468787,0.646358040491273,0.44522170223947843,1.0949426730671123,0.6658906683210791
2020-02-03,0.00722842576123206,22.04780712755669,-0.18611442174688264,0.004089710848520094,1.050743653568839,0.6658906683210791,-0.32960989771417415,-0.5475609707489074,0.0,0.00722842576123206,0.0,1.0,2.8887036625848097,-0.04727861466255234,0.6743348071989571,0.4567849537751892,0.9913367921893794,0.4648352752055735
2020-02-04,0.014869315917506398,22.108784897848743,0.06097777029205176,0.005162511834985562,1.4530154893622023,0.4648352752055735,-0.20105539311550563,0.12855450459866852,0.0,0.014869315917506398,0.9510565162951535,0.30901699437494745,2.7757088020408553,-0.11299486054395436,0.6510552882601739,0.4553832899314075,1.0763154649564948,0.47265234611575124
2020-02-05,0.011187778658973357,22.139478159346204,0.03069326149746132,0.002937124314606281,0.9504027940852695,0.47265234611575124,0.007817070910177748,0.20887246402568338,0.0,0.011187778658973357,0.5877852522924732,-0.8090169943749473,2.718000506775858,-0.05770829526499721,0.6752856697356353,0.4570558119452494,1.045464767461166,0.2867444929118571
2020-02-06,0.0033201550570023386,22.08096780395945,-0.05851035538675475,0.00025710536502606795,0.23802800379108036,0.2867444929118571,-0.18590785320389414,-0.19372492411407188,0.0,0.0033201550570023386,-0.587785252292473,-0.8090169943749475,2.7053799750962626,-0.012620531679595537,0.5771246697179028,0.45845990172988754,0.914380648039453,0.38267233384923843
2020-02-07,-0.005415491009459927,22.040724457358664,-0.04024334660078566,-0.002350229011118955,-0.5751616030914766,0.38267233384923843,0.09592784093738133,0.28183569414127546,-0.005415491009459927,0.0,-0.9510565162951536,0.30901699437494723,2.738902681846048,0.033522706749785414,0.45455902328069986,0.44809853322128185,0.8607843917066339,0.37119158326830487
2020-02-10,0.007299690120573743,21.965323132535328,-0.07540132482333561,0.010137472898687322,0.421785851886929,0.37119158326830487,-0.011480750580933563,-0.10740859151831489,0.0,0.007299690120573743,0.0,1.0,2.710713315985326,-0.02818936586072196,0.395619206270145,0.4563467028071727,0.8129286442185755,0.45753997854795414
2020-02-11,0.001687048686003223,22.04846640397139,0.08314327143606093,-0.0024154015229336883,-0.08360268486066769,0.45753997854795414,0.08634839527964927,0.09782914586058283,0.0,0.001687048686003223,0.9510565162951535,0.30901699437494745,2.71997879207129,0.009265476085964064,0.39416014693862117,0.46089467992340555,0.7186578448208856,0.18280246195030345
2020-02-12,0.006441853105203066,22.09213678844076,0.043670384469372436,0.002651858600893987,0.3531734606209745,0.18280246195030345,-0.27473751659765067,-0.36108591187729994,0.0,0.006441853105203066,0.5877852522924732,-0.8090169943749473,2.6203112701361366,-0.09966752193515349,0.3361901701055316,0.45640620765550627,0.6852967243173893,0.49330753133243554
2020-02-13,-0.0016317763599893453,21.976283059116575,-0.11585372932418636,0.0023858260916170826,-0.4652152055598526,0.49330753133243554,0.31050506938213207,0.5852425859797827,-0.0016317763599893453,0.0,-0.587785252292473,-0.8090169943749475,2.649714597130255,0.029403326994118295,0.3775027777896473,0.4625268085533923,0.6374997959149172,0.30236571392256295
2020-02-14,0.0018418360984853166,21.95281866516754,-0.02346439394903399,0.0006154957660692427,-0.4740538289886823,0.30236571392256295,-0.1909418174098726,-0.5014468867920047,0.0,0.0018418360984853166,-0.9510565162951536,0.30901699437494723,2.615934934502575,-0.03377966262767984,0.3614414538043122,0.4596528730952267,0.5789298156321047,0.4069722998389804
2020-02-18,-0.002924213986148061,22.04512833817355,0.09230967300601023,0.00037095675678256747,-1.0360416068409342,0.4069722998389804,0.10460658591641747,0.29554840332629007,-0.002924213986148061,0.0,0.9510565162951535,0.30901699437494745,2.6966521510052726,0.08071721650269748,0.3685975971184473,0.4714055301512068,0.5707562509072813,0.2879304073315899
2020-02-19,0.004694748284284955,22.008136368205022,-0.03699196996852905,0.0017024982728188255,0.4048357215971756,0.2879304073315899,-0.1190418925073905,-0.22364847842380797,0.0,0.004694748284284955,0.5877852522924732,-0.8090169943749473,2.66583836025124,-0.030813790754032677,0.33467568287517446,0.47529486024186407,0.5535879993161592,1.0026043090894217
2020-02-20,-0.0038228174279968385,22.114343738919874,0.10620737071485209,-0.002138085762623678,-1.1242017927157568,1.0026043090894217,0.7146739017578317,0.8337157942652222,-0.0038228174279968385,0.0,-0.587785252292473,-0.8090169943749475,2.744703545717899,0.07886518546665933,0.49863605230299807,0.5096852795783283,0.5729695343800699,0.5370031263732095
2020-02-21,-0.010573809232820253,22.08649114205065,-0.02785259686922359,-0.006792845139816195,-1.8221582746847118,0.5370031263732095,-0.4656011827162122,-1.180275084474044,-0.010573809232820253,0.0,-0.9510565162951536,0.30901699437494723,2.8379081838935654,0.09320463817566615,0.5073751713111528,0.5189025599867061,0.7682280962415422,0.7766707695948444
2020-02-24,-0.034088079420440565,22.30248368876183,0.21599254671117762,-0.009784982781941112,-2.5522197544180285,0.7766707695948444,0.23966764322163492,0.7052688259378471,-0.034088079420440565,0.0,0.0,1.0,3.220075132876583,0.38216694898301773,0.6022361824456091,0.5320173381955846,1.922201358714268,1.8552938681587756
2020-02-25,-0.03074790437535313,22.445453696000584,0.14297000723875541,-0.034785154199058525,-1.6683528477416922,1.8552938681587756,1.0786230985639311,0.8389554553422962,-0.03074790437535313,0.0,0.9510565162951535,0.30901699437494745,3.32683298007059,0.10675784719400694,0.8919004961095682,0.5799174937270595,2.3886374172550955,1.5852819254248605
2020-02-26,-0.0037856973235292912,22.425219118427982,-0.02023457757260161,-0.007515675008822361,0.2619849662328496,1.5852819254248605,-0.27001194273391516,-1.3486350412978463,-0.0037856973235292912,0.0,0.5877852522924732,-0.8090169943749473,3.31636542676746,-0.010467553303130206,1.1513707997282223,0.6303591647100214,1.9610789093913594,2.1894062483938947
2020-02-27,-0.045168136352262245,22.678377804965137,0.2531586865371551,-0.02773753994849129,-1.868028714317312,2.1894062483938947,0.6041243229690343,0.8741362657029494,-0.045168136352262245,0.0,-0.587785252292473,-0.8090169943749475,3.6676558137657853,0.3512903869983255,1.388731187589117,0.7069388494002311,3.0537432103710405,2.399647916830745
2020-02-28,-0.008272463109652683,22.87148339338481,0.19310558841967307,0.012713271684710176,0.29343131424937924,2.399647916830745,0.21024166843685022,-0.3938826545321841,-0.008272463109652683,0.0,-0.9510565162951536,0.30901699437494723,3.691625694998904,0.023969881233118606,1.7612601456806243,0.8044696816903408,2.5398056896992918,2.4533030298911576
2020-03-02,0.04501086876941329,22.57664237668407,-0.29484101670074025,0.03824351272609245,2.1621950626413935,2.4533030298911576,0.053655113060412596,-0.15658655537643762,0.0,0.04501086876941329,0.0,1.0,3.5091544683780573,-0.18247122662084658,2.096586597739887,0.8842674691613235,3.2390747446966635,3.181531648260056
2020-03-03,-0.02851048492291497,22.575886762845272,-0.0007556138387982969,-0.03052448033357166,-0.6639580932876977,3.181531648260056,0.7282286183688984,0.6745735053084858,-0.02851048492291497,0.0,0.9510565162951535,0.30901699437494745,3.606041167516616,0.09688669913855863,2.361834153760143,0.9883641873625044,3.140523304075825,1.423211805031135
2020-03-04,0.04133634936063402,22.347202138160686,-0.22868462468458617,0.02732420366158132,1.6214265599764546,1.423211805031135,-1.7583198432289209,-2.4865484615978195,0.0,0.04133634936063402,0.5877852522924732,-0.8090169943749473,3.4654233468066336,-0.1406178207099824,2.329420129681398,1.024427098634412,3.4449012165472093,1.6218132598195871
2020-03-05,-0.03451078243998218,22.44232736527978,0.09512522711909455,-0.016971904278901263,-0.7504338197437238,1.6218132598195871,0.19860145478845204,1.956921298017373,-0.03451078243998218,0.0,-0.587785252292473,-0.8090169943749475,3.6793340143114133,0.21391066750477972,2.2159015319665363,1.0795212883779364,3.4950705724137623,1.9911014030854255
2020-03-06,-0.017200943652385448,22.603530566916685,0.16120320163690494,0.006131783725606502,-0.17810314426221371,1.9911014030854255,0.36928814326583836,0.17068668847738633,-0.017200943652385448,0.0,-0.9510565162951536,0.30901699437494723,3.736239992729591,0.05690597841817757,2.134192229217472,1.1518283863288734,3.054768127428696,1.984753115840425
2020-03-09,-0.07901041294037192,22.856400977595246,0.2528704106785611,-0.04183156214926926,-1.6712931669664903,1.984753115840425,-0.006348287245000472,-0.37563643051083884,-0.07901041294037192,0.0,0.0,1.0,3.9974664704346083,0.2612264777050175,2.040482246407326,1.232685939801662,5.296941064158465,3.428262936470021
2020-03-10,0.048215052425859106,22.756930420320153,-0.0994705572750938,0.02414214896679108,1.3355059579321096,3.428262936470021,1.4435098206295958,1.4498581078745962,0.0,0.048215052425859106,0.9510565162951535,0.30901699437494745,3.856510279368089,-0.14095619106651913,2.0898285040493185,1.3777140637359853,5.106186437083418,2.370977327493925
2020-03-11,-0.05010289280860558,22.728953190172152,-0.027977230148000132,-0.030259365490270963,-0.8436175150443416,2.370977327493925,-1.0572856089760956,-2.5007954296056916,-0.05010289280860558,0.0,0.5877852522924732,-0.8090169943749473,3.9871305062243927,0.13062022685630348,2.2793816085418768,1.4729419563181576,5.1212584877250364,3.4306947594349593
2020-03-12,-0.09994485240247286,22.903774817314765,0.17482162714261307,-0.05879428167125159,-1.5869974312079402,3.4306947594349593,1.059717431941034,2.1170030409171297,-0.09994485240247286,0.0,-0.587785252292473,-0.8090169943749475,4.323735242471457,0.33660473624706455,2.641157908464951,1.6145207554080152,7.207592805024849,4.942438416714807
2020-03-13,0.08880840694923542,22.83940929739882,-0.06436551991594541,0.05342295099613275,1.578875514269292,4.942438416714807,1.5117436572798475,0.4520262253388134,0.0,0.08880840694923542,-0.9510565162951536,0.30901699437494723,4.057507703832839,-0.2662275386386179,3.231425311190827,1.841170086587277,7.7766288146231295,4.179029533101812
2020-03-16,-0.12765219747281709,22.778088044729053,-0.06132125266976729,-0.05004811977676502,-1.4800970674938372,4.179029533101812,-0.7634088836129944,-2.275152540892842,-0.12765219747281709,0.0,0.0,1.0,4.415098705258881,0.3575910014260417,3.670280594643105,2.0166806581001047,9.874706834471414,4.703904421042843
2020-03-17,0.05822631263569189,22.847949589699464,0.06986154497041142,0.04179545413406932,1.0232373448267513,4.703904421042843,0.5248748879410305,1.288283771554025,0.0,0.05822631263569189,0.9510565162951535,0.30901699437494745,4.329548476271455,-0.08555022898742592,3.9254088915576695,2.2262777393915463,8.663288432879359,5.076703648163838
2020-03-18,-0.05322227233208032,22.897938009925763,0.04998842022629901,-0.01588578542539116,-0.37238884477410733,5.076703648163838,0.37279922712099545,-0.1520756608200351,-0.05322227233208032,0.0,0.5877852522924732,-0.8090169943749473,4.336636892456721,0.007088416185266233,4.466554155691652,2.4486458988355873,7.715666642129155,4.330467477470829
2020-03-19,0.004696760970401392,22.79720476711505,-0.10073324281071194,0.00662519315517695,0.38088433738470523,4.330467477470829,-0.7462361706930096,-1.119035397814005,0.0,0.004696760970401392,-0.587785252292473,-0.8090169943749475,4.276666119016055,-0.059970773440666036,4.646508699298826,2.6411476640803127,6.3101299433788,3.299739172104744
2020-03-20,-0.04432762405336721,22.92646696363435,0.12926219651929927,-0.05364333386046732,-0.2615107979928121,3.299739172104744,-1.0307283053660847,-0.2844921346730751,-0.04432762405336721,0.0,-0.9510565162951536,0.30901699437494723,4.190260632915152,-0.0864054861009036,4.317968850376813,2.750535038509614,5.778125822100929,3.0996209371660846
2020-03-23,-0.02973150100957689,22.726282493867597,-0.20018446976675364,-0.02354736234460132,-0.13213494225971728,3.0996209371660846,-0.20011823493865943,0.8306100704274253,-0.02973150100957689,0.0,0.0,1.0,4.12049952217643,-0.06976111073872193,4.102087131189668,2.8725644580711793,5.029521611682093,1.5873989125334647
2020-03-24,0.08968323251796306,22.74655360715529,0.020271113287691378,0.04295112388468831,1.4066890808769463,1.5873989125334647,-1.51222202463262,-1.3121037896939605,0.0,0.08968323251796306,0.9510565162951535,0.30901699437494745,4.121797559312228,0.0012980371357977916,3.478786029487792,2.9111705601158757,6.56408144419412,4.635161937531113
2020-03-25,0.0114689904208225,22.839522556687996,0.09296894953270751,0.00721221401959388,0.28955936436442875,4.635161937531113,3.0477630249976486,4.559985049630269,0.0,0.0114689904208225,0.5877852522924732,-0.8090169943749473,4.158101539955101,0.03630398064287377,3.3904776873612468,3.043545230085987,5.418519452624337,2.0842914263078565
2020-03-26,0.06054383107424677,22.77314853901345,-0.0663740176745442,0.050203873387647015,0.7754465936046699,2.0842914263078565,-2.550870511223257,-5.598633536220905,0.0,0.06054383107424677,-0.587785252292473,-0.8090169943749475,4.110873864173311,-0.04722767578178999,2.941242477128653,3.0673075872708915,5.595453775094723,2.617247200858092
2020-03-27,-0.03426784554162676,22.548084447727913,-0.22506409128553884,-0.005650078097403317,-0.4280579320436394,2.617247200858092,0.5329557745502354,3.083826285773492,-0.03426784554162676,0.0,-0.9510565162951536,0.30901699437494723,4.182660657239654,0.07178679306634272,2.8047440828793224,3.0876809659596622,5.0366486807691,1.7191182730108934
2020-03-30,0.032966590569975196,22.472660455570576,-0.07542399215733653,0.02610049886314614,0.4696357007283236,1.7191182730108934,-0.8981289278471984,-1.4310847023974338,0.0,0.032966590569975196,0.0,1.0,4.044453824687379,-0.1382068325522754,2.528643550048284,3.055274792444432,4.517337451986538,1.7647027450782133
2020-03-31,-0.01614231078841577,22.606724428649034,0.13406397307845808,-0.0115785991986301,-0.38821553881385346,1.7647027450782133,0.04558447206731997,0.9437133999145184,-0.01614231078841577,0.0,0.9510565162951535,0.30901699437494745,3.980429055192082,-0.06402476949529667,2.5641043165572337,3.0224843026914345,3.82977592741848,2.0273788120543803
2020-04-01,-0.04514636273278683,22.509007234016575,-0.09771719463245887,-0.011101908781423359,-1.0423192510125048,2.0273788120543803,0.26267606697616697,0.217091594908847,-0.04514636273278683,0.0,0.5877852522924732,-0.8090169943749473,4.044103369852844,0.06367431466076212,2.0425476914618867,2.9675246438244978,4.128120052214048,1.3830020116587163
2020-04-02,0.02257265705696021,22.589543551452277,0.08053631743570122,0.027425522651248486,0.38232452026559866,1.3830020116587163,-0.644376800395664,-0.907052867371831,0.0,0.02257265705696021,-0.587785252292473,-0.8090169943749475,3.930059364917036,-0.11404400493580802,1.9022898085320592,2.9656098917591445,3.598966310674985,2.114993164752772
2020-04-03,-0.015252860825945014,22.53105776357132,-0.05848578788095793,-0.010500607301361115,-0.5207528838379781,2.114993164752772,0.7319911530940557,1.3763679534897197,-0.015252860825945014,0.0,-0.9510565162951536,0.30901699437494723,3.8458831866214758,-0.08417617829556034,1.801839001310995,2.989094649136915,3.076153422754975,1.867306708612583
2020-04-06,0.06796824414483105,22.58016364754016,0.04910588396884208,0.03258607837073871,1.1079015801075842,1.867306708612583,-0.24768645614018903,-0.9796776092342447,0.0,0.06796824414483105,0.0,1.0,3.811981688349307,-0.033901498272168595,1.831476688431333,2.983199663685827,4.575059911907949,1.8404594860336017
2020-04-07,-0.0016043390483631015,22.676351608249796,0.09618796070963498,-0.029360801963475687,-0.26057334286518735,1.8404594860336017,-0.02684722257898131,0.22083923356120772,-0.0016043390483631015,0.0,0.9510565162951535,0.30901699437494745,3.8437441810118846,0.03176249266257747,1.8466280366224108,2.9763285384569307,3.791207974841089,2.061114221867828
2020-04-08,0.033489371191285144,22.494092740908755,-0.1822588673410408,0.023912903861608388,0.5909352472530618,2.061114221867828,0.22065473583422635,0.24750195841320766,0.0,0.033489371191285144,0.5877852522924732,-0.8090169943749473,3.769306668027498,-0.07443751298438661,1.8533751185851002,2.9112262187139697,3.622984673222546,1.3953059866454554
2020-04-09,0.014383470303699575,22.79007163289826,0.2959788919895061,0.004609498332861435,0.243810785587987,1.3953059866454554,-0.6658082352223726,-0.886462971056599,0.0,0.014383470303699575,-0.587785252292473,-0.8090169943749475,3.729781401492564,-0.039525266534933934,1.8558359135824483,2.864765678673566,3.089674855738626,1.504134874873036
2020-04-13,-0.010156059444677012,22.394650790720565,-0.39542084217769613,-0.007514371782393301,-0.5685654185422746,1.504134874873036,0.10882888822758074,0.7746371234499534,-0.010156059444677012,0.0,0.0,1.0,3.717709791306352,-0.012071610186211945,1.733664255606501,2.773024731789665,2.6281624977416267,0.7444556266359359
2020-04-14,0.03011455957230691,22.448837425769185,0.054186635048619536,0.014496378476868318,0.6851136735489345,0.7444556266359359,-0.7596792482371002,-0.868508136464681,0.0,0.03011455957230691,0.9510565162951535,0.30901699437494745,3.6312502968263773,-0.08645949447997481,1.5090940392111716,2.573120789404957,2.726325101725634,0.9882764241002392
2020-04-15,-0.022276732672368738,22.373461742044693,-0.07537568372449144,-0.004402152710887457,-0.9047873278261158,0.9882764241002392,0.2438207974643033,1.0035000457014034,-0.022276732672368738,0.0,0.5877852522924732,-0.8090169943749473,3.709661997032701,0.0784117002063236,1.3386574268244988,2.4211801651667866,2.623018782420145,1.07104618435036
2020-04-16,0.005799837839541411,22.377449555864022,0.003987813819328778,7.500091356367087e-05,-0.24627079773824959,1.07104618435036,0.08276976025012084,-0.16105103721418246,0.0,0.005799837839541411,-0.587785252292473,-0.8090169943749475,3.691625694998904,-0.018036302033797025,1.1406438193210053,2.2481869158004777,2.1802168156346817,0.9723018270749575
2020-04-17,0.026440932021320585,22.481952721328064,0.10450316546404181,0.011240343361882744,0.4943953789205426,0.9723018270749575,-0.09874435727540254,-0.18151411752552338,0.0,0.026440932021320585,-0.9510565162951536,0.30901699437494723,3.641525797727291,-0.0500998972716129,1.0560429874069057,2.052739210034341,2.3060036586739097,1.1017643311778584
2020-04-20,-0.018042845615347858,22.37741513061272,-0.10453759071534208,-0.007924217376922841,-1.1051311585103092,1.1017643311778584,0.12946250410290094,0.22820686137830348,-0.018042845615347858,0.0,0.0,1.0,3.7803185562070047,0.13879275847971373,0.9755688786678702,1.898991441163247,2.206476633046311,1.0333314480313713
2020-04-21,-0.031155115236330744,22.356617522363795,-0.020797608248926736,-0.01747799088069679,-1.4669537491172664,1.0333314480313713,-0.0684328831464871,-0.19789538724938804,-0.031155115236330744,0.0,0.9510565162951535,0.30901699437494745,3.815732341749633,0.03541378554262842,1.0333440429469574,1.7910672638264198,2.5895620243872384,0.9571400561605775
2020-04-22,0.022671300582136844,22.34954513397313,-0.007072388390664486,0.004087980390719171,0.7359468236921037,0.9571400561605775,-0.07619139187079382,-0.007758508724306723,0.0,0.022671300582136844,0.5877852522924732,-0.8090169943749473,3.7371933034881595,-0.07853903826147368,1.027116769359025,1.6890443647309195,2.466131543113978,1.238817105610717
2020-04-23,-0.0005395676601960275,22.476549515670733,0.12700438169760275,-0.004500499058008705,-0.10445064927581602,1.238817105610717,0.2816770494501394,0.3578684413209332,-0.0005395676601960275,0.0,-0.587785252292473,-0.8090169943749475,3.7227976981297513,-0.014395605358408226,1.0606709536110963,1.6724452310679312,2.06305205259994,1.1637177137726509
2020-04-24,0.013822090566839584,22.406476379784902,-0.0700731358858313,0.008531996202460968,0.56178082849689,1.1637177137726509,-0.07509939183806602,-0.3567764412882054,0.0,0.013822090566839584,-0.9510565162951536,0.30901699437494723,3.5815726096190477,-0.1412250885107036,1.098954130950635,1.5071383632699091,1.8600143598816357,0.6850555257688221
2020-04-27,0.014606868181735955,22.372679946506974,-0.03379643327792792,0.008313160821623793,0.485543749150537,0.6850555257688221,-0.47866218800382876,-0.40356279616576274,0.0,0.014606868181735955,0.0,1.0,3.5052570790885054,-0.0763155305305423,1.0156123698688277,1.4405080822918601,1.7212096942823052,1.0863617482030663
2020-04-28,-0.005256170190484077,22.46217993091476,0.08949998440778728,-0.016133121890123434,-0.2986958635196867,1.0863617482030663,0.4013062224342442,0.879968410438073,-0.005256170190484077,0.0,0.9510565162951535,0.30901699437494745,3.513632801901214,0.008375722812708819,1.0262184299031667,1.367608775022573,1.4824520414730118,0.9273083487222363
2020-04-29,0.026236704045073722,22.6172268376416,0.15504690672683807,0.007186837603249863,1.074470373840057,0.9273083487222363,-0.15905339948082997,-0.5603596219150742,0.0,0.026236704045073722,0.5877852522924732,-0.8090169943749473,3.4413791566371685,-0.07225364526404565,1.0202520884154984,1.3299035405326372,1.8684299851797,0.8467191139131178
2020-04-30,-0.00925514331905486,22.601964180688633,-0.01526265695296658,-0.006325164229587562,-0.66415880096902,0.8467191139131178,-0.0805892348091185,0.07846416467171147,-0.00925514331905486,0.0,-0.587785252292473,-0.8090169943749475,3.5307626306984643,0.08938347406129576,0.9418324900759787,1.28619003428668,1.6762709616161433,0.8316840104632052
2020-05-01,-0.02846021101477625,22.28347358863678,-0.3184905920518517,-0.013467387174240486,-1.30975033726944,0.8316840104632052,-0.015035103449912657,0.06555413135920585,-0.02846021101477625,0.0,-0.9510565162951536,0.30901699437494723,3.6160398710106265,0.08527724031216222,0.8754257494140895,1.2292521865918624,2.1669306735220637,0.9904204395678233
2020-05-04,0.004240822578849723,22.27844395422463,-0.005029634412149875,0.00980255490836619,0.17963753742868405,0.9904204395678233,0.15873642910461816,0.17377153255453082,0.0,0.004240822578849723,0.0,1.0,3.582685291644233,-0.03335457936639363,0.9364987321738898,1.2105578260161054,1.8291903116266064,0.8511665956045528
2020-05-05,0.008999935197779863,22.360375335249927,0.08193138102529574,-0.00015336129781551086,0.2624830811240917,0.8511665956045528,-0.13925384396327056,-0.2979902730678887,0.0,0.008999935197779863,0.9510565162951535,0.30901699437494745,3.5148236598968343,-0.06786163174739857,0.8894597016541871,1.1503756084376189,1.593541045773114,0.7616141106387722
2020-05-06,-0.00700388039904265,22.310983564950238,-0.049391770299688886,-0.012115513586386918,-0.5677705832505335,0.7616141106387722,-0.08955248496578061,0.04970135899748995,-0.00700388039904265,0.0,0.5877852522924732,-0.8090169943749473,3.529883691318811,0.01506003142197665,0.8563208540374943,1.0977235799626754,1.408753740220878,0.6194050763963437
2020-05-07,0.0114389557548904,22.36783727539074,0.056853710440503136,0.0010174346224772787,0.542718506271375,0.6194050763963437,-0.14220903424242848,-0.05265654927664787,0.0,0.0114389557548904,-0.587785252292473,-0.8090169943749475,3.448080984547571,-0.08180270677123991,0.8108580465341394,1.039578131884711,1.2925931181394172,0.5516210430979371
2020-05-08,0.016730795065226012,22.30759720133568,-0.06024007405506282,0.007183212642490252,0.8484357475861587,0.5516210430979371,-0.06778403329840654,0.07442500094402194,0.0,0.016730795065226012,-0.9510565162951536,0.30901699437494723,3.3314899528769466,-0.11659103167062446,0.7548454530610857,0.9676975043242398,1.3824079004581695,0.9359502593162992
2020-05-11,0.00013306936679136072,22.295983747049902,-0.01161345428577576,0.005039648932417173,-0.10686721078260385,0.9359502593162992,0.384329216218362,0.45211324951676857,0.0,0.00013306936679136072,0.0,1.0,3.3167282139665804,-0.014761738910366251,0.7439514170107809,0.9458234220704704,1.151784035563624,1.1104200780837707
2020-05-12,-0.020713365772047965,22.356348007956868,0.06036426090696523,-0.02388561728587031,-1.2393337668642301,1.1104200780837707,0.17446981876747159,-0.20985939745089044,-0.020713365772047965,0.0,0.9510565162951535,0.30901699437494745,3.4977189763624423,0.18099076239586198,0.7958021135066246,0.9270750984138387,1.5900823675383522,1.7549449600203868
2020-05-13,-0.01761699662428029,22.539986175626275,0.18363816766940744,-0.016131632176686964,-0.8985158084139778,1.7549449600203868,0.6445248819366161,0.47005506316914447,-0.01761699662428029,0.0,0.5877852522924732,-0.8090169943749473,3.5633161965381612,0.0655972201757189,0.9944682833829475,0.9751936380988127,1.706293562157078,1.7534465811419115
2020-05-14,0.011458917804072044,22.455121362284384,-0.08486481334189122,0.02052827532003064,0.86663235946969,1.7534465811419115,-0.0014983788784752594,-0.6460232608150913,0.0,0.011458917804072044,-0.587785252292473,-0.8090169943749475,3.4846190085179267,-0.07869718802023451,1.221276584332061,1.0116303122436543,1.530498050530898,0.9477472123527392
2020-05-15,0.003918675203722799,22.429412950280106,-0.025708412004277648,0.011855451557330868,0.21884537236760435,0.9477472123527392,-0.8056993687891724,-0.8042009899106971,0.0,0.003918675203722799,-0.9510565162951536,0.30901699437494723,3.4622924618826887,-0.02232654663523803,1.3005018181830215,1.0057589326247198,1.2855083803228762,0.9901043316138722
2020-05-18,0.031015208770073244,22.57544127893108,0.14602832865097426,0.013650987169066492,1.7221392743835264,0.9901043316138722,0.04235711926113306,0.8480564880503054,0.0,0.031015208770073244,0.0,1.0,3.377587489984132,-0.08470497189855664,1.3113326326425363,1.0066066709360966,1.980778701905278,0.8464606882020831
2020-05-19,-0.010539747711598935,22.329564828318293,-0.24587645061278707,-0.008737180779214062,-0.7633103513774542,0.8464606882020831,-0.14364364341178915,-0.1860007626729222,-0.010539747711598935,0.0,0.9510565162951535,0.30901699437494745,3.4187098292376317,0.04112233925349962,1.2585407546661984,0.9944493546039168,1.7834680389365927,0.5113048833662949
2020-05-20,0.016513990613415075,22.333779171107217,0.004214342788923631,0.006069046934224322,0.742266340363616,0.5113048833662949,-0.3351558048357882,-0.19151216142399907,0.0,0.016513990613415075,0.5877852522924732,-0.8090169943749473,3.3318472953500904,-0.08686253388754128,1.0098127393353802,0.969590946762723,1.7123976635299776,0.8414477255046173
2020-05-21,-0.007803968309953113,22.328016782893275,-0.005762388213941705,-0.007245139895587081,-0.6044887062357502,0.8414477255046173,0.33014284213832246,0.6652986469741107,-0.007803968309953113,0.0,-0.587785252292473,-0.8090169943749475,3.3854067190083033,0.05355942365821287,0.8274129682079213,0.9640817881600581,1.5208083296752004,0.5340223257844469
2020-05-22,0.002350945686812267,22.102248533122744,-0.22576824977053178,0.0025069556091611113,0.0927234771916586,0.5340223257844469,-0.30742539972017047,-0.6375682418584929,0.0,0.002350945686812267,-0.9510565162951536,0.30901699437494723,3.3379025258712374,-0.04750419313706589,0.7446679908942628,0.9305201319778547,1.2739000067541988,0.7471013941877208
2020-05-26,0.012214285021459936,22.48945105522602,0.38720252210327644,-0.004106198684012996,0.62007001804465,0.7471013941877208,0.21307906840327395,0.5205044681234444,0.0,0.012214285021459936,0.9510565162951535,0.30901699437494745,3.33256159744345,-0.005340928427787439,0.6960674034090326,0.9106812596166676,1.2287200653063022,1.5083567078369222
2020-05-27,0.014718447490315256,22.579251278630036,0.08980022340401561,0.00676827623520057,0.6229134733290367,1.5083567078369222,0.7612553136492014,0.5481762452459275,0.0,0.014718447490315256,0.5877852522924732,-0.8090169943749473,3.318540178366135,-0.014021419077315134,0.8284466073360004,0.9498860778103866,1.2674645497882722,0.9925630372680251
2020-05-28,-0.0021101393249196576,22.41833450727071,-0.16091677135932514,-0.005556032128667729,-0.74053684906399,0.9925630372680251,-0.5157936705688971,-1.2770489842180985,-0.0021101393249196576,0.0,-0.587785252292473,-0.8090169943749475,3.3530570116713276,0.03451683330519284,0.9246982381163464,0.9454194725277655,1.0886322244556337,1.1154439119919337
2020-05-29,0.0048007935523077805,22.710804512467632,0.2924700051969218,0.006307031319879314,-0.13699978457739037,1.1154439119919337,0.12288087472390863,0.6386745452928058,0.0,0.0048007935523077805,-0.9510565162951536,0.30901699437494723,3.3145495832564333,-0.038507428414894296,0.9794974754138097,0.9543783088739417,0.925248350295761,0.6213907411226416
2020-06-01,0.003744216478363427,22.267454576002777,-0.44334993646485543,0.005562381503169592,-0.2203219153016574,0.6213907411226416,-0.4940531708692921,-0.6169340455932008,0.0,0.003744216478363427,0.0,1.0,3.340385226049894,0.02583564279346051,0.9969711584814487,0.9436483863601095,0.7953659152920534,0.5960984752366979
2020-06-02,0.008177307282400292,22.37137623555407,0.10392165955129329,0.005220019275574587,0.4357002409679736,0.5960984752366979,-0.025292265885943688,0.46876090498334844,0.0,0.008177307282400292,0.9510565162951535,0.30901699437494745,3.289893317788574,-0.050491908261319995,0.9667705746912441,0.9324300275397996,0.7786624189859266,0.5474189285266039
2020-06-03,0.013556670812562288,22.51595154391715,0.14457530836308052,0.007705310020982394,0.8803417920247092,0.5474189285266039,-0.048679546710094,-0.023387280824150314,0.0,0.013556670812562288,0.5877852522924732,-0.8090169943749473,3.244933353240963,-0.04495996454761064,0.7745830188291805,0.9113347174902179,0.9562563382573327,0.8753219804240079
2020-06-04,-0.0033743890836088752,22.587545947911767,0.07159440399461658,0.00025387225937044665,-1.051012732230677,0.8753219804240079,0.327903051897404,0.376582598607498,-0.0033743890836088752,0.0,-0.587785252292473,-0.8090169943749475,3.2507619930386347,0.005828639797671453,0.751134807460377,0.9124849739101919,0.862846469597203,0.8842548608249625
2020-06-05,0.025874012821637038,22.87958739807743,0.2920414501656623,0.009465604550720238,2.0198687027229427,0.8842548608249625,0.008932880400954635,-0.31897017149644935,0.0,0.025874012821637038,-0.9510565162951536,0.30901699437494723,3.199489129737002,-0.05127286330163283,0.7048969972269827,0.9183250096333436,1.5468845784857765,0.5228205999713793
2020-06-08,0.01196965640580494,22.863131980557686,-0.016455417519743776,0.010095983384385757,0.34662565808299123,0.5228205999713793,-0.3614342608535832,-0.37036714125453785,0.0,0.01196965640580494,0.0,1.0,3.2507619930386347,0.05127286330163283,0.6851829689967303,0.9137257488512025,1.4221320298341245,0.6415413875724204
2020-06-09,-0.007829743419721424,22.58127018331448,-0.2818617972432058,-0.0019126667987286613,-1.4694245143053841,0.6415413875724204,0.1187207876010411,0.4801550484546243,-0.007829743419721424,0.0,0.9510565162951535,0.30901699437494745,3.3167282139665804,0.06596622092794568,0.6942715514638749,0.9180076700166543,1.306325264451728,0.8042782227708335
2020-06-10,-0.0053272557351817795,22.61016425935065,0.028894076036170446,-0.007270996924903581,-0.9943174899761015,0.8042782227708335,0.1627368351984131,0.04401604759737199,-0.0053272557351817795,0.0,0.5877852522924732,-0.8090169943749473,3.3167282139665804,0.0,0.7456434103127207,0.9117375730382987,1.168809169654481,1.461650159779508
2020-06-11,-0.060752692996288715,22.674493252962563,0.06432899361191247,-0.03965170558329321,-2.5686145810207424,1.461650159779508,0.6573719370086745,0.4946351018102614,-0.060752692996288715,0.0,-0.587785252292473,-0.8090169943749475,3.708436975774364,0.39170876180778347,0.8629090461838207,0.9284628150238099,3.5252775242439127,2.3442381353130157
2020-06-12,0.012976286605210774,22.488908888959347,-0.18558436400321554,-0.00972791624985115,0.5526430582070269,2.3442381353130157,0.8825879755335078,0.2252160385248333,0.0,0.012976286605210774,-0.9510565162951536,0.30901699437494723,3.58601582288268,-0.12242115289168387,1.1549057010814312,0.9565243947996493,3.0266286783482417,2.2123181037232906
2020-06-15,0.008277860818175498,22.47376571609685,-0.015143172862497778,0.024036098009303786,0.3331304652855041,2.2123181037232906,-0.1319200315897251,-1.0145080071232329,0.0,0.008277860818175498,0.0,1.0,3.5380566087362966,-0.04795921414638338,1.4928052018318136,0.9783754196844769,2.577753960305022,1.7525747735211972
2020-06-16,0.018784852866710722,22.488991002423077,0.01522528632622766,-0.002001365742475894,0.7118588687414358,1.7525747735211972,-0.45974333020209346,-0.32782329861236836,0.0,0.018784852866710722,0.9510565162951535,0.30901699437494745,3.5166071787906032,-0.02144942994569332,1.715011879021569,1.0167005416448798,2.373068703081962,0.5994518685868512
2020-06-17,-0.0036067962326296055,22.240687140033543,-0.24830386238953395,-0.007245237974519252,-0.13744995977153365,0.5994518685868512,-1.1531229049343459,-0.6933795747322524,-0.0036067962326296055,0.0,0.5877852522924732,-0.8090169943749473,3.510649551694795,-0.00595762709580816,1.6740466081847725,0.9980980434054978,2.0306682047829656,0.5371036185176603
2020-06-18,0.0005940434038027576,22.21587550798798,-0.02481163204556225,0.004407354545926418,0.020726181708758864,0.5371036185176603,-0.06234825006919087,1.0907746548651551,0.0,0.0005940434038027576,-0.587785252292473,-0.8090169943749475,3.494687683058813,-0.015961868635982146,1.489137299932403,0.9833667543729063,1.711143781284841,1.4058240165755505
2020-06-19,-0.0056655135656740185,22.845126097822902,0.6292505898349212,-0.013642354575289933,-0.1170632987571618,1.4058240165755505,0.8687203980578901,0.931068648127081,-0.0056655135656740185,0.0,-0.9510565162951536,0.30901699437494723,3.5587707383536116,0.06408305529479863,1.3014544761849098,1.025962903573347,1.480214152114765,0.8229923644871575
2020-06-22,0.006474093296658268,22.26799241352467,-0.5771336842982322,0.007546439206535372,0.459755555649105,0.8229923644871575,-0.5828316520883929,-1.451552050146283,0.0,0.006474093296658268,0.0,1.0,3.4585224626901017,-0.10024827566350991,1.0235893283376831,1.0250840768582297,1.2681546104945278,0.6078859268277467
2020-06-23,0.004298169191484291,22.273346449384928,0.005354035860257511,-0.0023636132021396805,0.3041670182181103,0.6078859268277467,-0.21510643765941084,0.3677252144289821,0.0,0.004298169191484291,0.9510565162951535,0.30901699437494745,3.4458520489553246,-0.012670413734777064,0.7946515589989931,1.0286013911936251,1.0571121848245268,1.4024935262310274
2020-06-24,-0.02619526559566232,22.445618063311837,0.1722716139269096,-0.020786678857976346,-0.9332729123227826,1.4024935262310274,0.7946075994032807,1.0097140370626916,-0.02619526559566232,0.0,0.5877852522924732,-0.8090169943749473,3.521643539247121,0.07579149029179622,0.9552598905278284,1.0598105403385443,1.7816058477798131,1.22781602585969
2020-06-25,0.010899827728216849,22.301768139980823,-0.14384992333101465,0.012123388053351178,0.6521243153931362,1.22781602585969,-0.17467750037133745,-0.9692850997746182,0.0,0.010899827728216849,-0.587785252292473,-0.8090169943749475,3.4725874156353305,-0.04905612361179035,1.0934023719962345,1.0464514602443904,1.6013637928588704,0.930567540289338
2020-06-26,-0.024525204274830514,22.8160985652417,0.5143304252608765,-0.021094917569818912,-1.6051314811036617,0.930567540289338,-0.297248485570352,-0.12257098519901455,-0.024525204274830514,0.0,-0.9510565162951536,0.30901699437494723,3.547603853575341,0.07501643794001067,0.9983510767389918,1.0434992937215959,1.9439910018039324,1.0474458550293673
2020-06-29,0.01457888811353314,22.22154199480635,-0.5945565704353477,0.01141345460654933,0.9886771546689708,1.0474458550293673,0.1168783147400293,0.4141268003103813,0.0,0.01457888811353314,0.0,1.0,3.4588371827147846,-0.08876667086055656,1.0432417748474339,1.0402612910090927,1.8007247743194612,1.0550120832484509
2020-06-30,0.015292349435755526,22.272072252752945,0.05053025794659405,0.016288521870672944,1.091560980285871,1.0550120832484509,0.007566228219083593,-0.1093120865209457,0.0,0.015292349435755526,0.9510565162951535,0.30901699437494745,3.4154289739376598,-0.04340820877712481,1.1326670061315747,1.060909926348417,1.7068944894033358,0.5863549323022785
2020-07-01,0.0050095639758716,22.215996884669394,-0.05607536808355107,0.003195289437236638,0.3333931704434708,0.5863549323022785,-0.46865715094617233,-0.4762233791652559,0.0,0.0050095639758716,0.5877852522924732,-0.8090169943749473,3.3541058034516236,-0.061323170486036194,0.9694392873458249,1.0604459481134445,1.471275723038458,0.8881592349526087
2020-07-02,0.004530970476816165,22.157807357930814,-0.058189526738580355,-0.0043451274677922605,0.27319923962625503,0.8881592349526087,0.3018043026503302,0.7704614535965025,0.0,0.004530970476816165,-0.587785252292473,-0.8090169943749475,3.3207101417746054,-0.03339566167701813,0.9015079291644087,1.0766716769908735,1.2700898109032792,0.3758921428755786
2020-07-06,0.015756930832163007,22.28333701923886,0.12552966130804677,0.007712711647156743,0.8526642755950061,0.3758921428755786,-0.5122670920770301,-0.8140713947273603,0.0,0.015756930832163007,0.0,1.0,3.3300593729432615,0.009349231168656047,0.7905728496816569,1.0528893037742815,1.3370489419076386,0.8221206589874486
2020-07-07,-0.010877477869643215,22.243070028177105,-0.04026699106175613,-0.006692254406852875,-0.7391692657455217,0.8221206589874486,0.44622851611187,0.9584956081889001,-0.010877477869643215,0.0,0.9510565162951535,0.30901699437494745,3.3820145726149287,0.051955199671667174,0.7455078104732731,1.0499305322582095,1.3251510532616455,0.7177834213379318
2020-07-08,0.0077969862634308384,22.32008648562312,0.07701645744601393,0.005336038706004636,0.41002997048256484,0.7177834213379318,-0.10433723764951675,-0.5505657537613867,0.0,0.0077969862634308384,0.5877852522924732,-0.8090169943749473,3.3350575764405894,-0.04695699617433924,0.6780620780911693,1.059214476132807,1.190703720463519,1.3593395066673146
2020-07-09,-0.005659591476195658,22.300934405897983,-0.019152079725134996,-0.007622993498636989,-0.6781369068563748,1.3593395066673146,0.6415560853293828,0.7458933229788995,-0.005659591476195658,0.0,-0.587785252292473,-0.8090169943749475,3.376221403414324,0.04116382697373444,0.8326589929641764,1.0933953389468496,1.0952668899401206,0.9342028759569682
2020-07-10,0.010411809774444336,22.232704392771073,-0.0682300131269109,0.010278596817922942,0.5459222483117107,0.9342028759569682,-0.42513663071034646,-1.0666927160397293,0.0,0.010411809774444336,-0.9510565162951536,0.30901699437494723,3.3065203682683353,-0.06970103514598858,0.8418677211650483,1.0995822271938085,1.0610691497623606,1.634061570749071
2020-07-13,-0.009406645216058607,22.312998877510115,0.0802944847390421,-0.01567886057164445,-1.3970007338475101,1.634061570749071,0.6998586947921029,1.1249953255024494,-0.009406645216058607,0.0,0.0,1.0,3.4716558026486775,0.16513543438034217,1.093501606739747,1.1077922943828353,1.086696351604963,1.2077598801866396
2020-07-14,0.013317300582903258,22.22892864318557,-0.08407023432454608,0.017799240610134576,0.8700275132305682,1.2077598801866396,-0.4263016905624315,-1.1261603853545346,0.0,0.013317300582903258,0.9510565162951535,0.30901699437494745,3.3850680152391712,-0.08658778740950623,1.1706294509795852,1.0536742822339604,1.132020974201612,0.8239899366409467
2020-07-15,0.009041056936354153,22.26802228490703,0.039093641721461125,0.00017979838111835202,0.5349677271515301,0.8239899366409467,-0.38376994354569294,0.042531747016738564,0.0,0.009041056936354153,0.5877852522924732,-0.8090169943749473,3.3235961438836266,-0.06147187135554466,1.191870754040188,0.9875634171348011,1.0586893104822603,0.45957990046570285
2020-07-16,-0.003411915214114103,22.10275207555419,-0.16527020935284042,0.0022447205270463367,-0.675863581978624,0.45957990046570285,-0.3644100361752438,0.019359907370449125,-0.003411915214114103,0.0,-0.587785252292473,-0.8090169943749475,3.332204510175204,0.00860836629157724,1.0119188327998656,0.9259922327035871,0.9576965484437292,0.6120238995672257
2020-07-17,0.0028445625875832548,22.112767549261985,0.010015473707795763,0.00016127287185230705,-0.01410141935025825,0.6120238995672257,0.15244399910152284,0.5168540352767667,0.0,0.0028445625875832548,-0.9510565162951536,0.30901699437494723,3.2457124907055523,-0.08649201946965146,0.9474830375219172,0.9265909008455098,0.8407543525580792,0.7882478939461103
2020-07-20,0.008371797255140478,22.104381813597154,-0.008385735664830918,0.008508233924773902,0.6916894020196916,0.7882478939461103,0.17622399437888459,0.023779995277361743,0.0,0.008371797255140478,0.0,1.0,3.197039092829453,-0.048673397876099145,0.778320302161325,0.9385501520563883,0.8237648689059871,0.603057715773248
2020-07-21,0.0016776293345603932,22.23984476316507,0.13546294956791627,-0.0034386426966262753,-0.23974194615299535,0.603057715773248,-0.18519017817286232,-0.3614141725517469,0.0,0.0016776293345603932,0.9510565162951535,0.30901699437494745,3.2124552632081076,0.015416170378654392,0.6573798692786468,0.9003231853515166,0.7255406319218523,0.40001653911998825
2020-07-22,0.00573063059447243,22.174214337754165,-0.06563042541090525,0.006479979953789538,0.32555376898079835,0.40001653911998825,-0.20304117665325971,-0.017850998480397395,0.0,0.00573063059447243,0.5877852522924732,-0.8090169943749473,3.19129904454962,-0.021156218658487713,0.572585189774455,0.8801814793816515,0.6786699986106054,1.0403209534237483
2020-07-23,-0.012396378412246278,22.18112708749153,0.006912749737363555,-0.011058456875300254,-1.7446143334500386,1.0403209534237483,0.6403044143037601,0.8433455909570198,-0.012396378412246278,0.0,-0.587785252292473,-0.8090169943749475,3.261168734133071,0.06986968958345097,0.6887334003660641,0.9007736235052706,0.9472015944986982,0.595990518166703
2020-07-24,-0.006209640024275487,22.02873239088695,-0.15239469660457772,-0.0009170342706123486,-0.8392028786040553,0.595990518166703,-0.4443304352570453,-1.0846348495608054,-0.006209640024275487,0.0,-0.9510565162951536,0.30901699437494723,3.2519236848195052,-0.009245049313565623,0.6855267240859595,0.8623687183593505,0.9214562745161515,0.46118157474197236
2020-07-27,0.007367928821482295,22.10211001449117,0.07337762360421962,0.006059491147792517,0.5992942479387379,0.46118157474197236,-0.13480894342473065,0.30952149183231464,0.0,0.007367928821482295,0.0,1.0,3.208421357712853,-0.04350232710665214,0.6201134602451319,0.8258623159251735,0.8654242494915,0.5203623035176191
2020-07-28,-0.0064944354186469155,22.12276759540014,0.02065758090897063,-0.004906499742975879,-0.9669131746362682,0.5203623035176191,0.059180728775646785,0.19398967220037744,-0.0064944354186469155,0.0,0.9510565162951535,0.30901699437494745,3.236322759464752,0.027901401751898813,0.6035743777940061,0.8063287332217582,0.8678410610384621,0.5567850018919908
2020-07-29,0.01235178335174325,22.222487017144815,0.0997194217446733,0.009627458814921693,1.4450193369515723,0.5567850018919908,0.03642269837437162,-0.022758030401275164,0.0,0.01235178335174325,0.5877852522924732,-0.8090169943749473,3.1822118563252286,-0.05411090313952327,0.6349280703484067,0.7829639306914069,0.9468147207113594,0.9868582409172396
2020-07-30,-0.003757301763455345,22.173689260621522,-0.048797756523292435,0.004464349997122972,-0.5964766975870255,0.9868582409172396,0.43007323902524885,0.39365054065087723,-0.003757301763455345,0.0,-0.587785252292473,-0.8090169943749475,3.2092294570604114,0.02701760073518278,0.624235527847105,0.7797185096280159,0.8753690250556316,1.130680053589764
2020-07-31,0.007641236242175609,22.33420861669948,0.16051935607795897,0.0002048945470174674,0.7614902037983511,1.130680053589764,0.14382181267252447,-0.2862514263527244,0.0,0.007641236242175609,-0.9510565162951536,0.30901699437494723,3.197039092829453,-0.012190364230958206,0.7311734349317172,0.8056387534988486,0.8324642355375836,0.3718802728465544
2020-08-03,0.007155362664359899,22.213681446374455,-0.12052717032502613,0.0019292799380388255,0.7263429059118379,0.3718802728465544,-0.7587997807432096,-0.9026215934157341,0.0,0.007155362664359899,0.0,1.0,3.1896529944715897,-0.007386098357863524,0.7133131745526335,0.7810540410176078,0.7888897164685635,0.30829842225309056
2020-08-04,0.0036054230261335363,22.208133231016525,-0.00554821535792982,0.005030030802007477,0.2604741881944547,0.30829842225309056,-0.06358185059346383,0.6952179301497459,0.0,0.0036054230261335363,0.9510565162951535,0.30901699437494745,3.168003504127518,-0.021649490344071598,0.6709003982997279,0.777835292416537,0.7023894281590706,0.20833913914659297
2020-08-05,0.006409160435516981,22.235104151076484,0.02697092005995927,0.003130080215249089,0.5957508786596653,0.20833913914659297,-0.0999592831064976,-0.03637743251303377,0.0,0.006409160435516981,0.5877852522924732,-0.8090169943749473,3.1350593288193775,-0.03294417530814053,0.6012112257506483,0.7486076009955439,0.6739674267444982,0.5019866100035938
2020-08-06,0.006407126020665288,22.17696881551861,-0.05813533555787487,0.007790418737273277,0.45098804886559524,0.5019866100035938,0.2936474708570008,0.3936067539634984,0.0,0.006407126020665288,-0.587785252292473,-0.8090169943749475,3.1201598350871125,-0.014899493732265068,0.5042368995679192,0.7383315623605754,0.6488431704065764,0.45901382245070593
2020-08-07,0.0006328292699571136,22.136696164941295,-0.04027265057731455,0.003356579598165914,-0.6085621944873487,0.45901382245070593,-0.04297278755288786,-0.3366202584098887,0.0,0.0006328292699571136,-0.9510565162951536,0.30901699437494723,3.100542596684933,-0.01961723840217955,0.36990365334010755,0.6954589107312131,0.5834100817348875,0.582221166209647
2020-08-10,0.0027384652733921655,22.188352894262458,0.05165672932116294,0.0013191173024532706,-0.16481614859698585,0.582221166209647,0.1232073437589411,0.16618013131182896,0.0,0.0027384652733921655,0.0,1.0,3.0969341161400745,-0.0036084805448584056,0.411971832012726,0.6786978769337216,0.5303305297268502,0.9284666334660676
2020-08-11,-0.008001055401377855,22.308521706632174,0.120168812369716,-0.01093387453498374,-1.9332716081225754,0.9284666334660676,0.3462454672564206,0.22303812349747948,-0.008001055401377855,0.0,0.9510565162951535,0.30901699437494745,3.1793030783228886,0.08236896218281409,0.5360054742553215,0.6450981180154833,0.710219627827894,0.5015796734176903
2020-08-12,0.013899502293613253,22.05093747762313,-0.2575842290090442,0.0073904251427471075,1.6421522781217468,0.5015796734176903,-0.42688696004837734,-0.7731324273047979,0.0,0.013899502293613253,0.5877852522924732,-0.8090169943749473,3.1036894458780013,-0.07561363244488728,0.5946535811095409,0.6114704891217239,0.9025954688063884,0.5004047864828667
2020-08-13,-0.0020492726761567326,21.958368054410066,-0.09256942321306383,0.00014229274896976633,-0.978763516065733,0.5004047864828667,-0.0011748869348235935,0.42571207311355375,-0.0020492726761567326,0.0,-0.587785252292473,-0.8090169943749475,3.0969341161400745,-0.006755329737926807,0.5943372164053955,0.5960616724475296,0.8155665998689946,0.3454333563864946
2020-08-14,-0.00017189739627809786,21.886435396888807,-0.0719326575212591,0.001243100160170528,-0.5408529440778695,0.3454333563864946,-0.1549714300963721,-0.1537965431615485,-0.00017189739627809786,0.0,-0.9510565162951536,0.30901699437494723,3.0933125672924255,-0.003621548847648981,0.5716211231925532,0.5906261227294721,0.7283129834727194,0.17369221027591142
2020-08-17,0.002706177507423746,21.964629797479603,0.07819440059079596,0.000334143979741518,0.015251187124079852,0.17369221027591142,-0.17174114611058316,-0.016769716014211067,0.0,0.002706177507423746,0.0,1.0,3.0610517575420677,-0.03226080975035783,0.4899153320058061,0.5697531851441714,0.6531638422347845,0.5182983716897696
2020-08-18,0.002300740419816094,22.023334875963656,0.05870507848405282,0.0008086360139536261,-0.03217268684410642,0.5182983716897696,0.34460616141385814,0.5163473075244414,0.0,0.002300740419816094,0.9510565162951535,0.30901699437494745,3.0685179539203564,0.007466196378288714,0.4078816796505465,0.5568984459891075,0.5858275747695129,0.5333581509722476
2020-08-19,-0.004414123345181764,22.026037275066802,0.0027023991031462913,-0.005219155450993816,-0.9716924705196538,0.5333581509722476,0.015059779282478036,-0.3295463821313801,-0.004414123345181764,0.0,0.5877852522924732,-0.8090169943749473,3.115291549229524,0.04677359530916769,0.414237375161458,0.5535794190938217,0.6163346839906857,0.6003566502063084
2020-08-20,0.003153654768345504,21.956129259454848,-0.06990801561195426,0.007420747494363636,0.3594123433868088,0.6003566502063084,0.06699849923406076,0.051938719951582724,0.0,0.003153654768345504,-0.587785252292473,-0.8090169943749475,3.123245563630877,0.007954014401352794,0.43422774790614627,0.5631194243836466,0.5601893764248933,0.379233364359467
2020-08-21,0.0034351999829738133,21.977459210781248,0.021329951326400476,0.0032875226521910388,0.356931553980301,0.379233364359467,-0.22112328584684138,-0.28812178508090214,0.0,0.0034351999829738133,-0.9510565162951536,0.30901699437494723,3.115291549229524,-0.007954014401352794,0.4409877495007407,0.5316390629996333,0.5176357675512392,0.3100653110444112
2020-08-24,0.009993615364901842,22.043262797940912,0.06580358715966383,0.0038514366971161046,1.2306192797218145,0.3100653110444112,-0.06916805331505577,0.1519552325317856,0.0,0.009993615364901842,0.0,1.0,3.107720813018059,-0.007570736211464979,0.46826236965444074,0.5180235769461907,0.6455948037843403,0.3518365457797591
2020-08-25,0.003589899745540137,22.011850892935914,-0.031411905004997465,0.002229839689844881,0.0644423914751866,0.3518365457797591,0.041771234735347884,0.11093928805040365,0.0,0.003589899745540137,0.9510565162951535,0.30901699437494745,3.092405191982908,-0.01531562103515105,0.4349700044724386,0.5128166708051329,0.5862204852952785,0.54975215129812
2020-08-26,0.010144001344842835,22.053130048653898,0.041279155717983684,0.00830175217407437,1.5774423637712904,0.54975215129812,0.19791560551836096,0.15614437078301308,0.0,0.010144001344842835,0.5877852522924732,-0.8090169943749473,3.1471649969860382,0.05475980500313016,0.43824880453761317,0.5142161873661092,0.6915944495592831,0.6701230198963769
2020-08-27,0.0016716460318093596,22.098471444708565,0.045341396054666916,-0.00016925968195632518,-0.3639708702265208,0.6701230198963769,0.12037086859825685,-0.07754473692010411,0.0,0.0016716460318093596,-0.587785252292473,-0.8090169943749475,3.1974478493938725,0.050282852407834255,0.4522020784756268,0.5196132358425085,0.6159309962067689,0.4447808225119072
2020-08-28,0.006710002849569463,22.0761352571902,-0.0223361875183663,0.0038042710716673506,0.6535566805188047,0.4447808225119072,-0.2253421973844697,-0.34571306598272655,0.0,0.006710002849569463,-0.9510565162951536,0.30901699437494723,3.1337535315764806,-0.06369431781739188,0.4653115701061149,0.4938000254422546,0.6089193420776735,0.40086402877061417
2020-08-31,-0.0021973751755091087,22.19304620178603,0.11691094459582985,-0.002687553135922299,-1.205943383752211,0.40086402877061417,-0.043916793741293036,0.18142540364317666,-0.0021973751755091087,0.0,0.0,1.0,3.273742720531385,0.13998918895490453,0.4834713136513555,0.4590468814032474,0.5921662740407848,0.5813561762775151
2020-09-01,0.007496831420706229,22.13461615951553,-0.05843004227049775,0.0054619742204085504,0.7341896139298141,0.5813561762775151,0.18049214750690096,0.224408941248194,0.0,0.007496831420706229,0.9510565162951535,0.30901699437494745,3.2627013365381456,-0.011041383993239506,0.5293752397509067,0.46902192442376933,0.6165809543209594,0.8268366516383685
2020-09-02,0.015249050143870235,22.180866391991763,0.04625023247623261,0.010409121190729936,1.8534865467453918,0.8268366516383685,0.24548047536085338,0.06498832785395242,0.0,0.015249050143870235,0.5877852522924732,-0.8090169943749473,3.2797827482859945,0.01708141174784883,0.5847921398189564,0.4937142210611636,0.8958417302402724,1.9890901774694092
2020-09-03,-0.03575759414218638,22.314912418275412,0.1340460262836487,-0.03125127702714061,-2.6677213817126875,1.9890901774694092,1.1622535258310407,0.9167730504701873,-0.03575759414218638,0.0,-0.587785252292473,-0.8090169943749475,3.5145260215560947,0.23474327327010025,0.8485855713335628,0.5785118895527263,2.155459299405598,2.639104011296546
2020-09-04,-0.008166280754274169,22.21363188376449,-0.10128053451092356,-0.007743634126357752,-0.6230201357428746,2.639104011296546,0.6500138338271368,-0.5122396920039038,-0.008166280754274169,0.0,-0.9510565162951536,0.30901699437494723,3.4258899942525267,-0.08863602730356801,1.2874502090904907,0.6802793848523907,1.9040452095637894,0.7686927649137447
2020-09-08,-0.028148829086466876,22.269621234631007,0.05598935086651835,-0.011945687240447594,-1.509962979819363,0.7686927649137447,-1.8704112463828013,-2.520425080209938,-0.028148829086466876,0.0,0.9510565162951535,0.30901699437494745,3.448716868528817,0.022826874276290265,1.3610159563191169,0.6950260011601544,2.28443635134856,1.0811037913599215
2020-09-09,0.019944760662180983,22.092546278961333,-0.17707495566967424,0.008610140224509212,1.171224432278685,1.0811037913599215,0.3124110264461768,2.182822272828978,0.0,0.019944760662180983,0.5877852522924732,-0.8090169943749473,3.3607225305592063,-0.08799433796961065,1.460965479335598,0.7187823166435008,2.172359469035656,1.4969016523374679
2020-09-10,-0.017741245925396498,22.160403016242178,0.06785673728084518,-0.02173451488437531,-0.7445262691858939,1.4969016523374679,0.41579786097754634,0.10338683453136954,-0.017741245925396498,0.0,-0.587785252292473,-0.8090169943749475,3.391483658659055,0.030761128099848545,1.594978479475418,0.7458506508754722,2.121104766462393,1.2188990313626933
2020-09-11,0.000532930158087197,22.03432197230116,-0.12608104394101716,-0.003504801585045651,0.25914072691951207,1.2188990313626933,-0.2780026209747746,-0.6938004819523209,0.0,0.000532930158087197,-0.9510565162951536,0.30901699437494723,3.2910104538604994,-0.10047320479855548,1.4409402502540747,0.78000871553952,1.808530968502701,0.735922748803479
2020-09-14,0.0126613350250242,22.06862882282461,0.03430685052344984,0.005922555937254614,0.8666072561775829,0.735922748803479,-0.4829762825592143,-0.20497366158443975,0.0,0.0126613350250242,0.0,1.0,3.2523106157114876,-0.03869983814901179,1.0603039977554611,0.7912238566024064,1.6512827541465016,0.6164778595685108
2020-09-15,0.005205785930499474,22.123756452955536,0.05512763013092581,-0.0019180785716540734,0.4254832532050846,0.6164778595685108,-0.11944488923496821,0.3635313933242461,0.0,0.005205785930499474,0.9510565162951535,0.30901699437494745,3.2422016561344913,-0.010108959576996313,1.0298610166864146,0.8041307377063118,1.4236414471758174,0.7939828767338011
2020-09-16,-0.00462964689215184,22.274841558747763,0.15108510579222667,-0.00757427506298496,-0.029230306489833803,0.7939828767338011,0.17750501716529032,0.29694990640025853,-0.00462964689215184,0.0,0.5877852522924732,-0.8090169943749473,3.259633852498868,0.01743219636437665,0.9724368337611905,0.8336683884900209,1.2630788311882817,0.9594867842069492
2020-09-17,-0.008447949528552101,22.200278031215493,-0.0745635275322698,0.003028074805118419,-0.11478331982686774,0.9594867842069492,0.16550390747314814,-0.012001109692142187,-0.008447949528552101,0.0,-0.587785252292473,-0.8090169943749475,3.2756341240863804,0.016000271587512493,0.8649538601350866,0.8546773605146485,1.2189874944017123,1.3064365380972742
2020-09-18,-0.011245576947828795,22.68003114090005,0.4797531096845553,-0.011355750188634182,-0.5095148750541838,1.3064365380972742,0.346949753890325,0.18144584641717687,-0.011245576947828795,0.0,-0.9510565162951536,0.30901699437494723,3.251536604154054,-0.02409751993232634,0.8824613614820029,0.8914906170444116,1.2621007054459346,1.2229121719009568
2020-09-21,-0.011638564027299125,22.299368244573518,-0.3806628963265304,-0.001373614894569456,-0.5072185448728757,1.2229121719009568,-0.08352436619631742,-0.43047412008664243,-0.011638564027299125,0.0,0.0,1.0,3.3243163620434584,0.07277975788940427,0.9798592461014983,0.9211361180774902,1.3043259436914765,0.9913570110894183
2020-09-22,0.010463016398377434,22.103167307265633,-0.19620093730788568,0.005995815519957161,0.8903098249494233,0.9913570110894183,-0.23155516081153849,-0.14803079461522106,0.0,0.010463016398377434,0.9510565162951535,0.30901699437494745,3.29063821381853,-0.03367814822492843,1.05483507640568,0.9502848631598688,1.2121970241744064,1.160966410795313
2020-09-23,-0.0240073389143749,22.20000629487577,0.09683898761013765,-0.025375711003036087,-1.5884192969087967,1.160966410795313,0.16960939970589473,0.4011645605174332,-0.0240073389143749,0.0,0.5877852522924732,-0.8090169943749473,3.352707169832234,0.06206895601370421,1.1282317832179822,0.990803963148007,1.7220011847106729,1.4575047775850978
2020-09-24,0.002983005554629159,22.24973944487959,0.049733150003820725,0.0063188989559595675,0.5108978705386005,1.4575047775850978,0.29653836678978474,0.12692896708389,0.0,0.002983005554629159,-0.587785252292473,-0.8090169943749475,3.3502549109527053,-0.0024522588795288236,1.227835381893612,1.0434548313292136,1.4779365508874431,1.2245674674400198
2020-09-25,0.01585043922418805,22.05914283599064,-0.19059660888894925,0.01891377429430419,1.3396610338162898,1.2245674674400198,-0.232937310145078,-0.5294756769348627,0.0,0.01585043922418805,-0.9510565162951536,0.30901699437494723,3.272606115475923,-0.07764879547678216,1.2114615677621612,1.0755888940026375,1.4695935407522462,0.48725824179786753
2020-09-28,0.015982191853854744,22.097211769326044,0.03806893333540273,0.005295112308519447,1.280155405850652,0.48725824179786753,-0.7373092256421523,-0.5043719154970743,0.0,0.015982191853854744,0.0,1.0,3.265377678911282,-0.0072284365646413384,1.0643307817415433,1.066881047426518,1.466397152776281,0.5748881256266714
2020-09-29,-0.004824282704444016,22.021163316526547,-0.07604845279949757,-0.004621321495345684,-0.21952515539445994,0.5748881256266714,0.08762988382880382,0.8249391094709562,-0.004824282704444016,0.0,0.9510565162951535,0.30901699437494745,3.268427621122788,0.003049942211506007,0.981037004648994,1.0730766332891257,1.3165930225540357,1.0391933083369267
2020-09-30,0.008219842568379931,22.279016011863835,0.25785269533728794,0.006500427617451768,0.6621305719255708,1.0391933083369267,0.46430518271025534,0.3766752988814515,0.0,0.008219842568379931,0.5877852522924732,-0.8090169943749473,3.272227032190504,0.0037994110677161963,0.9566823841573167,1.1034732656494264,1.1868255740128593,0.7430902887431731
2020-10-01,0.005278949564294422,22.128465364186216,-0.15055064767761905,-0.001498541877696042,0.3454470615310506,0.7430902887431731,-0.2961030195937536,-0.760408202304009,0.0,0.005278949564294422,-0.587785252292473,-0.8090169943749475,3.284663593980715,0.01243656179021091,0.8137994863889316,1.1111748900525529,1.055337414470123,0.9432305788579592
2020-10-02,-0.00962381286637104,22.10333586729789,-0.025129496888325775,0.0028351956565319395,-0.8019300540909056,0.9432305788579592,0.20014029011478618,0.4962433097085398,-0.00962381286637104,0.0,-0.9510565162951536,0.30901699437494723,3.318902108561333,0.034238514580617885,0.7575321086725195,1.1167174580153907,1.10290967853224,0.4520357363434362
2020-10-05,0.01781310900290123,22.02962915109598,-0.0737067162019116,0.012199345614560906,1.0550612092204033,0.4520357363434362,-0.49119484251452306,-0.6913351326293092,0.0,0.01781310900290123,0.0,1.0,3.3307748846214262,0.011872776060093404,0.7504876075816332,1.043524389390344,1.2586680018609915,1.3442852905925804
2020-10-06,-0.014072064387523397,22.21693144108129,0.18730228998531118,-0.014113104610349394,-1.0911890176941275,1.3442852905925804,0.8922495542491442,1.3834443967636672,-0.014072064387523397,0.0,0.9510565162951535,0.30901699437494745,3.3837120517931956,0.05293716717176933,0.904367040574815,0.9818663550711076,1.3672857208592812,0.5862321697164022
2020-10-07,0.01724716377024116,22.06214096899826,-0.15479047208302887,0.010252847843128065,1.0025227192732216,0.5862321697164022,-0.7580531208761782,-1.6503026751253222,0.0,0.01724716377024116,0.5877852522924732,-0.8090169943749473,3.3343450556416125,-0.04936699615158302,0.8137748128507102,0.9731777552998057,1.4215675613773244,0.3216144489689378
2020-10-08,0.00797821289486933,22.075910339109903,0.013769370111642587,0.00364768548902868,0.17007060627724752,0.3216144489689378,-0.2646177207474644,0.49343540012871373,0.0,0.00797821289486933,-0.587785252292473,-0.8090169943749475,3.2718477327887663,-0.06249732285284626,0.7294796448958631,0.9370115961383302,1.2838187052160006,0.3828392897302727
2020-10-09,0.008755095180752903,22.0954840931526,0.019573754042696123,0.005036899700395909,0.30896540637296727,0.3828392897302727,0.06122484076133489,0.3258425615087993,0.0,0.008755095180752903,-0.9510565162951536,0.30901699437494723,3.2188758248682006,-0.05297190792056572,0.6174013870703259,0.8839610074427495,1.178264805310147,0.8065953512363286
2020-10-12,0.016282530158324704,21.95750399025871,-0.13798010289388785,0.009723927730541307,0.9719060576988109,0.8065953512363286,0.42375606150605594,0.36253122074472105,0.0,0.016282530158324704,0.0,1.0,3.221671899997255,0.002796075129054554,0.6883133100489044,0.8643274988653037,1.264910011507369,0.5407093609169205
2020-10-13,-0.006326891629163001,22.007278272294997,0.0497742820362852,-0.006267481865151084,-1.0025428806507701,0.5407093609169205,-0.2658859903194082,-0.6896420518254641,-0.006326891629163001,0.0,0.9510565162951535,0.30901699437494745,3.2607852162393964,0.039113316242141316,0.5275981241137725,0.8550316232516579,1.1865736179307174,0.8295995240706425
2020-10-14,-0.006645172084059681,22.073546935798447,0.0662686635034504,-0.00765266828781518,-0.8620559291467136,0.8295995240706425,0.28889016315372207,0.5547761534731303,-0.006645172084059681,0.0,0.5877852522924732,-0.8090169943749473,3.2733639957026597,0.012578779463263245,0.5762715949846204,0.8651802739422356,1.1287419345346181,0.8279177242037843
2020-10-15,-0.0015289235142130764,22.038211876379737,-0.03533505941870985,0.008539726323764648,-0.3746612121888137,0.8279177242037843,-0.0016817998668582357,-0.2905719630205803,-0.0015289235142130764,0.0,-0.587785252292473,-0.8090169943749475,3.294725111692035,0.02136111598937518,0.6775322500315897,0.8667962190598539,1.015235871792922,0.6925721921586966
2020-10-16,0.0001349104566301662,22.268278288731363,0.23006641235162562,-0.002777559705551092,-0.3390703679385701,0.6925721921586966,-0.1353455320450877,-0.13366373217822947,0.0,0.0001349104566301662,-0.9510565162951536,0.30901699437494723,3.310907904747825,0.016182793055790068,0.7394788305172746,0.8540860003908894,0.9071568947435364,1.18456598220666
2020-10-19,-0.01646466351494169,22.132074831067904,-0.1362034576634592,-0.019287996356192442,-1.4392965186993611,1.18456598220666,0.4919937900479635,0.6273393220930512,-0.01646466351494169,0.0,0.0,1.0,3.373483553553028,0.06257564880520317,0.8150729567113408,0.8482826405865745,1.2137088300201273,0.8418335456242713
2020-10-20,0.004716195320000338,22.088808871151915,-0.04326595991598836,0.0010868825988228077,0.21570460512591663,0.8418335456242713,-0.34273243658238883,-0.8347262266303523,0.0,0.004716195320000338,0.9510565162951535,0.30901699437494745,3.3792925592713705,0.005809005718342419,0.875297793652811,0.8301360393353038,1.0899077076744583,0.6472096154087474
2020-10-21,-0.002198114011569885,22.135218198422354,0.046409327270438894,-0.0012653256037829332,-0.28519216550734405,0.6472096154087474,-0.19462393021552382,0.148108506366865,-0.002198114011569885,0.0,0.5877852522924732,-0.8090169943749473,3.355153429845924,-0.024139129425446715,0.8388198119204319,0.8137480681124147,0.9928668014703482,0.8892797704376241
2020-10-22,0.005205354003491536,22.151675755812775,0.016457557390420874,0.004349981324042957,0.5479052503633022,0.8892797704376241,0.24207015502887663,0.43669408524440045,0.0,0.005205354003491536,-0.587785252292473,-0.8090169943749475,3.3361254066314094,-0.019028023214514356,0.8510922211671998,0.8008106090477628,0.9019426581486556,0.5324938910908459
2020-10-23,0.003439838320389299,22.018431264929053,-0.13324449088372248,0.00014140541007411872,0.4322663863100475,0.5324938910908459,-0.3567858793467782,-0.5988560343756548,0.0,0.003439838320389299,-0.9510565162951536,0.30901699437494723,3.316002507906021,-0.020122898725388527,0.8190765609536298,0.7567624715956557,0.8125349793774301,1.410931729992116
2020-10-26,-0.018764472985321135,22.110112545744233,0.09168128081518034,-0.011823477770090749,-1.7862214019012672,1.410931729992116,0.8784378389012701,1.2352237182480483,-0.018764472985321135,0.0,0.0,1.0,3.480008533881659,0.16400602597563818,0.864349710510721,0.7656369602886125,1.234259419285769,0.3676559183130239
2020-10-27,-0.0030302053504467352,22.100115739490676,-0.009996806253557367,-0.003670973519109803,0.05816425610637155,0.3676559183130239,-1.0432758116790921,-1.9217136505803623,-0.0030302053504467352,0.0,0.9510565162951535,0.30901699437494745,3.5070577266081413,0.027049192726482207,0.7695141850484715,0.7599416115512392,1.1255427457494414,0.8212593708025179
2020-10-28,-0.035925542108577346,22.360313080015132,0.2601973405244564,-0.021608111609627303,-2.2277624271499747,0.8212593708025179,0.45360345248949396,1.496879264168586,-0.035925542108577346,0.0,0.5877852522924732,-0.8090169943749473,3.695855037544921,0.18879731093677954,0.8043241361272255,0.7716735756072317,2.0603667888723307,1.6256212743548732
2020-10-29,0.011876524939998134,22.314918525959996,-0.04539455405513593,0.010001232669368679,1.177846019333283,1.6256212743548732,0.8043619035523554,0.3507584510628614,0.0,0.011876524939998134,-0.587785252292473,-0.8090169943749475,3.6267380616353546,-0.06911697590956623,0.9515924369106754,0.7995987168461816,1.8594071247074064,1.468750254860724
2020-10-30,-0.0122037134452615,22.300992211872234,-0.013926314087761682,-0.007200441490325343,-0.4063128017878662,1.468750254860724,-0.15687101949414917,-0.9612329230465045,-0.0122037134452615,0.0,-0.9510565162951536,0.30901699437494723,3.6381123491003584,0.011374287465003796,1.1388437096646509,0.8341539533279698,1.7803292980715435,1.0454901042130564
2020-11-02,0.012242950890591686,22.185291316722584,-0.11570089514965076,0.004250416358686985,1.0438426258642342,1.0454901042130564,-0.42326015064766764,-0.2663891311535185,0.0,0.012242950890591686,0.0,1.0,3.6144252969558948,-0.02368705214446365,1.065755384508839,0.8390234545353553,1.6685307748788414,0.9386468226098742
2020-11-03,0.01764273768407776,22.16815452516974,-0.017136791552843533,0.009816007310651038,1.2134485102073416,0.9386468226098742,-0.10684328160318224,0.3164168690444854,0.0,0.01764273768407776,0.9510565162951535,0.30901699437494745,3.5709401347882244,-0.0434851621676704,1.1799535653682092,0.8621954110242334,1.6673737465104905,1.5226229644769238
2020-11-04,0.02180752565509181,22.289879752398335,0.12172522722859469,0.010797337264326681,1.198587270090747,1.5226229644769238,0.5839761418670496,0.6908194234702318,0.0,0.02180752565509181,0.5877852522924732,-0.8090169943749473,3.386760323543933,-0.18417981124429117,1.3202262841030905,0.8706876812092021,1.7629323241736627,0.7547564765159375
2020-11-05,0.019273265776702075,22.303923544159627,0.014043791761292113,0.007063863014821023,0.9302651088449729,0.7547564765159375,-0.7678664879609863,-1.351842629828036,0.0,0.019273265776702075,-0.587785252292473,-0.8090169943749475,3.3170908695988777,-0.06966945394505553,1.1460533245353033,0.8787126481996561,1.7749833378716773,0.7514802543342367
2020-11-06,-0.0002877565853740549,22.300688693221637,-0.003234850937989364,0.00031344770569573905,-0.08181191466783758,0.7514802543342367,-0.003276222181700761,0.7645902657792856,-0.0002877565853740549,0.0,-0.9510565162951536,0.30901699437494723,3.213260110634116,-0.10383075896476157,1.002599324430006,0.8991824484551465,1.5770736588990952,1.8519342360768034
2020-11-09,0.011631974746343587,22.871593077820453,0.5709043845988155,-0.009123174351739004,0.4119927059086317,1.8519342360768034,1.1004539817425667,1.1037302039242674,0.0,0.011631974746343587,0.0,1.0,3.248434627109745,0.03517451647562897,1.1638881508027552,0.9691393506621243,1.4762677542680678,0.9055875845520022
2020-11-10,-0.0014007752208673452,22.52125088713429,-0.35034219068616324,0.0006404533344432255,-0.33102260395531735,0.9055875845520022,-0.9463466515248012,-2.046800633267368,-0.0014007752208673452,0.0,0.9510565162951535,0.30901699437494745,3.2108436224072485,-0.037591004702496544,1.1572763031911808,0.9738532665342993,1.3195170830750855,0.44952523469453454
2020-11-11,0.0076227283629926035,22.2570228487308,-0.2642280384034912,0.002645769566748219,-0.11275893145115551,0.44952523469453454,-0.45606234985746763,0.4902843016673336,0.0,0.0076227283629926035,0.5877852522924732,-0.8090169943749473,3.1548705274270192,-0.05597309498022929,0.9426567572347029,0.9695111652856141,1.1994405790855063,0.9006240357700032
2020-11-12,-0.010028651547070666,22.31447053012303,0.05744768139223311,-0.0072285015906410205,-1.378908625858433,0.9006240357700032,0.4510988010754686,0.9071611509329363,-0.010028651547070666,0.0,-0.587785252292473,-0.8090169943749475,3.2327787450853074,0.07790821765828815,0.971830269085516,0.9728932848903455,1.2276962913753973,0.5824962168702482
2020-11-13,0.013518546706293932,22.274985649745684,-0.039484880377347764,0.00912898247064176,0.4223127885325759,0.5824962168702482,-0.31812781889975494,-0.7692266199752236,0.0,0.013518546706293932,-0.9510565162951536,0.30901699437494723,3.1398326340415887,-0.09294611104371864,0.9380334615927183,0.9612065464458914,1.2329867419187757,0.30973567033518085
2020-11-16,0.011580734922832292,22.390125128830864,0.11513947908517963,0.007402757358286296,0.23965690620449992,0.30973567033518085,-0.27276054653506737,0.04536727236468757,0.0,0.011580734922832292,0.0,1.0,3.111290648172203,-0.028541985869385833,0.6295937484443938,0.942976235882867,1.1938643234999091,0.6750384809494078
2020-11-17,-0.004803443784647143,22.294416041050834,-0.09570908778002973,-0.00021607938414539734,-1.1050185062400968,0.6750384809494078,0.3653028106142269,0.6380633571492943,-0.004803443784647143,0.0,0.9510565162951535,0.30901699437494745,3.1228053158036246,0.011514667631421727,0.583483927723875,0.9187130215372835,1.117379182010669,0.6702960106041336
2020-11-18,-0.011631210647481183,22.388102505007424,0.09368646395659042,-0.012340209088121412,-1.4279961483371182,0.6702960106041336,-0.004742470345274197,-0.3700452809595011,-0.011631210647481183,0.0,0.5877852522924732,-0.8090169943749473,3.171364848597648,0.04855953279402314,0.6276380829057947,0.9105445674887055,1.2084726723644805,0.7217952415626178
2020-11-19,0.003938675690733362,22.196510531755326,-0.1915919732520983,0.006290267023195954,0.21136503860520708,0.7217952415626178,0.05149923095848419,0.056241701303758385,0.0,0.003938675690733362,-0.587785252292473,-0.8090169943749475,3.1402654506970014,-0.03109939790064642,0.5918723240643177,0.9140962639722231,1.0820230600488336,0.2992231715820558
2020-11-20,-0.006815737372919628,22.166972607660487,-0.02953792409483924,-0.006100755026442764,-0.8594945507765311,0.2992231715820558,-0.42257206998056196,-0.47407130093904615,-0.006815737372919628,0.0,-0.9510565162951536,0.30901699437494723,3.165475080332623,0.025209629635621678,0.5352177150066793,0.8859983306933865,1.0624750068476898,0.709046920364607
2020-11-23,0.005620108181849659,22.344148013462494,0.1771754058020072,0.003014952236486606,0.5419972956639819,0.709046920364607,0.40982374878255123,0.8323958187631132,0.0,0.005620108181849659,0.0,1.0,3.120601248866061,-0.04487383146656221,0.6150799650125645,0.8944056178016608,0.9670897700770025,0.6147794746290139
2020-11-24,0.016032458814033035,22.560681994863508,0.21653398140101388,0.011311403829633637,1.3367929040994746,0.6147794746290139,-0.09426744573559309,-0.5040911945181443,0.0,0.016032458814033035,0.9510565162951535,0.30901699437494745,3.0745434257734945,-0.04605782309256634,0.6030281637484857,0.8564936056415132,1.1186003607491604,0.331089089968718
2020-11-25,-0.0015856747555105244,22.314629387976105,-0.24605260688740316,-0.0016104551177249815,-0.3161486406031323,0.331089089968718,-0.28369038466029595,-0.18942293892470285,-0.0015856747555105244,0.0,0.5877852522924732,-0.8090169943749473,3.056356895370426,-0.018186530403068613,0.5351867796214025,0.854752328101308,1.0153822609690517,0.29123608417311414
2020-11-27,0.002394111025902035,21.745137460553803,-0.5694919274223018,-5.4955040717972496e-05,-0.047052297623326494,0.29123608417311414,-0.03985300579560386,0.2438373788646921,0.0,0.002394111025902035,-0.9510565162951536,0.30901699437494723,3.036874224207042,-0.01948267116338398,0.44907494814350174,0.8295131239760984,0.9135743845280504,0.7481890406201707
2020-11-30,-0.004606140636973066,22.565149500922942,0.8200120403691393,-0.0034593137539257117,-0.6549735979738027,0.7481890406201707,0.4569529564470565,0.4968059622426604,-0.004606140636973066,0.0,0.0,1.0,3.0238336888289017,-0.013040535378140206,0.5388681219511248,0.7877306366553982,0.8970871873356528,0.5623207351964217
2020-12-01,0.011208140661594257,22.413081170446656,-0.1520683304762862,0.004537256790330653,1.1999437013558156,0.5623207351964217,-0.185868305423749,-0.6428212618708056,0.0,0.011208140661594257,0.9510565162951535,0.30901699437494745,3.0335096599276774,0.009675971098775715,0.5095228849174877,0.7445673261951934,0.9341463674435259,0.43371656631125816
2020-12-02,0.0017895645286039041,22.340919904350216,-0.07216126609644036,0.004159617399139964,0.018729640003405105,0.43371656631125816,-0.12860416888516352,0.057264136538585475,0.0,0.0017895645286039041,0.5877852522924732,-0.8090169943749473,3.0525850887506447,0.01907542882296731,0.4733103032539366,0.7154352529617745,0.8448854890696589,0.49176968703839435
2020-12-03,-0.0006243520802939884,22.34568709993606,0.004767195585845485,-0.0004253738561073029,-0.4835216939496069,0.49176968703839435,0.0580531207271362,0.18665728961229971,-0.0006243520802939884,0.0,-0.587785252292473,-0.8090169943749475,3.057767696740619,0.005182607989974386,0.5054464226678718,0.6941553893631326,0.7844460310143809,0.2610519576111786
2020-12-04,0.008797463715186638,22.352431864292868,0.0067447643568065985,0.007647241105001154,0.7738097369335164,0.2610519576111786,-0.23071772942721575,-0.28877085015435194,0.0,0.008797463715186638,-0.9510565162951536,0.30901699437494723,3.03447214590683,-0.023295550833789314,0.49940959735548474,0.6340805795123827,0.8008234227243014,0.35219489007346033
2020-12-07,-0.0019375134389640891,22.292818815889735,-0.05961304840313275,-0.0007500029602077025,-0.8567523126635854,0.35219489007346033,0.09114293246228172,0.32186066188949747,-0.0019375134389640891,0.0,0.0,1.0,3.058707036896625,0.024234890989795144,0.4202107672461426,0.6149109801579792,0.7690512789664214,0.465943279357475
2020-12-08,0.0027832711701716306,22.24592289149204,-0.04689592439769541,0.00519951641795405,-0.09784536411001013,0.465943279357475,0.11374838928401465,0.022605456821732928,0.0,0.0027832711701716306,0.9510565162951535,0.30901699437494745,3.0291670643972775,-0.029539972499347478,0.4009352760783533,0.6013139813495618,0.7109422251787985,0.8228500597924978
2020-12-09,-0.007980964948473002,22.378212344802378,0.1322894533103387,-0.008987947937329193,-1.5576258541150727,0.8228500597924978,0.35690678043502283,0.24315839115100818,-0.007980964948473002,0.0,0.5877852522924732,-0.8090169943749473,3.1032405018244478,0.07407343742717032,0.4787619747746012,0.5523099729550711,0.8608257477898498,0.6249667663227577
2020-12-10,-0.0012859345277718148,22.261955051832768,-0.1162572929696104,0.002448461246337945,-0.40571851860561864,0.6249667663227577,-0.1978832934697401,-0.5547900739047629,-0.0012859345277718148,0.0,-0.587785252292473,-0.8090169943749475,3.1144038235984732,0.011163321774025459,0.5054013906314739,0.5389470768489166,0.8080561924259185,0.6172784771071204
2020-12-11,-0.0012657980842316618,22.19927977978593,-0.06267527204683887,0.002016488815910638,-0.33749859719701486,0.6172784771071204,-0.007688289215637356,0.19019500425410274,-0.0012657980842316618,0.0,-0.9510565162951536,0.30901699437494723,3.1488824301365708,0.034478606538097534,0.5766466945306623,0.5469353264876111,0.7639861810622526,0.8784369740960072
2020-12-14,-0.00436878824514686,22.25449352856022,0.055213748774292526,-0.0075873475381948,-0.8812764302851965,0.8784369740960072,0.2611584969888868,0.2688467862045242,-0.00436878824514686,0.0,0.0,1.0,3.2076126048125677,0.05873017467599695,0.6818951113351716,0.5458787997412304,0.786637932704058,0.493433947573164
2020-12-15,0.012838482022218045,22.201929694888538,-0.052563833671683824,0.007664781443773265,1.9589203528789116,0.493433947573164,-0.3850030265228432,-0.64616152351173,0.0,0.012838482022218045,0.9510565162951535,0.30901699437494745,3.1307001072999245,-0.07691249751264317,0.6873932449783093,0.5416377392985121,0.9369299007737657,0.42587907480202664
2020-12-16,0.0017712256203239463,22.126181299328415,-0.07574839556012236,0.0013301725878442112,0.14712624762831591,0.42587907480202664,-0.06755487277113736,0.3174481537517058,0.0,0.0017712256203239463,0.5877852522924732,-0.8090169943749473,3.1135153092103742,-0.017184798089550313,0.6079990479802152,0.5471683776064571,0.8502977418878125,0.22728993017866245
2020-12-17,0.0057411428089828576,22.156636990728913,0.030455691400497642,0.0023749134064220065,0.6756449697216487,0.22728993017866245,-0.1985891446233642,-0.13103427185222682,0.0,0.0057411428089828576,-0.587785252292473,-0.8090169943749475,3.087855576345701,-0.025659732864673046,0.5284636807513962,0.5258470180459455,0.805519859657356,0.7487178557932058
2020-12-18,-0.003517296952148641,22.682952086991648,0.526315096262735,-0.0034930956182999545,-0.6465725326778085,0.7487178557932058,0.5214279256145433,0.7200170702379075,-0.003517296952148641,0.0,-0.9510565162951536,0.30901699437494723,3.0713034462529065,-0.01655213009279466,0.5547515564886132,0.5295813916263775,0.8030446224620301,1.2672579603164718
2020-12-21,-0.003913928486909413,22.281111463141457,-0.40184062385019104,0.0028837543424784636,-0.6673951397979911,1.2672579603164718,0.5185401045232659,-0.002887821091277387,-0.003913928486909413,0.0,0.0,1.0,3.2252554257675383,0.1539519795146318,0.6325157537327062,0.5555558068051325,0.8088195274858835,0.38269830706443586
2020-12-22,-0.0020752446917704503,22.12279966846752,-0.15831179467393852,-0.002930149721520175,-0.28117217898162833,0.38269830706443586,-0.8845596532520359,-1.4030997577753017,-0.0020752446917704503,0.0,0.9510565162951535,0.30901699437494745,3.1875915159360004,-0.03766390983153789,0.6103686256309605,0.5595308132566744,0.7777521067849937,0.4157031331367755
2020-12-23,0.000745533271818033,22.05276759992528,-0.07003206854223976,-0.0009236662048339974,0.05247892077762792,0.4157031331367755,0.03300482607233962,0.9175644793243756,0.0,0.000745533271818033,0.5877852522924732,-0.8090169943749473,3.1488824301365708,-0.038709085799429666,0.6083334372979102,0.5455620614839205,0.7244225524057204,0.23217558404424518
2020-12-24,0.0035303499794867577,21.356546233989175,-0.6962213659361041,0.0024415097491651497,0.4825490782180681,0.23217558404424518,-0.1835275490925303,-0.21653237516486992,0.0,0.0035303499794867577,-0.587785252292473,-0.8090169943749475,3.0694473432687706,-0.07943508686780021,0.6093105680710268,0.5273428285989316,0.6854711524795717,0.25975828566681536
2020-12-28,0.00868470753841244,21.98610925541042,0.6295630214212444,0.0033063674953296173,1.1624207944144527,0.25975828566681536,0.027582701622570177,0.21111025071510048,0.0,0.00868470753841244,0.0,1.0,3.0773122957049135,0.007864952436142936,0.5115186540457487,0.5239461236321742,0.7518841676958504,0.4889176873542127
2020-12-29,-0.002229864827279826,21.945065789476313,-0.04104346593410568,-0.006144145836602973,-0.7868846777189233,0.4889176873542127,0.22915940168739735,0.20157670006482717,-0.002229864827279826,0.0,0.9510565162951535,0.30901699437494745,3.138966438334269,0.06165414262935531,0.3558505994532969,0.5333595333074646,0.7416012325217981,0.26393136995247984
2020-12-30,0.00134064809508061,21.872206788544712,-0.0728590009316008,-0.0011113484136749997,0.08070492019782376,0.26393136995247984,-0.22498631740173286,-0.4541457190891302,0.0,0.00134064809508061,0.5877852522924732,-0.8090169943749473,3.1254439001794543,-0.013522538154814523,0.3320972120309057,0.5102996442280507,0.6937565352310102,0.502900345451564
2020-12-31,0.006418204711703623,21.879845101683614,0.007638313138901509,0.006088685784766894,1.1068833734771868,0.502900345451564,0.2389689754990842,0.46395529290081705,0.0,0.006418204711703623,-0.587785252292473,-0.8090169943749475,3.1245651453969594,-0.0008787547824948838,0.3495366544938634,0.507470101859248,0.7003300887348892,1.7414951308865465
2021-01-04,-0.014864762712026192,22.33569925855971,0.45585415687609654,-0.017135845256039117,-2.1802474298549597,1.7414951308865465,1.2385947854349824,0.9996258099358981,-0.014864762712026192,0.0,0.0,1.0,3.294725111692035,0.17015996629507546,0.6514005638623237,0.5697452716009285,1.1576097497232753,0.6548129987159554
2021-01-05,0.00705763138336124,22.247368058771205,-0.0883311997885059,0.007768538330429335,0.9591900352884876,0.6548129987159554,-1.086682132170591,-2.3252769176055734,0.0,0.00705763138336124,0.9510565162951535,0.30901699437494745,3.2323841809146145,-0.06234093077742031,0.7304115064721517,0.5775092388236694,1.0568849937814637,1.3397017169208725
2021-01-06,0.005693603382475487,22.52565362512855,0.27828556635734714,0.009635008644139326,0.621568099981691,1.3397017169208725,0.684888718204917,1.771570850375508,0.0,0.005693603382475487,0.5877852522924732,-0.8090169943749473,3.221671899997255,-0.010712280917359429,0.9005683123854837,0.6288735130765121,0.9651482575228544,0.5937170586937853
2021-01-07,0.0147382601077517,22.352341657424947,-0.17331196770360435,0.010327125704440962,1.4739682207051479,0.5937170586937853,-0.7459846582270871,-1.4308733764320043,0.0,0.0147382601077517,-0.587785252292473,-0.8090169943749475,3.107720813018059,-0.11395108697919598,0.9665254501337449,0.6403745687250988,1.1056751350344254,0.7852637686453834
2021-01-08,0.005476837393516121,22.28624925561806,-0.06609240180688758,0.0025210021656017676,0.24037093330121195,0.7852637686453834,0.19154670995159806,0.9375313681786852,0.0,0.005476837393516121,-0.9510565162951536,0.30901699437494723,3.0708397212700347,-0.03688109174802445,1.0229981347725086,0.6555803063102373,1.0013556234344843,0.5330606356062344
2021-01-11,-0.006576327616620858,22.219631351453092,-0.06661790416496771,-0.0009285549070715385,-1.0760528676866385,0.5330606356062344,-0.252203133039149,-0.44374984299074705,-0.006576327616620858,0.0,0.0,1.0,3.181381617272267,0.11054189600223241,0.7813112357164462,0.6417808099204153,1.0117901149384383,0.6387329043439777
2021-01-12,0.0004157020305690651,22.331693239187018,0.11206188773392611,-0.00011316231193305787,-0.1615398607574341,0.6387329043439777,0.10567226873774327,0.35787540177689225,0.0,0.0004157020305690651,0.9510565162951535,0.30901699437494745,3.149740082763131,-0.03164153450913609,0.7780952168420507,0.6424363403023782,0.9195828293371147,0.5330027240794152
2021-01-13,0.0022730563867252584,22.24986764401863,-0.0818255951683895,0.0019994849991998532,0.009329143929982539,0.5330027240794152,-0.10573018026456249,-0.21140244900230576,0.0,0.0022730563867252584,0.5877852522924732,-0.8090169943749473,3.100542596684933,-0.04919748607819807,0.6167554182737592,0.6384232092058207,0.8406613464194136,0.4743097635862668
2021-01-14,-0.00376051306874281,22.37163211230363,0.12176446828500076,-0.005108713632319848,-0.6532738282129373,0.4743097635862668,-0.05869296049314837,0.04703721977141412,-0.00376051306874281,0.0,-0.587785252292473,-0.8090169943749475,3.1463051320333655,0.045762535348432554,0.5928739592522555,0.6191790563244046,0.8300022822885691,0.6518091800985966
2021-01-15,-0.0072160007982784435,22.404060225538544,0.032428113234914235,-0.005420162726470693,-0.8776965006936046,0.6518091800985966,0.17749941651232976,0.23619237700547813,-0.0072160007982784435,0.0,-0.9510565162951536,0.30901699437494723,3.1921210938283986,0.04581596179503311,0.5661830415428982,0.6267207340637109,0.9039965773355407,0.353468284014793
2021-01-19,0.008103457635762368,22.335587587319747,-0.06847263821879679,0.004492950841740272,0.7830642705093273,0.353468284014793,-0.29834089608380354,-0.4758403125961333,0.0,0.008103457635762368,0.9510565162951535,0.30901699437494745,3.1458749221350946,-0.04624617169330403,0.5302645712246099,0.6232726011690807,0.8892385846139856,0.5564086976500477
2021-01-20,0.013839417376511065,22.24194499632141,-0.0936425909983356,0.009293181481867353,1.3572713063582864,0.5564086976500477,0.20294041363525472,0.5012813097190583,0.0,0.013839417376511065,0.5877852522924732,-0.8090169943749473,3.071766956294588,-0.07410796584050638,0.5137997298858239,0.6389449234296228,1.03279887336095,0.29251415716284573
2021-01-21,0.00031667316131311907,22.227734268591917,-0.014210727729494721,-0.0011386747826066166,-0.31467431132129564,0.29251415716284573,-0.263894540487202,-0.46683495412245674,0.0,0.00031667316131311907,-0.587785252292473,-0.8090169943749475,3.0596455849835826,-0.012121371311005547,0.46570201650251,0.6172209377805581,0.9342453375343067,0.4006356986541018
2021-01-22,-0.0030151526629378367,22.354639394489602,0.12690512589768588,-0.000720823363168046,-0.599033318896941,0.4006356986541018,0.10812154149125608,0.3720160819784581,-0.0030151526629378367,0.0,-0.9510565162951536,0.30901699437494723,3.0869431466430717,0.027297561659489045,0.45096720351607694,0.575953211034731,0.8938498183268125,1.1449852845693493
2021-01-25,0.003609317513017629,22.66929597894514,0.31465658445553757,0.0009550167229723615,0.4281159331039786,1.1449852845693493,0.7443495859152476,0.6362280444239915,0.0,0.003609317513017629,0.0,1.0,3.1437211742970916,0.05677802765401996,0.5496024244102276,0.6122525909159173,0.8191500172713126,0.3649846139658532
2021-01-26,-0.0014899431611539171,22.53768333022998,-0.13161264871515854,-0.0034592463008088644,-0.4577960824134596,0.3649846139658532,-0.7800006706034961,-1.5243502565187437,-0.0014899431611539171,0.0,0.9510565162951535,0.30901699437494745,3.136363423179213,-0.007357751117878841,0.5519056904004396,0.6098374233363496,0.7806176278520519,1.3466836259999706
2021-01-27,-0.026013315126100167,23.023500169166155,0.48581683893617367,-0.022685367753283968,-2.3273837197694225,1.3466836259999706,0.9816990120341174,1.7616996826376135,-0.026013315126100167,0.0,0.5877852522924732,-0.8090169943749473,3.616577517754195,0.4802140945749822,0.7099606760704242,0.6629092348580509,1.7575122605168851,1.2923644686857911
2021-01-28,0.009713298778759594,22.668142595237367,-0.35535757392878864,0.008386457263277712,0.9256308030403109,1.2923644686857911,-0.05431915731417947,-1.0360181693482968,0.0,0.009713298778759594,-0.587785252292473,-0.8090169943749475,3.40817296509314,-0.20840455266105495,0.9099307383750131,0.7120809578589544,1.5574132621440544,1.1843426380484852
2021-01-29,-0.019500377654791734,22.61688520195591,-0.05125739328145684,-0.017033937862637905,-1.3713535474877203,1.1843426380484852,-0.10802183063730597,-0.053702673323126504,-0.019500377654791734,0.0,-0.9510565162951536,0.30901699437494723,3.49923112654482,0.09105816145167989,1.0666721262538899,0.7451964317015388,1.8119268565018276,0.8496921081332974
2021-02-01,0.015924300234678057,22.41635164304664,-0.20053355890927094,0.01137654234912281,1.1524913398979584,0.8496921081332974,-0.33465052991518773,-0.22662869927788176,0.0,0.015924300234678057,0.0,1.0,3.4091655437424886,-0.09006558280233135,1.0076134909666796,0.7730898001863397,1.7148620126388447,0.7647544992882603
2021-02-02,0.013802528814311543,22.430572471685394,0.014220828638755734,0.009049495029233344,0.9235785255261513,0.7647544992882603,-0.0849376088450371,0.24971292107015064,0.0,0.013802528814311543,0.9510565162951535,0.30901699437494745,3.241028608615061,-0.16813693512742756,1.0875674680311609,0.7855590456071349,1.5884690942111819,0.5448311057157411
2021-02-03,0.0010082606153449802,22.30530583095295,-0.12526664073244476,-0.0026335134805171544,0.11730672341511804,0.5448311057157411,-0.21992339357251922,-0.13498578472748213,0.0,0.0010082606153449802,0.5877852522924732,-0.8090169943749473,3.1315734898050858,-0.10945511880997527,0.927196963974315,0.7285750444085249,1.3972728937313081,0.33216659588429875
2021-02-04,0.010794847643921912,22.308255307183124,0.002949476230174497,0.009101842340536464,0.7426752450244166,0.33216659588429875,-0.21266450983144236,0.00725888374107686,0.0,0.010794847643921912,-0.587785252292473,-0.8090169943749475,3.080532896273726,-0.05104059353135959,0.7351573894140166,0.7132109299879699,1.322438869683169,0.33018990680790705
2021-02-05,0.0038899196077633036,22.308302444560912,4.7137377787720425e-05,0.0021970096028049993,0.1959255800857917,0.33018990680790705,-0.001976689076391702,0.21068782075505066,0.0,0.0038899196077633036,-0.9510565162951536,0.30901699437494723,3.0383127613015377,-0.04222013497218846,0.564326843165901,0.6651389390302096,1.2032118772799683,0.20538168952821007
2021-02-08,0.007372107476289358,22.25978030637966,-0.048522138181251506,0.005891274536228719,0.41625297503385356,0.20538168952821007,-0.12480821727969699,-0.12283152820330528,0.0,0.007372107476289358,0.0,1.0,3.0558861855977573,0.017573424296219553,0.4354647594448835,0.6466467785937537,1.1210815930062348,0.28383323355383533
2021-02-09,-0.001114145421722057,22.24241135960486,-0.01736894677480194,0.0001892141982465157,-0.19329601530902638,0.28383323355383533,0.07845154402562526,0.20325976130532225,-0.001114145421722057,0.0,0.9510565162951535,0.30901699437494745,3.074081201165457,0.018195015567699535,0.3392805062979985,0.6227691340655847,1.0408376717888015,0.8244505358646166
2021-02-10,-0.00034524452239104164,22.299575002669307,0.05716364306444888,-0.0027839680555224507,-0.44159781238122214,0.8244505358646166,0.5406173023107812,0.46216575828515594,-0.00034524452239104164,0.0,0.5877852522924732,-0.8090169943749473,3.090587794158219,0.016506592992762137,0.3952043923277736,0.6366448436016982,0.9698720414435221,0.6441150978792782
2021-02-11,0.001661074814588659,22.2473549896946,-0.052220012974707686,-5.111730904996926e-06,-0.16851448126753116,0.6441150978792782,-0.18033543798533835,-0.7209527402961196,0.0,0.001661074814588659,-0.587785252292473,-0.8090169943749475,3.056356895370426,-0.03423089878779306,0.4575940927267695,0.6369011385319505,0.9036833889561579,0.4321349295677718
2021-02-12,0.0046999709261612566,22.14276767583674,-0.10458731385785924,0.005908443855930878,-0.17810218456586283,0.4321349295677718,-0.21198016831150646,-0.0316447303261681,0.0,0.0046999709261612566,-0.9510565162951536,0.30901699437494723,2.994231113043872,-0.06212578232655375,0.47798309727874244,0.6320979102218723,0.8524063152043327,0.4643250060199279
2021-02-16,-0.0005694345154143576,22.344432695776693,0.20166501993995212,-0.0017834966636744096,-0.9190331777660653,0.4643250060199279,0.0321900764521561,0.24417024476366256,-0.0005694345154143576,0.0,0.9510565162951535,0.30901699437494745,3.0661906945405133,0.07195958149664117,0.529771760577086,0.6316224455758561,0.8086354296980977,0.5634679673308383
2021-02-17,-0.0003204533489178374,22.277328450939095,-0.0671042448375978,0.003268883382713399,-0.7668295931192839,0.5634679673308383,0.09914296131091038,0.06695288485875428,-0.0003204533489178374,0.0,0.5877852522924732,-0.8090169943749473,3.068052935133617,0.0018622405931036923,0.5856987073324865,0.6274157211583439,0.76837951161662,0.6686679369248426
2021-02-18,-0.004425614227242747,22.29055796257543,0.0132295116363359,-0.00048280402936115514,-1.4519771295108428,0.6686679369248426,0.10519996959400435,0.0060570082830939675,-0.004425614227242747,0.0,-0.587785252292473,-0.8090169943749475,3.1130707557941752,0.04501782066055826,0.5545421875445318,0.6424252284397748,0.7772861069150149,0.43699949432106794
2021-02-19,-0.0018566190956654793,22.301279127786106,0.010721165210675565,-0.0036919284094810265,-0.7844734447960476,0.43699949432106794,-0.23166844260377467,-0.336868412197779,-0.0018566190956654793,0.0,-0.9510565162951536,0.30901699437494723,3.0933125672924255,-0.019758188501749707,0.5131190668328898,0.6367390759002995,0.7533178802602356,0.4920456498526605
2021-02-22,-0.007762892893710571,22.50111230112347,0.19983317333736395,-0.0023318718307901976,-1.7584953734567268,0.4920456498526605,0.05504615553159259,0.28671459813536726,-0.007762892893710571,0.0,0.0,1.0,3.1548705274270192,0.06155796013459369,0.5251012108898674,0.6462405755521955,0.8160239041530815,1.6133259999923406
2021-02-23,0.0012555296115266401,22.56327723043942,0.06216492931595141,0.006280368683538086,0.6281598582901747,1.6133259999923406,1.12128035013968,1.0662341946080873,0.0,0.0012555296115266401,0.9510565162951535,0.30901699437494745,3.1402654506970014,-0.014605076730017874,0.75490140968435,0.7039877327587784,0.7730498113310842,0.9447885735730497
2021-02-24,0.011287667670986323,22.517154704229668,-0.046122526209753545,0.01326318788846734,2.1318749161349593,0.9447885735730497,-0.6685374264192909,-1.789817776558971,0.0,0.011287667670986323,0.5877852522924732,-0.8090169943749473,3.06058325302393,-0.07968219767307128,0.8311655309327921,0.6944545560446688,0.8195131272683757,1.4790962175488374
2021-02-25,-0.024783394424172656,22.602344552586885,0.0851898483572171,-0.022327175775332806,-2.3952871294814466,1.4790962175488374,0.5343076439757877,1.2028450703950786,-0.024783394424172656,0.0,-0.587785252292473,-0.8090169943749475,3.3634954933514023,0.3029122403274722,0.9932511870575912,0.7475074895486203,1.2419775121585004,1.2386746166199525
2021-02-26,-0.004761532293798609,22.599070761538712,-0.003273791048172825,-0.00745284288129498,-0.2164850498634811,1.2386746166199525,-0.24042160092888487,-0.7747292449046725,-0.004761532293798609,0.0,-0.9510565162951536,0.30901699437494723,3.3304172268976893,-0.033078266453713034,1.1535862115173683,0.7423642033876671,1.1711718630237118,0.9035360571177863
2021-03-01,0.023512173225693545,22.355408045310472,-0.24366271622823987,0.015317327026065627,1.9559837565058984,0.9035360571177863,-0.3351385595021662,-0.09471695857328133,0.0,0.023512173225693545,0.0,1.0,3.1505970004519392,-0.17982022644575002,1.2358842929703933,0.7238485647415717,1.349369640442652,0.43515784790569
2021-03-02,-0.008113678739508856,22.434539861799166,0.07913181648869383,-0.008579973938210961,-0.514764147489508,0.43515784790569,-0.4683782092120963,-0.13323964970993007,-0.008113678739508856,0.0,0.9510565162951535,0.30901699437494745,3.1822118563252286,0.03161485587328938,1.0002506625530632,0.6881730985442958,1.2965895986463483,0.7294315120912612
2021-03-03,-0.013152335894801581,22.54355769202506,0.10901783022589484,-0.011523211995059969,-0.780769781804048,0.7294315120912612,0.2942736641855712,0.7626518733976675,-0.013152335894801581,0.0,0.5877852522924732,-0.8090169943749473,3.2835393410545883,0.10132748472935971,0.9571792502567055,0.6824464034946749,1.3225008246555658,2.0941686420965624
2021-03-04,-0.013508038064390604,22.696707770042035,0.15315007801697433,-0.013196463707469394,-0.7156454665200563,2.0941686420965624,1.364737130005301,1.0704634658197298,-0.013508038064390604,0.0,-0.587785252292473,-0.8090169943749475,3.3523572055609954,0.06881786450640703,1.0801937351662505,0.7457518388664989,1.3467914461386852,2.125342091764095
2021-03-05,0.019308356338710198,22.647670681547435,-0.04903708849460031,0.01266724723512571,1.3589571829909697,2.125342091764095,0.031173449667532438,-1.3335636803377686,0.0,0.019308356338710198,-0.9510565162951536,0.30901699437494723,3.2051824915485305,-0.14717471401246485,1.257527230195079,0.8210142667735634,1.4041598827187283,1.0719673364251363
2021-03-08,-0.00537364322402567,22.49341174028838,-0.15425894125905515,-0.006011125951870676,-0.2566941727717597,1.0719673364251363,-1.0533747553389585,-1.084548205006491,-0.00537364322402567,0.0,0.0,1.0,3.237501262032374,0.03231877048384346,1.291213486056549,0.8562428734659842,1.3171443257472915,0.8661445431969514
2021-03-09,0.014055400743931301,22.43047634966478,-0.06293539062360054,0.006084885981037401,0.8816487593081942,0.8661445431969514,-0.20582279322818486,0.8475519621107737,0.0,0.014055400743931301,0.9510565162951535,0.30901699437494745,3.1793030783228886,-0.058198183709485374,1.3774108251148012,0.8817645228178435,1.2927784110243676,0.5626534326287875
2021-03-10,0.006012203770987767,22.48925953479263,0.05878318512785086,0.0017508009597892382,0.4240583532522564,0.5626534326287875,-0.3034911105681639,-0.09766831733997905,0.0,0.006012203770987767,0.5877852522924732,-0.8090169943749473,3.1161784029570914,-0.06312467536579724,1.3440552092223066,0.8987774629654901,1.2109303976481922,0.7094147982361816
2021-03-11,0.010341825500656654,22.393399898238826,-0.09585963655380425,0.006059957956759053,0.5531398643776149,0.7094147982361816,0.14676136560739406,0.45025247617555797,0.0,0.010341825500656654,-0.587785252292473,-0.8090169943749475,3.0869431466430717,-0.029235256314019686,1.0671044404502303,0.9190432517598875,1.171504280779557,0.4457329375384554
2021-03-12,0.001014883327531635,22.222058181516395,-0.1713417167224307,0.00478404648713614,-0.17954411354255317,0.4457329375384554,-0.2636818606977262,-0.41044322630512026,0.0,0.001014883327531635,-0.9510565162951536,0.30901699437494723,3.029650517569806,-0.05729262907326582,0.7311826096051025,0.9010090804110227,1.1133826757836744,0.7270773796203067
2021-03-15,0.006470939539413578,22.312521450222093,0.09046326870569743,0.006567341388459192,0.4166264201793756,0.7270773796203067,0.28134444208185133,0.5450263027795775,0.0,0.006470939539413578,0.0,1.0,2.9972311839585806,-0.03241933361122529,0.6622046182441365,0.9049596652558334,1.0634540710876241,0.46147634345557037
2021-03-16,-0.0015709169785971255,22.25216158388201,-0.06035986634008239,-0.0027418655298883684,-0.3575945107771892,0.46147634345557037,-0.26560103616473635,-0.5469454782465877,-0.0015709169785971255,0.0,0.9510565162951535,0.30901699437494745,2.9851768058765926,-0.012054378081987949,0.5812709782958603,0.9063568754409668,1.0180353326091989,0.7683538620396728
2021-03-17,0.0028752446501592033,22.240952429534946,-0.011209154347064043,0.0061966399013499394,-0.11382019016137097,0.7683538620396728,0.30687751858410245,0.5724785547488388,0.0,0.0028752446501592033,0.5877852522924732,-0.8090169943749473,2.956471535796025,-0.02870527008056767,0.6224110641780374,0.9208344400133355,0.9567965511055603,0.8665420183753346
2021-03-18,-0.014870560065947558,22.356144847641232,0.115192418106286,-0.009668453157613412,-1.9008883920084085,0.8665420183753346,0.0981881563356618,-0.20868936224844065,-0.014870560065947558,0.0,-0.587785252292473,-0.8090169943749475,3.071766956294588,0.11529542049856323,0.6538365082058679,0.9352665376821211,1.0803045130906772,0.784651868091063
2021-03-19,-0.0006028856737536614,22.771915641761833,0.4157707941206006,-1.0169614508333537e-05,-0.2959130621405381,0.784651868091063,-0.0818901502842716,-0.1800783066199334,-0.0006028856737536614,0.0,-0.9510565162951536,0.30901699437494723,3.042138682785304,-0.02962827350928432,0.7216202943163894,0.9407895820233696,1.0268752837016188,0.6335445576903029
2021-03-22,0.007000556898342225,22.18565512372342,-0.5862605180384115,0.006137194370922231,0.4933971843889562,0.6335445576903029,-0.1511073104007601,-0.06921716011648849,0.0,0.007000556898342225,0.0,1.0,2.938103116266432,-0.10403556651887191,0.7029137299303888,0.950148870755238,0.9936914027052981,0.7416483567698539
2021-03-23,-0.007660118119334314,22.264212894933344,0.07855777120992258,-0.00690106297912657,-1.1286952692755856,0.7416483567698539,0.10810379907955092,0.259211109480311,-0.007660118119334314,0.0,0.9510565162951535,0.30901699437494745,3.0106208484645167,0.07251773219808477,0.7589481325932456,0.9620347139417711,0.9943391761863583,0.8223324552533275
2021-03-24,-0.005482336600348248,22.28833798332096,0.024125088387616955,-0.007885753185009704,-0.6891000568931219,0.8223324552533275,0.08068409848347369,-0.027419700596077234,-0.005482336600348248,0.0,0.5877852522924732,-0.8090169943749473,3.054001217665676,0.0433803692011594,0.7697438512359764,0.9243683546684848,0.9790211086740762,1.1007867053840075
2021-03-25,0.0052265834327283045,22.322318003950173,0.03398002062921179,0.007749550579562325,0.8616593482849159,1.1007867053840075,0.2784542501306799,0.19777015164720624,0.0,0.0052265834327283045,-0.587785252292473,-0.8090169943749475,2.986186833751468,-0.06781438391420824,0.8165927886377109,0.9317968371356732,0.9408938557843886,0.6152904091200292
2021-03-26,0.01649441865871637,22.424947414230175,0.10262941028000228,0.014552308145821891,1.7745804284613662,0.6152904091200292,-0.4854962962639783,-0.7639505463946582,0.0,0.01649441865871637,-0.9510565162951536,0.30901699437494723,2.9370433095675357,-0.0491435241839322,0.7827204968435042,0.8906632272104918,1.0225324129632765,0.6878944873538451
2021-03-29,-0.0008683896263868007,22.25542953942815,-0.1695178748020254,0.00044834751243139846,-0.10691711403920995,0.6878944873538451,0.07260407823381587,0.5581003744977941,-0.0008683896263868007,0.0,0.0,1.0,3.032064191765613,0.09502088219807714,0.7935904827762126,0.8644356020073438,0.9761916540049669,0.4161529383155095
2021-03-30,-0.0031628294096499587,22.139485438258347,-0.11594410116980214,-0.0012093173633053024,-0.3524227777832913,0.4161529383155095,-0.2717415490383356,-0.34434562727215146,-0.0031628294096499587,0.0,0.9510565162951535,0.30901699437494745,2.9760396713327606,-0.05602452043285222,0.7284913990853437,0.8412268820643783,0.9513111075234494,0.47918417293144455
2021-03-31,0.0036159535924209507,22.24453898043549,0.10505354217714213,0.001420603063150507,0.4188062699590296,0.47918417293144455,0.06303123461593507,0.33477278365427066,0.0,0.0036159535924209507,0.5877852522924732,-0.8090169943749473,2.9652730464058945,-0.010766624926866086,0.6598617426209671,0.8433233737322714,0.9100553201618946,0.25484646847306597
2021-04-01,0.011755830427674141,22.149292799653495,-0.0952461807819951,0.0067618554696885075,1.1886890036964293,0.25484646847306597,-0.22433770445837858,-0.28736893907431366,0.0,0.011755830427674141,-0.587785252292473,-0.8090169943749475,2.8524390993250943,-0.11283394708080019,0.49067369523877885,0.8207240859409287,0.9284983888234078,0.5333140256318734
2021-04-05,0.0143349877622434,22.11081690832507,-0.03847589132842444,0.010717088772752952,1.2159807453791651,0.5333140256318734,0.2784675571588074,0.502805261617186,0.0,0.0143349877622434,0.0,1.0,2.885359207552917,0.03292010822782254,0.47427841854114766,0.7463976756330863,0.9821283579590784,0.3127503362576537
2021-04-06,-0.0009740049407973572,22.129674051681448,0.018857143356378003,-0.000400055211396206,-0.5078472140084065,0.3127503362576537,-0.22056368937421966,-0.49903124653302705,-0.0009740049407973572,0.0,0.9510565162951535,0.30901699437494745,2.8970163469301413,0.011657139377224457,0.39924958832190943,0.660083782513732,0.9355870352895591,0.24220388718198108
2021-04-07,0.001474145698107776,22.139315583168635,0.009641531487186938,0.0013882134999963845,-0.36399560446918805,0.24220388718198108,-0.07054644907567262,0.15001724029854704,0.0,0.001474145698107776,0.5877852522924732,-0.8090169943749473,2.842581085167748,-0.05443526176239333,0.36445977809520375,0.620571237311677,0.8936254315990511,0.2473385466223576
2021-04-08,0.00421175094059123,22.086061248033484,-0.053254335135150654,0.0017637393092378947,-0.1469116426821936,0.2473385466223576,0.005134659440376527,0.07568110851604914,0.0,0.00421175094059123,-0.587785252292473,-0.8090169943749475,2.8302678788376356,-0.012313206330112347,0.31809065283338633,0.5911042850938392,0.8545688704644042,0.31155701221239507
2021-04-09,0.0076902881356879504,22.015356655987514,-0.07070459204597057,0.007949051079822566,0.3261982360459771,0.31155701221239507,0.06421846559003747,0.05908380614966094,0.0,0.0076902881356879504,-0.9510565162951536,0.30901699437494723,2.814809769672402,-0.015458109165233491,0.3294327615812522,0.5791473126930586,0.8400514711940864,0.2862725206070607
2021-04-12,-0.00019609807474019192,22.00111158608788,-0.014245069899633478,0.0007949576581280677,-0.6854693895232689,0.2862725206070607,-0.025284491605334358,-0.08950295719537182,-0.00019609807474019192,0.0,0.0,1.0,2.827905153886959,0.013095384214556915,0.28002446057628966,0.5589976804250053,0.8105844983867408,0.36406940159555323
2021-04-13,0.0032890718770630656,22.04093868645602,0.03982710036813941,0.002778090949916783,-0.16375333453295302,0.36406940159555323,0.07779688098849252,0.10308137259382688,0.0,0.0032890718770630656,0.9510565162951535,0.30901699437494745,2.812410193515358,-0.015494960371601252,0.29028827364386955,0.5551089406182004,0.7789105335816622,0.4613660885307301
2021-04-14,-0.004096104320730376,22.105890974942838,0.06495228848681833,-0.0040937463768289635,-1.4323835147115975,0.4613660885307301,0.09729668693517685,0.019499805946684323,-0.004096104320730376,0.0,0.5877852522924732,-0.8090169943749473,2.8326249222122786,0.02021472869692076,0.33412071391361936,0.5424560219948872,0.7829468774867804,0.34485473352513246
2021-04-15,0.011033101401119794,22.117880488501378,0.0119895135585395,0.0073789729034408865,1.009158821285268,0.34485473352513246,-0.11651135500559762,-0.21380804194077446,0.0,0.011033101401119794,-0.587785252292473,-0.8090169943749475,2.8075938130211036,-0.025031109191175016,0.3536239512941743,0.5369026119981998,0.8251973788296776,0.30417715269928186
2021-04-16,0.003602323390516915,22.14969875933925,0.0318182708378707,0.002710673006530247,-0.0772528946310255,0.30417715269928186,-0.0406775808258506,0.07583377417974702,0.0,0.003602323390516915,-0.9510565162951536,0.30901699437494723,2.7880929087757464,-0.01950090424535711,0.3521479793915517,0.5147989591724669,0.7934498617922456,0.45222669037386
2021-04-19,-0.0053206898937574465,22.060971138936395,-0.08872762040285309,-0.003964986847354014,-1.4694757262388305,0.45222669037386,0.14804953767457812,0.18872711850042873,-0.0053206898937574465,0.0,0.0,1.0,2.850128352646461,0.06203544387071469,0.3853388133449115,0.49506965783906326,0.8174307152897052,0.594921599354969
2021-04-20,-0.006825561005078029,22.19175059802757,0.13077945909117616,-0.005845177800337178,-1.453758649555774,0.594921599354969,0.14269490898110904,-0.005354628693469088,-0.006825561005078029,0.0,0.9510565162951535,0.30901699437494745,2.9274534491377295,0.0773250964912684,0.43150925289679465,0.4860348831373445,0.8574577852658224,0.4831924010473644
2021-04-21,0.009263020919853204,22.08096780395945,-0.11078279406812186,0.010841076575705107,1.124390199825184,0.4831924010473644,-0.11172919830760464,-0.2544241072887137,0.0,0.009263020919853204,0.5877852522924732,-0.8090169943749473,2.8622008809294686,-0.06525256820826097,0.4358745154001215,0.4788752566305379,0.8580135749173704,0.7898523411843272
2021-04-22,-0.009253337860554822,22.1690406363779,0.08807283241845099,-0.008543845129777473,-1.4237847305224025,0.7898523411843272,0.30665994013696285,0.4183891384445675,-0.009253337860554822,0.0,-0.587785252292473,-0.8090169943749475,2.9290580913534825,0.06685721042401394,0.5248740369319604,0.4811706844597985,0.921526362488145,0.7079556723656127
2021-04-23,0.0108694098955322,21.99579781900776,-0.17324281737014147,0.00995089036818437,1.2777517220516517,0.7079556723656127,-0.08189666881871449,-0.38855660895567734,0.0,0.0108694098955322,-0.9510565162951536,0.30901699437494723,2.8524390993250943,-0.07661899202838818,0.6056297408652267,0.4757241709889549,0.934062450377733,0.19598996018172576
2021-04-26,0.0017806845645829128,22.044573576813534,0.04877575780577459,0.0006187604030045619,0.04605714326205691,0.19598996018172576,-0.511965712183887,-0.4300690433651725,0.0,0.0017806845645829128,0.0,1.0,2.870169015978216,0.017729916653121514,0.5543823948267999,0.43263861169360823,0.8844803698736541,0.28855356091805245
2021-04-27,-0.0002149189814453223,22.03448637528284,-0.010087201530694756,-0.00036532313166979635,-0.17296096790237972,0.28855356091805245,0.09256360073632669,0.6045293129202136,-0.0002149189814453223,0.0,0.9510565162951535,0.30901699437494745,2.865623557793666,-0.0045454581845496556,0.49310878713941647,0.4170797141601808,0.8511359771340955,0.3318966843895794
2021-04-28,-0.0008458975873963936,22.05493504366639,0.020448668383551194,-0.00046842398477757647,-0.30769559758193,0.3318966843895794,0.04334312347152697,-0.04922047726479972,-0.0008458975873963936,0.0,0.5877852522924732,-0.8090169943749473,2.8495498031123385,-0.016073754681327657,0.4628496438078596,0.4001274378285491,0.8213806683617065,0.702578881851478
2021-04-29,0.0067400415367036,22.181573836007367,0.12663879234097664,0.0012664113958124716,0.8460676134874581,0.702578881851478,0.37068219746189857,0.3273390739903716,0.0,0.0067400415367036,-0.587785252292473,-0.8090169943749475,2.8684669571674872,0.01891715405514871,0.44539495194128964,0.41376676847311905,0.8163887870921814,0.30188289028876447
2021-04-30,-0.007220713417121161,22.182085490103038,0.0005116540956713322,-0.004040972251798165,-0.989338167744016,0.30188289028876447,-0.4006959915627135,-0.7713781890246121,-0.007220713417121161,0.0,-0.9510565162951536,0.30901699437494723,2.9236991034511264,0.05523214628363915,0.36418039552592,0.405323850252039,0.8564547909687684,0.35959013193823663
2021-05-03,0.002744321649512216,22.12696288923979,-0.055122600863249716,0.00016224328573477876,0.29176855155600095,0.35959013193823663,0.05770724164947216,0.4584032332121857,0.0,0.002744321649512216,0.0,1.0,2.907447329518881,-0.016251773932245417,0.3969004298772222,0.41031164375038043,0.81392737132914,0.8316785916017588
2021-05-04,-0.0067007374898473415,22.216722589595317,0.08975970035552905,-0.003446887283389275,-1.0627303948372981,0.8316785916017588,0.4720884596635222,0.41438121801405003,-0.0067007374898473415,0.0,0.9510565162951535,0.30901699437494745,2.969388274715227,0.061940945196345965,0.5055254360139635,0.42451948022513697,0.8461090188105923,0.4311509140762732
2021-05-05,0.00070321644711413,22.165685300682377,-0.05103728891294068,-0.00226977021692801,0.1336636863787804,0.4311509140762732,-0.4005276775254856,-0.8726161371890078,0.0,0.00070321644711413,0.5877852522924732,-0.8090169943749473,2.952302695706565,-0.017085579008662144,0.5253762819513021,0.43015760297840455,0.8074842915825098,0.8042529794537944
2021-05-06,0.008132299498631923,22.22978469559435,0.06409939491197392,0.007760380775043091,1.1076379820228437,0.8042529794537944,0.37310206537752116,0.7736297429030068,0.0,0.008132299498631923,-0.587785252292473,-0.8090169943749475,2.911807005426911,-0.04049569027965383,0.5457111014717655,0.4569218454675385,0.8103319403729443,0.5144151406272587
2021-05-07,0.007346291419187523,22.113572139705155,-0.1162125558891951,0.005273117099255175,1.1370956101778047,0.5144151406272587,-0.2898378388265357,-0.6629399042040569,0.0,0.007346291419187523,-0.9510565162951536,0.30901699437494723,2.814809769672402,-0.0969972357545088,0.5882175515394643,0.46963977851539096,0.8019049942563603,0.5565837092756121
2021-05-10,-0.0104904805031385,22.240741957682634,0.12716981797747806,-0.009471661230716048,-1.6144499280095381,0.5565837092756121,0.04216856864835339,0.3320064074748891,-0.0104904805031385,0.0,0.0,1.0,2.978586106957683,0.16377633728528096,0.6276162670069394,0.48130771647078224,0.90605978162465,0.8629876595658965
2021-05-11,-0.008711750141781494,22.306505554174223,0.06576359649158903,0.0004240329216586213,-1.11415338953659,0.8629876595658965,0.30640395029028444,0.26423538164193106,-0.008711750141781494,0.0,0.9510565162951535,0.30901699437494745,3.083743157863329,0.10515705090564609,0.6338780805997669,0.5087703421354887,0.9541006470451909,0.8703298283568934
2021-05-12,-0.021682782358302788,22.277839877746363,-0.028665676427859665,-0.016479051220919843,-1.9407103626326891,0.8703298283568934,0.007342168790996917,-0.2990617814992875,-0.021682782358302788,0.0,0.5877852522924732,-0.8090169943749473,3.3174533937597452,0.23371023589641604,0.7217138634558911,0.5328779815050764,1.3148592757783697,0.7916580966648024
2021-05-13,0.012099644578093205,22.28761014471856,0.00977026697219685,0.009162825785883713,1.3937613318460411,0.7916580966648024,-0.07867173169209107,-0.08601390048308799,0.0,0.012099644578093205,-0.587785252292473,-0.8090169943749475,3.141130439960018,-0.17632295379972707,0.7191948868980926,0.5486061723686035,1.2762456840540393,0.6251083508550845
2021-05-14,0.014807778563623586,22.111777737756704,-0.17583240696185598,0.010663168850316504,1.3005601896289634,0.6251083508550845,-0.16654974580971782,-0.08787801411762675,0.0,0.014807778563623586,-0.9510565162951536,0.30901699437494723,2.934388614920721,-0.2067418250392974,0.7413335289436578,0.5619515827176489,1.2706502737544483,0.487232719887527
2021-05-17,-0.0025332581839609958,22.140343978114135,0.028566240357431383,-0.001591195767880622,-0.15925641275046176,0.487232719887527,-0.13787563096755756,0.02867411484216026,-0.0025332581839609958,0.0,0.0,1.0,2.981633314354737,0.0472446994340161,0.7274633310660408,0.5706685144885176,1.1554369018445156,0.46387684633168075
2021-05-18,-0.00855377238403321,22.204449835136742,0.06410585702260718,-0.009190062278625129,-0.6599984172619209,0.46387684633168075,-0.02335587355584623,0.11451975741171133,-0.00855377238403321,0.0,0.9510565162951535,0.30901699437494745,3.06058325302393,0.0789499386691932,0.6476411684191976,0.5712232838198424,1.1410319152654809,0.9239962842983565
2021-05-19,-0.0029477518113782963,22.16958464004614,-0.03486519509060315,0.0041952111692122014,-0.1458629317727793,0.9239962842983565,0.4601194379666757,0.48347531152252193,-0.0029477518113782963,0.0,0.5877852522924732,-0.8090169943749473,3.099190995681273,0.038607742657343014,0.6583744596074902,0.5868935069123847,1.0610532981871819,0.663377494892571
2021-05-20,0.010499429334508648,22.10426620985652,-0.06531843018962036,0.008972285067227692,0.971783634494525,0.663377494892571,-0.2606187894057854,-0.7207382273724612,0.0,0.010499429334508648,-0.587785252292473,-0.8090169943749475,3.028683377384724,-0.07050761829654917,0.6327183392530439,0.5954737494764422,1.039521013270755,0.597793717442043
2021-05-21,-0.0007841880752526009,22.10837199267979,0.004105782823270232,-0.003063260577272016,0.09102396806266559,0.597793717442043,-0.06558377745052801,0.1950350119552574,-0.0007841880752526009,0.0,-0.9510565162951536,0.30901699437494723,3.003204269461192,-0.02547910792353214,0.6272554125704357,0.5863281007268096,0.9713472307107255,0.5307256037793867
2021-05-24,0.009862497481215371,22.02748208730208,-0.08088990537770968,0.006427409168443567,0.8336490023831061,0.5307256037793867,-0.0670681136626563,-0.00148433621212829,0.0,0.009862497481215371,0.0,1.0,2.9123506438828892,-0.09085362557830257,0.6359539893488075,0.577888573651275,0.9675473124942406,0.44870858815159903
2021-05-25,-0.002127545400828268,22.15411521641477,0.1266331291126903,-0.004243492296947534,-0.2670658718952184,0.44870858815159903,-0.08201701562778768,-0.014948901965131378,-0.002127545400828268,0.0,0.9510565162951535,0.30901699437494745,2.935982277247362,0.023631633364472826,0.6329203377127912,0.5899227940307927,0.9222347155175252,0.3050647475119345
2021-05-26,0.0018750575506114586,22.209606870458586,0.055491654043816396,0.0010492635510437822,-0.1695041262698418,0.3050647475119345,-0.1436438406396645,-0.06162682501187683,0.0,0.0018750575506114586,0.5877852522924732,-0.8090169943749473,2.854168744390704,-0.08181353285665827,0.5091340303555069,0.5907090410114538,0.8693794696048482,0.261823940235766
2021-05-27,0.001164636089862725,22.580549279250988,0.37094240879240203,-0.00025231020575217225,-0.13169976234779893,0.261823940235766,-0.043240807276168525,0.10040303336349599,0.0,0.001164636089862725,-0.587785252292473,-0.8090169943749475,2.817801051388579,-0.036367693002124835,0.42882331942414587,0.587372243670796,0.8215372669462948,0.22803685428233975
2021-05-28,0.0007685864528870212,22.2599717534295,-0.3205775258214878,-0.0015829477624065972,0.007989558722331997,0.22803685428233975,-0.03378708595342625,0.009453721322742276,0.0,0.0007685864528870212,-0.9510565162951536,0.30901699437494723,2.818995108710371,0.001194057321792119,0.3548719467922052,0.5647750042627419,0.778689990932248,0.5741955955504321
2021-06-01,-0.0004924547586302452,22.347527335326586,0.08755558189708523,-0.0034400169737574746,-0.24926456048069104,0.5741955955504321,0.3461587412680923,0.3799458272215186,-0.0004924547586302452,0.0,0.9510565162951535,0.30901699437494745,2.8848006915355513,0.06580558282518023,0.36356594514641427,0.5777422759418689,0.7474391485647297,0.32039455609233836
2021-06-02,0.0014458890369013488,22.486912141999497,0.1393848066729113,0.0003090439119359093,-0.10403087558592237,0.32039455609233836,-0.25380103945809374,-0.599959780726186,0.0,0.0014458890369013488,0.5877852522924732,-0.8090169943749473,2.861057344039536,-0.023743347496015144,0.3379031387345622,0.5758758199492071,0.7098569735040479,0.6155087610856768
2021-06-03,-0.0036353030560487554,22.443881909858572,-0.04303023214092505,0.00033871050162132633,-1.1677154355175512,0.6155087610856768,0.2951142049933384,0.5489152444514321,-0.0036353030560487554,0.0,-0.587785252292473,-0.8090169943749475,2.892591565384329,0.03153422134479289,0.3999919414493106,0.5655820184960603,0.7310311792507895,0.29565868481602864
2021-06-04,0.008795303383015707,22.143910899100973,-0.2999710107575986,0.005652101760858373,1.6244842683057035,0.29565868481602864,-0.3198500762696481,-0.6149642812629865,0.0,0.008795303383015707,-0.9510565162951536,0.30901699437494723,2.7985001086706855,-0.0940914567136435,0.40675889036536306,0.5591300075789059,0.7661321176338919,0.27612781451674523
2021-06-07,-0.0007970562694215033,22.222201147160174,0.0782902480592007,-0.000666951526839257,-0.5673670608105281,0.27612781451674523,-0.01953087029928341,0.3003192059703647,-0.0007970562694215033,0.0,0.0,1.0,2.7985001086706855,0.0,0.4163770824122442,0.533981190200951,0.7379733793029085,0.46455066536499723
2021-06-08,0.00017500954944082991,22.262199736909217,0.039998589749043134,-0.0015483371283880377,-0.16396352766701927,0.46455066536499723,0.188422850848252,0.2079537211475354,0.0,0.00017500954944082991,0.9510565162951535,0.30901699437494745,2.8373225189284472,0.038822410257761675,0.3944480963751572,0.5316066913789387,0.7089816716602463,0.23476396975563676
2021-06-09,-0.001825532590615353,22.27364565013913,0.011445913229913174,-0.0031802135105319465,-0.7846152536863581,0.23476396975563676,-0.22978669560936046,-0.41820954645761244,-0.001825532590615353,0.0,0.5877852522924732,-0.8090169943749473,2.884241863403715,0.0469193444752678,0.37732197910781695,0.5162819418779874,0.7059708134522724,0.46547347019870505
2021-06-10,0.00464145477646305,22.206734548542453,-0.06691110159667701,0.0025083723548363153,1.0351512675663928,0.46547347019870505,0.2307095004430683,0.46049619605242875,0.0,0.00464145477646305,-0.587785252292473,-0.8090169943749475,2.778819295684189,-0.10542256771952596,0.3473149209304226,0.497352694765264,0.6928849108366745,0.26063684326745673
2021-06-11,0.0019465389328079397,22.0622091231735,-0.14452542536895407,0.0010694600166241523,0.24076056907901436,0.26063684326745673,-0.20483662693124832,-0.43554612737431664,0.0,0.0019465389328079397,-0.9510565162951536,0.30901699437494723,2.7504708926110997,-0.02834840307308939,0.34031055262070814,0.46831969547529084,0.6626152751483552,0.3442567094158484
2021-06-14,0.0018135563851373604,22.146663286258697,0.08445416308519782,0.0016087205106005743,0.17281782986883443,0.3442567094158484,0.08361986614839167,0.28845649307964,0.0,0.0018135563851373604,0.0,1.0,2.796671355516472,0.0462004629053725,0.35393633160052884,0.44701486751105496,0.6434469493871257,0.2861881935282956
2021-06-15,-0.0020137199542773487,22.12172095565992,-0.024942330598776152,-0.0020442431633921564,-0.8466147959694056,0.2861881935282956,-0.058068515887552796,-0.14168838203594447,-0.0020137199542773487,0.0,0.9510565162951535,0.30901699437494745,2.8343891500408605,0.03771779452438828,0.3182638372331885,0.4308758124002554,0.6486331312592507,0.7400002057876199
2021-06-16,-0.005404703747025508,22.23582934703775,0.11410839137782958,-0.005941525414774962,-1.3909834921510191,0.7400002057876199,0.4538120122593243,0.5118805281468771,-0.005404703747025508,0.0,0.5877852522924732,-0.8090169943749473,2.898670539693244,0.0642813896523835,0.4193110844395852,0.4429123593478789,0.7164842439729069,0.607692519049002
2021-06-17,-0.00043581054367258787,22.393362253164124,0.15753290612637372,0.00035292715613289015,-0.2866753954519012,0.607692519049002,-0.13230768673861792,-0.5861196989979423,-0.00043581054367258787,0.0,-0.587785252292473,-0.8090169943749475,2.8763855159214247,-0.02228502377181929,0.4477548942096446,0.4497607247153705,0.6743261534084011,0.3763509423750782
2021-06-18,-0.013211355687284154,22.64268679639361,0.24932454322948416,-0.009157521127330613,-2.3785159801262687,0.3763509423750782,-0.2313415766739238,-0.09903388993530587,-0.013211355687284154,0.0,-0.9510565162951536,0.30901699437494723,3.0301337371283013,0.1537482212068766,0.47089771403116887,0.42368237509997625,0.9797636172025903,0.46141291468159895
2021-06-21,0.013905163512319518,22.14128897454963,-0.5013978218439767,0.01223853676039416,2.009885638844778,0.46141291468159895,0.08506197230652074,0.31640354898044454,0.0,0.013905163512319518,0.0,1.0,2.884241863403715,-0.14589187372458623,0.49432895508431896,0.414065014137549,1.0796303118754433,0.5583980635015832
2021-06-22,0.005111406378990324,22.065710186486566,-0.07557878806306562,0.0051540545630889755,0.6535036085658725,0.5583980635015832,0.09698514881998421,0.011923176513463474,0.0,0.005111406378990324,0.9510565162951535,0.30901699437494745,2.8130106275797595,-0.07123123582395552,0.5487709290789764,0.4121890306165747,0.9352102098266438,0.22781746317834914
2021-06-23,-0.0010838705186486663,22.039767900248254,-0.02594228623831185,-0.0017501075353780887,-0.2266630954227836,0.22781746317834914,-0.330580600323234,-0.4275657491432182,-0.0010838705186486663,0.0,0.5877852522924732,-0.8090169943749473,2.7923913308364643,-0.020619296743295212,0.4463343805571222,0.3977648334450968,0.8318920044602248,0.19243435421434635
2021-06-24,0.005794429545916913,22.062641531814144,0.02287363156588995,0.00223384001057841,0.7166529819905565,0.19243435421434635,-0.03538310896400279,0.29519749135923123,0.0,0.005794429545916913,-0.587785252292473,-0.8090169943749475,2.7707119789475727,-0.021679351888891585,0.36328274759019114,0.38556129849570375,0.7794593956551633,0.22995312791996994
2021-06-25,0.0033250631646861706,22.716802207883,0.6541606760688552,0.0014611084145858331,0.35200060572628494,0.22995312791996994,0.03751877370562359,0.07290188266962638,0.0,0.0033250631646861706,-0.9510565162951536,0.30901699437494723,2.748552137084977,-0.022159841862595897,0.3340031846991695,0.38198455470561016,0.7227449670615442,0.276267640124687
2021-06-28,0.0023122888604731884,22.145865608398907,-0.5709365994840923,0.0013316903455058728,0.2047550062444382,0.276267640124687,0.04631451220471708,0.008795738499093486,0.0,0.0023122888604731884,0.0,1.0,2.757475098952692,0.008922961867715351,0.2969741297877871,0.382672349938416,0.6795170661902693,0.22104972906731601
2021-06-29,0.0002772977426861445,22.033529224553163,-0.11233638384574363,-0.00032851593677353497,-0.1089338133542647,0.22104972906731601,-0.055217911057371005,-0.10153242326208808,0.0,0.0002772977426861445,0.9510565162951535,0.30901699437494745,2.773837970214724,0.01636287126203184,0.22950446290093368,0.3823396296900815,0.6491492189153354,0.2166059621265621
2021-06-30,0.0013272784229076962,22.173951833651092,0.14042260909792859,0.0015952444209340777,-0.05947166523932724,0.2166059621265621,-0.004443766940753907,0.0507741441166171,0.0,0.0013272784229076962,0.5877852522924732,-0.8090169943749473,2.761906869073341,-0.01193110114138296,0.22726216269057628,0.36531155190799247,0.6196732555358996,0.17364687051009378
2021-07-01,0.005208041432254618,22.055164728747975,-0.11878710490311661,0.004456728515986391,0.42549032991164915,0.17364687051009378,-0.042959091616468326,-0.03851532467571442,0.0,0.005208041432254618,-0.587785252292473,-0.8090169943749475,2.739548838590284,-0.022358030483057068,0.2235046659497258,0.3583235668802665,0.6373544734154051,0.29090537746284906
2021-07-02,0.007472095894691222,21.894459218705272,-0.16070551004270328,0.005931558862052332,0.7258951959791641,0.29090537746284906,0.11725850695275528,0.1602175985692236,0.0,0.007472095894691222,-0.9510565162951536,0.30901699437494723,2.7127059923878543,-0.026842846202429715,0.23569511585830155,0.3428662628982271,0.6953968593936719,0.6612060271906922
2021-07-06,-0.002023902770021735,22.184103968335513,0.28964474963024145,-0.002970099166148136,-1.5222828127090136,0.6612060271906922,0.37030064972784316,0.25304214277508785,-0.002023902770021735,0.0,0.9510565162951535,0.30901699437494745,2.79971742211329,0.08701142972543563,0.31268279327150267,0.36027327920178254,0.6804436604180292,0.5121478878268724
2021-07-07,0.003353346553662817,22.118861803938955,-0.06524216439655817,0.0016350911941326945,0.24800107595604964,0.5121478878268724,-0.14905813936381984,-0.519358789091663,0.0,0.003353346553662817,0.5877852522924732,-0.8090169943749473,2.785011289333365,-0.014706132779924719,0.37090242502341386,0.37151233031178854,0.6439725999880144,0.6809931130208113
2021-07-08,-0.008597881009555053,22.192866804422728,0.07400500048377268,-5.785771636525092e-05,-2.272751240020527,0.6809931130208113,0.16884522519393896,0.3179033645577588,-0.008597881009555053,0.0,-0.587785252292473,-0.8090169943749475,2.9444389791664403,0.1594276898330751,0.4637798552022637,0.381819113533494,0.8362410341917218,0.3760507245806749
2021-07-09,0.01121482590241385,21.98488093830527,-0.20798586611745762,0.009235666651098918,1.6447943634429298,0.3760507245806749,-0.30494238844013644,-0.4737876136340754,0.0,0.01121482590241385,-0.9510565162951536,0.30901699437494723,2.7837759304916423,-0.16066304867479797,0.5042606260163799,0.3885470542394482,0.9045281090740875,0.3223506450574349
2021-07-12,0.003445232695593603,21.94246020355384,-0.042420734751431155,0.0027908367300770705,0.19486597050233492,0.3223506450574349,-0.05370007952324002,0.2512423089168964,0.0,0.003445232695593603,0.0,1.0,2.783157678307256,-0.0006182521843864919,0.5105496795352972,0.38173168161367343,0.7916223662173024,0.374773576191254
2021-07-13,-0.003523011181165714,22.030362758323985,0.08790255477014597,-0.0027107408756625218,-0.9385623331896464,0.374773576191254,0.05242293113381913,0.10612301065705915,-0.003523011181165714,0.0,0.9510565162951535,0.30901699437494745,2.8402474197342373,0.05708974142698153,0.4532631893354095,0.38716676413385426,0.7666827786077115,0.49909333931347744
2021-07-14,0.001164256565468591,22.111151431632397,0.08078867330841177,-0.0013273446564976477,-0.13051677142970886,0.49909333931347744,0.12431976312222343,0.0718968319884043,0.0,0.001164256565468591,0.5877852522924732,-0.8090169943749473,2.7930039023103626,-0.04724351742387478,0.45065227963273047,0.3945399369861223,0.699431668685684,0.441654575185547
2021-07-15,-0.0032675735627449853,22.08558251760729,-0.02556891402510786,-0.0020598433403221394,-0.7984731818126358,0.441654575185547,-0.05743876412793042,-0.18175852725015385,-0.0032675735627449853,0.0,-0.587785252292473,-0.8090169943749475,2.8338014198634927,0.0407975175531301,0.4027845720656777,0.40194309801742,0.7026989522295772,0.6315931373212499
2021-07-16,-0.007567415006812794,22.105978792733502,0.020396275126213226,-0.00926330188152121,-1.21589641428349,0.6315931373212499,0.18993856213570287,0.2473773262636333,-0.007567415006812794,0.0,-0.9510565162951536,0.30901699437494723,2.915064411838267,0.08126299197477449,0.45389305461379265,0.39678085666187857,0.8159197392364674,0.8927914156033396
2021-07-19,-0.015996781399984172,22.363748825404727,0.25777003267122467,-0.00886274762330232,-1.8230085268020346,0.8927914156033396,0.26119827828208975,0.07125971614638688,-0.015996781399984172,0.0,0.0,1.0,3.1135153092103742,0.19845089737210708,0.5679812087229736,0.41035699459303754,1.2096121652091594,0.899720251696799
2021-07-20,0.015048806004799076,22.21353049804697,-0.15021832735775575,0.013495558512831227,1.6623206653126512,0.899720251696799,0.006928836093459401,-0.25426944218863035,0.0,0.015048806004799076,0.9510565162951535,0.30901699437494745,2.982140296833121,-0.13137501237725324,0.6729705438240826,0.4352793426559766,1.2513566605720452,0.2464102696742375
2021-07-21,0.008208041662143728,22.0609685144608,-0.15256198358617112,0.006343089168075105,0.846767510454968,0.2464102696742375,-0.6533099820225615,-0.6602388181160209,0.0,0.008208041662143728,0.5877852522924732,-0.8090169943749473,2.885359207552917,-0.09678108928020412,0.6224339298962347,0.4250411214651499,1.0680390363150418,0.3088726372872215
2021-07-22,0.00201463920924283,21.934700730801246,-0.1262677836595536,0.0014228754369664935,0.10224241629350556,0.3088726372872215,0.06246236761298399,0.7157723496355455,0.0,0.00201463920924283,-0.587785252292473,-0.8090169943749475,2.8729995383614964,-0.012359669191420508,0.5958775423165694,0.41315895831208505,0.8830718735532861,0.3338283636978235
2021-07-23,0.0100943323862559,22.236208267603267,0.3015075368020206,0.006957807603973299,1.0071183543651323,0.3338283636978235,0.024955726410602008,-0.03750664120238198,0.0,0.0100943323862559,-0.9510565162951536,0.30901699437494723,2.844909428176351,-0.02809011018514518,0.5363245875918843,0.41820709643206005,0.8993875185671802,0.21112577020767306
2021-07-26,0.00237936692272811,22.17619729713241,-0.060010970470855796,0.0028804140286497848,0.16854462108921495,0.21112577020767306,-0.12270259349015042,-0.14765831990075243,0.0,0.00237936692272811,0.0,1.0,2.866761887917216,0.021852459740864916,0.3999914585127509,0.41909716386031365,0.7747569938909794,0.6738553296514493
2021-07-27,-0.004723583382176599,22.1682889063622,-0.007908390770211327,-0.0033840342708794284,-0.5989803794901215,0.6738553296514493,0.46272955944377625,0.5854321529339267,-0.004723583382176599,0.0,0.9510565162951535,0.30901699437494745,2.963209113374854,0.09644722545763784,0.35481847410368095,0.440235363942765,0.7852648254224125,0.4560846118100881
2021-07-28,-0.00018627923155278836,22.161984228168702,-0.006304678193497892,-0.0005247992147847786,-0.08628451038001568,0.4560846118100881,-0.21777071784136126,-0.6805002772851375,-0.00018627923155278836,0.0,0.5877852522924732,-0.8090169943749473,2.907447329518881,-0.05576178385597297,0.3967533425308511,0.4487980768801651,0.7111840151149252,0.36098366451277114
2021-07-29,0.0041973318452726005,22.120648495298965,-0.041335732869736574,0.0035272659455496385,0.3142640873221194,0.36098366451277114,-0.09510094729731694,0.12266977054404432,0.0,0.0041973318452726005,-0.587785252292473,-0.8090169943749475,2.8735646826837065,-0.0338826468351745,0.407175547975961,0.45546159761566285,0.6753505742284613,0.3631143567218243
2021-07-30,-0.005420713608261352,22.098686291100485,-0.021962204198480606,3.177301535846758e-05,-0.7881623482792576,0.3631143567218243,0.0021306922090531533,0.0972316395063701,-0.005420713608261352,0.0,-0.9510565162951536,0.30901699437494723,2.903616972097839,0.030052289414132627,0.41303274658076117,0.462438187834485,0.7524554588869651,0.5315686192172447
2021-08-02,-0.00184450567006067,22.038088363899483,-0.06059792720100177,-0.0044802581617281595,-0.7327808662826503,0.5315686192172447,0.16845426249542045,0.1663235702863673,-0.00184450567006067,0.0,0.0,1.0,2.968361029711232,0.06474405761339286,0.4771213163826755,0.4794820806300636,0.7079492679854402,0.6948909893792273
2021-08-03,0.008169961338918341,22.100819610431145,0.06273124653166207,0.006898858335911236,1.0815812518805403,0.6948909893792273,0.1633223701619826,-0.00513189233343786,0.0,0.008169961338918341,0.9510565162951535,0.30901699437494745,2.892591565384329,-0.0757694643269029,0.48132844832823113,0.49871949072131966,0.7605309074491187,0.17401912647880283
2021-08-04,-0.004643150661296502,22.172713385306203,0.07189377487505766,-0.0030140914711196043,-1.045404333634667,0.17401912647880283,-0.5208718629004245,-0.6841942330624071,-0.004643150661296502,0.0,0.5877852522924732,-0.8090169943749473,2.8887036625848097,-0.0038879027995193383,0.4249153512619741,0.475520114496944,0.7681365098751799,0.1754616290666789
2021-08-05,0.005987485990420538,22.05018432775069,-0.12252905755551424,0.004580303565470211,0.8152698796252402,0.1754616290666789,0.0014425025878760656,0.5223143654883006,0.0,0.005987485990420538,-0.587785252292473,-0.8090169943749475,2.8495498031123385,-0.039153859472471186,0.38781094417275563,0.45948743550836335,0.7381651982821115,0.15551568686760894
2021-08-06,0.0016738645485290249,21.962181950420234,-0.08800237733045435,0.0016806996934327747,0.23518594490357173,0.15551568686760894,-0.01994594219906995,-0.021388444786946015,0.0,0.0016738645485290249,-0.9510565162951536,0.30901699437494723,2.781920026048249,-0.06762977706408968,0.34629121020191256,0.4344647009296394,0.6716188396436054,0.22104417713271848
2021-08-09,-0.0009403502649565354,21.96143135084745,-0.0007505995727825621,-0.0012220629434372848,-0.24758494616359827,0.22104417713271848,0.06552849026510954,0.08547443246417949,-0.0009403502649565354,0.0,0.0,1.0,2.8166055665892396,0.03468554054099071,0.2841863217850073,0.42708343676545096,0.6463803848439124,0.241512594850805
2021-08-10,0.0009921869538640493,22.080803149591794,0.11937179874434278,0.00021638920467415866,0.04417246546925142,0.241512594850805,0.020468417718086523,-0.04506007254702302,0.0,0.0009921869538640493,0.9510565162951535,0.30901699437494745,2.8207835256175806,0.004177959028341061,0.19351064287932282,0.4232340058032305,0.6124655795461771,0.2071930197061853
2021-08-11,0.0012749307180150993,21.985288657799796,-0.09551449179199878,5.177064112285117e-05,0.07555348760617128,0.2071930197061853,-0.034319575144619696,-0.05478799286270622,0.0,0.0012749307180150993,0.5877852522924732,-0.8090169943749473,2.783157678307256,-0.03762584731032481,0.20014542152479936,0.4152539793039416,0.5931936767763201,0.35484166463596317
2021-08-12,0.00413780773547856,21.939753009200903,-0.04553564859889292,0.0033120382320485837,0.7327399608490253,0.35484166463596317,0.14764864492977786,0.18196822007439756,0.0,0.00413780773547856,-0.587785252292473,-0.8090169943749475,2.7466296928572342,-0.03652798545002156,0.23602142863865616,0.4083848519383456,0.6021269190396943,0.11120297199501304
2021-08-13,0.001606016320923942,21.827353110826305,-0.11239989837459774,0.0007075367827274272,-0.009440341723703661,0.11120297199501304,-0.24363869264095012,-0.391287337570728,0.0,0.001606016320923942,-0.9510565162951536,0.30901699437494723,2.737608990998456,-0.009020701858778235,0.22715888566413703,0.3926490613102249,0.578845652690171,0.62716392884149
2021-08-16,0.002617422261993241,21.938368474555784,0.11101536372947862,0.004039672584483566,0.14924029162451605,0.62716392884149,0.5159609568464769,0.7595996494874271,0.0,0.002617422261993241,0.0,1.0,2.780060789140106,0.0424517981416499,0.3083828360058913,0.39243814662071264,0.5632071240788523,0.6776243857013938
2021-08-17,-0.007085743507136755,22.06794622360646,0.1295777490506751,-0.0031514557192495094,-1.958004527168567,0.6776243857013938,0.05046045685990386,-0.46550049998657306,-0.007085743507136755,0.0,0.9510565162951535,0.30901699437494745,2.885359207552917,0.10529841841281096,0.3956051941760091,0.3821920975777628,0.7565008775166463,0.7032090406311148
2021-08-18,-0.010806652845255726,22.04651123392101,-0.021434989685449324,-0.009200145437529731,-2.1012709365083544,0.7032090406311148,0.02558465492972095,-0.024875801930182906,-0.010806652845255726,0.0,0.5877852522924732,-0.8090169943749473,3.0713034462529065,0.18594423869998966,0.49480839836099494,0.37283442086034924,0.992960640196084,0.7493379548973311
2021-08-19,0.0012559032561583194,22.204508949154047,0.15799771523303718,0.0053161768390455645,0.379607132687202,0.7493379548973311,0.04612891426621635,0.020544259336495396,0.0,0.0012559032561583194,-0.587785252292473,-0.8090169943749475,3.075928819068985,0.0046253728160783325,0.5737076564132686,0.3967833582519251,0.8154147450303654,0.41124852269549383
2021-08-20,0.008108603890741861,22.018707817768075,-0.18580113138597198,0.007028735454640366,1.4750891123580951,0.41124852269549383,-0.3380894322018373,-0.38421834646805364,0.0,0.008108603890741861,-0.9510565162951536,0.30901699437494723,2.921008698583398,-0.154920120485587,0.6337167665533647,0.40165840041422385,0.8162820649438078,0.4759558231122187
2021-08-23,0.008487667984411473,21.997658893846047,-0.021048923922027285,0.006548810876251621,1.2375515104830055,0.4759558231122187,0.06470730041672484,0.40279673261856214,0.0,0.008487667984411473,0.0,1.0,2.841998151368816,-0.0790105472145819,0.6034751454075105,0.4084263746720522,0.8247964237751448,0.1639772849817618
2021-08-24,0.0014946188019617779,22.104351657387994,0.10669276354194679,0.00040801552941010285,0.0642136997247854,0.1639772849817618,-0.31197853813045684,-0.3766858385471817,0.0,0.0014946188019617779,0.9510565162951535,0.30901699437494745,2.8460714591247,0.0040733077558838815,0.5007457252635841,0.40618120870891355,0.7215873778294236,0.23974927811530178
2021-08-25,0.0022176574032517493,21.96010265518182,-0.14424900220617332,0.0012773955086458793,0.16864326054075368,0.23974927811530178,0.07577199313353997,0.38775053126399683,0.0,0.0022176574032517493,0.5877852522924732,-0.8090169943749473,2.8207835256175806,-0.02528793350711922,0.4080537727604215,0.385509491969097,0.6598187299850733,0.2678194652914161
2021-08-26,-0.005841949827603443,21.906213146884895,-0.05388950829692618,-0.0052991338617422905,-0.9606461994005592,0.2678194652914161,0.028070187176114314,-0.04770180595742565,-0.005841949827603443,0.0,-0.587785252292473,-0.8090169943749475,2.935982277247362,0.11519875162978144,0.31175007483923844,0.3765444849920174,0.7179049897352148,0.3780026670749201
2021-08-27,0.0087690715404527,21.926598436685115,0.020385289800220363,0.007852244157331371,1.1448088184306258,0.3780026670749201,0.11018320178350399,0.08211301460738968,0.0,0.0087690715404527,-0.9510565162951536,0.30901699437494723,2.796671355516472,-0.13931092173088988,0.3051009037151237,0.37735491368545304,0.7579678916573677,0.3054230273817553
2021-08-30,0.004297324106874001,21.87657462284914,-0.050023813835974096,0.003324347137505577,0.4634551668028178,0.3054230273817553,-0.07257963969316478,-0.18276284147666877,0.0,0.004297324106874001,0.0,1.0,2.7843938006764253,-0.01227755484004689,0.27099434456903104,0.37460770752640216,0.7008424100939443,0.223529554135641
2021-08-31,-0.001350026915892144,22.179718057591092,0.30314343474195127,-0.0015619729771689354,-0.47190022377048263,0.223529554135641,-0.08189347324611432,-0.00931383355294954,-0.001350026915892144,0.0,0.9510565162951535,0.30901699437494745,2.8021474967044036,0.017753696027978272,0.28290479839980687,0.3599391806177544,0.6584130640552426,0.2265150829858726
2021-09-01,0.00031164006095174557,22.12379342367349,-0.05592463391760205,-0.0010405431956813924,-0.5213683390791765,0.2265150829858726,0.0029855288502316224,0.08487900209634594,0.0,0.00031164006095174557,0.5877852522924732,-0.8090169943749473,2.779440235075385,-0.022707261629018483,0.28025795937392106,0.3376355660275946,0.617475971904664,0.32864146987699083
2021-09-02,0.002838605754405421,22.041278680917564,-0.08251474275592585,0.0005446142134017773,-0.020174704854476685,0.32864146987699083,0.10212638689111822,0.0991408580408866,0.0,0.002838605754405421,-0.587785252292473,-0.8090169943749475,2.79789089580353,0.01845066072814472,0.29242236029103597,0.34499853476084164,0.5882039771756421,0.311721511312562
2021-09-03,-0.00033508726118114396,21.89187982171121,-0.14939885920635376,0.0006639399602798484,-0.5495056835206359,0.311721511312562,-0.01691995856442885,-0.11904634545554707,-0.00033508726118114396,0.0,-0.9510565162951536,0.30901699437494723,2.79789089580353,0.0,0.2791661291385643,0.35148710058207416,0.5681065817385428,0.27919573782422785
2021-09-07,-0.0034013524523217598,22.064290828880345,0.17241100716913493,-0.0033902634826637546,-1.0529160116679444,0.27919573782422785,-0.03252577348833413,-0.015605814923905281,-0.0034013524523217598,0.0,0.9510565162951535,0.30901699437494745,2.8981194110402666,0.10022851523673681,0.2739206712270589,0.35737662681810367,0.6050443111647108,0.4331797946931161
2021-09-08,-0.0013194368138158552,22.045256316332086,-0.019034512548259386,-0.0008901569379812038,-0.4685516873740537,0.4331797946931161,0.15398405686888827,0.1865098303572224,-0.0013194368138158552,0.0,0.5877852522924732,-0.8090169943749473,2.888147011898142,-0.009972399142124555,0.3158507193385539,0.36747832289240834,0.5906825742130192,0.5267018729381963
2021-09-09,-0.004616247150002195,22.041118068018438,-0.004138248313648063,-0.004383657309776383,-1.034670918325502,0.5267018729381963,0.09352207824508013,-0.060461978623808144,-0.004616247150002195,0.0,-0.587785252292473,-0.8090169943749475,2.933856829254017,0.04570981735587498,0.37588807732901863,0.3810587647060936,0.6438137014943442,0.7277871523202942
2021-09-10,-0.007752552286277137,22.010617930484706,-0.03050013753373193,-0.010783628841441194,-1.5922085513276858,0.7277871523202942,0.20108527938209797,0.10756320113701784,-0.007752552286277137,0.0,-0.9510565162951536,0.30901699437494723,3.042138682785304,0.10828185353128683,0.4557172138176793,0.4058489614972417,0.7672087548894776,0.7434073647405818
2021-09-13,0.0022739003463705387,22.08788191307851,0.07726398259380218,-0.0013596582639795285,0.8697495377930392,0.7434073647405818,0.01562021242028755,-0.18546506696181042,0.0,0.0022739003463705387,0.0,1.0,2.963725520745357,-0.07841316203994708,0.5420543845032832,0.4243520900736521,0.6794890975437724,0.6150783676691864
2021-09-14,-0.005763213966258007,22.023582832030314,-0.06429908104819404,-0.008132465523656518,-1.1188756410222553,0.6150783676691864,-0.12832899707139533,-0.14394920949168288,-0.005763213966258007,0.0,0.9510565162951535,0.30901699437494745,2.968361029711232,0.004635508965875168,0.609230910472275,0.448346156534327,0.717443462010102,0.6138341226365664
2021-09-15,0.008438294222079534,22.117533328268653,0.09395049623833884,0.0074393830114625826,1.9688361928502,0.6138341226365664,-0.001244245032619995,0.12708475203877534,0.0,0.008438294222079534,0.5877852522924732,-0.8090169943749473,2.9003221055356794,-0.06803892417555257,0.645361776060965,0.4477114038579021,0.7497918866087613,0.6646663362247148
2021-09-16,-0.001552344712765219,22.10569272929078,-0.01184059897787293,-0.0007462638061457679,-0.09139804330550134,0.6646663362247148,0.05083221358814838,0.05207645862076837,-0.001552344712765219,0.0,-0.587785252292473,-0.8090169943749475,2.9279886500419825,0.027666544506303126,0.6729546687182688,0.4470943538828221,0.6876612143539718,0.46936160481757927
2021-09-17,-0.009152630275798046,22.709704909146474,0.6040121798556939,-0.008255940999333283,-1.3322222544034752,0.46936160481757927,-0.19530473140713556,-0.24613694499528394,-0.009152630275798046,0.0,-0.9510565162951536,0.30901699437494723,3.035433614742034,0.10744496470005149,0.6212695592177258,0.4359587617012251,0.8170689402026827,1.4393389410149025
2021-09-20,-0.017123077726381553,22.312107087125998,-0.3975978220204759,-0.010323540078974467,-1.9125245672338727,1.4393389410149025,0.9699773361973232,1.1652820676044588,-0.017123077726381553,0.0,0.0,1.0,3.2468799856680213,0.21144637092598728,0.76045587447259,0.4688159515163476,1.1998416596272836,0.7018166772702004
2021-09-21,-0.0008126886585468895,22.089592157345077,-0.22251492978092102,-0.004642255832259065,0.4217166574012446,0.7018166772702004,-0.7375222637447021,-1.7074995999420253,-0.0008126886585468895,0.0,0.9510565162951535,0.30901699437494745,3.1929424678971787,-0.05393751777084255,0.7778035363927926,0.4826525303056193,0.9865382557504878,0.6858292658207971
2021-09-22,0.009474585224218401,22.094235878419724,0.004643721074646834,0.0064383959914181554,1.4983820134939192,0.6858292658207971,-0.0159874114494033,0.7215348522952988,0.0,0.009474585224218401,0.5877852522924732,-0.8090169943749473,3.0383127613015377,-0.15462970659564101,0.7922025650296388,0.49264650376793256,0.9362673725570652,0.7229353117793071
2021-09-23,0.012061680369937378,22.088425934791356,-0.00580994362836762,0.009537395713600558,1.4064251055323076,0.7229353117793071,0.03710604595851008,0.05309345740791338,0.0,0.012061680369937378,-0.587785252292473,-0.8090169943749475,2.924773139566078,-0.11353962173545984,0.8038563601405573,0.5192635526630538,0.9773844347827501,0.46201946998021853
2021-09-24,0.0014599428113637458,21.942409972713588,-0.1460159620777688,0.003921948502410209,0.1701818439883226,0.46201946998021853,-0.2609158417990886,-0.2980218877575987,0.0,0.0014599428113637458,-0.9510565162951536,0.30901699437494723,2.8763855159214247,-0.04838762364465321,0.8023879331730852,0.5298478475137641,0.8253429833165113,0.33539704800479214
2021-09-27,-0.0027802439201884965,22.124116243196692,0.1817062704831045,0.00022278457620552057,-0.2454910238765018,0.33539704800479214,-0.1266224219754264,0.13429341982366222,-0.0027802439201884965,0.0,0.0,1.0,2.9317269557786028,0.0553414398571781,0.5815995545710629,0.5330658276429725,0.7518348605115031,0.704324456365169
2021-09-28,-0.020574317739892933,22.208624685493728,0.08450844229703591,-0.01525539393128959,-1.692525230538568,0.704324456365169,0.3689274083603769,0.4955498303358033,-0.020574317739892933,0.0,0.9510565162951535,0.30901699437494745,3.1463051320333655,0.21457817625476272,0.5821011103900569,0.5486049604663178,1.288766998348403,0.4915227379893572
2021-09-29,0.0015679543362843162,22.035014438058997,-0.17361024743473052,-0.0006765052415081772,0.414052226908654,0.4915227379893572,-0.21280171837581185,-0.5817291267361888,0.0,0.0015679543362843162,0.5877852522924732,-0.8090169943749473,3.1161784029570914,-0.030126729076274117,0.5432398048237688,0.557466851447632,1.055931499402592,0.8514803885004357
2021-09-30,-0.011981202945015923,22.21575186844433,0.18073743038533152,-0.01454931298437492,-0.7591926040327445,0.8514803885004357,0.35995765051107853,0.5727593688868904,-0.011981202945015923,0.0,-0.587785252292473,-0.8090169943749475,3.1415626953890583,0.025384292431966937,0.5689488201679945,0.5873692721316699,1.1038572222039995,1.2942319404001503
2021-10-01,0.011425952113334858,22.112149343584374,-0.10360252485995503,0.00919512183302978,1.1349433935295001,1.2942319404001503,0.4427515518997146,0.08279390138863607,0.0,0.011425952113334858,-0.9510565162951536,0.30901699437494723,3.0492730585611545,-0.09228963682790381,0.735391314251981,0.6382129320085402,1.06011566573297,1.0437611870244998
2021-10-04,-0.013070952048643392,22.1837094196014,0.07156007601702541,-0.011187122304158052,-1.0631394821536135,1.0437611870244998,-0.2504707533756505,-0.6932223052753651,-0.013070952048643392,0.0,0.0,1.0,3.1337535315764806,0.08448047301532613,0.8770641420559224,0.6722662518727075,1.1403981460684605,0.8188416892198384
2021-10-05,0.010469517498600922,22.08498314155532,-0.09872627804607959,0.008283733699106373,0.9140551698384771,0.8188416892198384,-0.22491949780466147,0.02555125557098903,0.0,0.010469517498600922,0.9510565162951535,0.30901699437494745,3.058707036896625,-0.07504649467985569,0.8999675886268562,0.6964148317730539,1.0661048511952158,1.0527620924951762
2021-10-06,0.004094399349623856,22.11196480493053,0.02698166337521002,0.010130081916307968,0.4275787794308082,1.0527620924951762,0.2339204032753378,0.4588399010799993,0.0,0.004094399349623856,0.5877852522924732,-0.8090169943749473,3.044522437723423,-0.014184599173201917,1.01221545952802,0.7332513248526228,0.9154497267059306,0.7064287751145458
2021-10-07,0.008264039225066355,22.069711688149866,-0.0422531167806639,0.003649985009575354,0.8628276623424952,0.7064287751145458,-0.34633331738063033,-0.5802537206559681,0.0,0.008264039225066355,-0.587785252292473,-0.8090169943749475,2.972463693468645,-0.07205874425477798,0.983205136850842,0.7462631810631671,0.8681641111812117,0.3550184773143329
2021-10-08,-0.0019155566024213755,21.911158038945402,-0.1585536492044639,-0.0034485556317993596,-0.042980744902043996,0.3550184773143329,-0.35141029780021293,-0.0050769804195826,-0.0019155566024213755,0.0,-0.9510565162951536,0.30901699437494723,2.9322598749864657,-0.040203818482179354,0.7953624442336787,0.7380877812715545,0.7771723671166906,0.8215821837319731
2021-10-11,-0.006889441644339911,21.911709689109404,0.0005516501640023819,-0.005545007039200599,-0.45863560349912885,0.8215821837319731,0.4665637064176402,0.8179740042178532,-0.006889441644339911,0.0,0.0,1.0,2.995732273553991,0.06347239856752518,0.7509266435751734,0.7425542113387773,0.8036079320840823,0.4688112096085907
2021-10-12,-0.002419705686554252,21.992590894021777,0.08088120491237305,-0.004050983254897956,-0.26939307292445036,0.4688112096085907,-0.35277097412338243,-0.8193346805410227,-0.002419705686554252,0.0,0.9510565162951535,0.30901699437494745,2.9882040263508176,-0.007528247203173244,0.6809205476529238,0.7294782039515396,0.7378132638090344,0.6930558442274137
2021-10-13,0.003017955870230793,22.009759199889945,0.017168305868167977,0.001327715278897661,0.329601629700314,0.6930558442274137,0.22424463461882305,0.5770156087422055,0.0,0.003017955870230793,0.5877852522924732,-0.8090169943749473,2.925309776513262,-0.06289424983755554,0.6089792979993712,0.733191417120979,0.6733828161934713,0.44064224604535973
2021-10-14,0.016919162285711664,22.00372179073644,-0.006037409153506701,0.011673720925579643,1.5167871883348802,0.44064224604535973,-0.252413598182054,-0.47665823280087705,0.0,0.016919162285711664,-0.587785252292473,-0.8090169943749475,2.824943988774869,-0.10036578773839322,0.5558219921855341,0.7249441849023501,0.9976858944589871,0.2997071759073078
2021-10-15,0.00743252063718991,22.06335394298913,0.059632152252692805,0.005310028470930816,0.5467203555761271,0.2997071759073078,-0.14093507013805195,0.11147852804400205,0.0,0.00743252063718991,-0.9510565162951536,0.30901699437494723,2.7911650610066143,-0.03377892776825453,0.5447597319041291,0.7075651772681879,0.9123598632542763,0.5718697434487241
2021-10-18,0.003369087801804227,22.0212780142163,-0.04207592877283162,0.005081416145143649,-0.12453208556210953,0.5718697434487241,0.2721625675414163,0.4130976376794683,0.0,0.003369087801804227,0.0,1.0,2.7917783838887393,0.0006133228821250114,0.4948172438474792,0.7124465172030044,0.7976243678475975,0.21713692144845392
2021-10-19,0.007366142784235308,21.96428294960081,-0.056995064615488644,0.0049440300105643405,0.513589404405249,0.21713692144845392,-0.3547328220002702,-0.6268953895416864,0.0,0.007366142784235308,0.9510565162951535,0.30901699437494745,2.753660700205545,-0.03811768368319424,0.4444823862154519,0.6542464210331735,0.7695124550715878,0.19986048500022963
2021-10-20,0.003657333598560797,22.02366456231495,0.05938161271413733,0.0025980648829229116,-0.03324389515193216,0.19986048500022963,-0.017276436448224297,0.3374563855520459,0.0,0.003657333598560797,0.5877852522924732,-0.8090169943749473,2.740194639652674,-0.013466060552870918,0.34584331437001503,0.630343745210794,0.6999138607270791,0.29770201008857344
2021-10-21,0.002991393168359835,22.064126021528036,0.040461459213087636,0.003862482696413097,-0.05540651932725119,0.29770201008857344,0.09784152508834382,0.11511796153656811,0.0,0.002991393168359835,-0.587785252292473,-0.8090169943749475,2.7087166608939937,-0.031477978758680525,0.31725526717865776,0.6118614949378309,0.641777008754075,0.555088144109423
2021-10-22,-0.0010731292246628499,22.047211278267806,-0.016914743260230125,-0.00026844399164368057,-0.6988421774139819,0.555088144109423,0.25738613402084953,0.15954460893250572,-0.0010731292246628499,0.0,-0.9510565162951536,0.30901699437494723,2.73631368615315,0.027597025259156194,0.3683314608190808,0.6038687726678365,0.6203897020069583,0.5188744236151681
2021-10-25,0.004736959440853283,22.08408853234908,0.03687725408127562,0.0028047827083903048,0.025702051813698473,0.5188744236151681,-0.036213720494254864,-0.2935998545151044,0.0,0.004736959440853283,0.0,1.0,2.723923535240007,-0.012390150913142772,0.3577323968523697,0.6065761514123578,0.605060596721135,0.4498009721941239
2021-10-26,0.0018181414322437917,22.079033978284773,-0.005054554064308547,-0.0008521136415979579,-0.6587727700780298,0.4498009721941239,-0.06907345142104421,-0.03285973092678934,0.0,0.0018181414322437917,0.9510565162951535,0.30901699437494745,2.771337911692091,0.04741437645208402,0.4042652070015036,0.6120239573261356,0.5698443650934633,0.3295120957245681
2021-10-27,-0.005064370371105298,22.164533587826078,0.08549960954130498,-0.00625064461164675,-1.5959197885552292,0.3295120957245681,-0.12028887646955583,-0.05121542504851162,-0.005064370371105298,0.0,0.5877852522924732,-0.8090169943749473,2.83203615392421,0.060698242232118726,0.4301955291463713,0.594175749676583,0.6521056796338489,0.28188526839978506
2021-10-28,0.009781288424184353,22.142257274894966,-0.022276312931111875,0.007332520190336718,1.4500850694872454,0.28188526839978506,-0.047626827324783017,0.07266204914477281,0.0,0.009781288424184353,-0.587785252292473,-0.8090169943749475,2.805176953372285,-0.02685920055192481,0.4270321808086136,0.5841930130294606,0.7515429620464597,0.44226379273932853
2021-10-29,0.0019474372317169752,22.22960733559747,0.08735006070250506,0.007084117687508208,-0.24409793815095915,0.44226379273932853,0.16037852433954347,0.2080053516643265,0.0,0.0019474372317169752,-0.9510565162951536,0.30901699437494723,2.788708118196038,-0.016468835176246976,0.4044673105345947,0.5647065084694078,0.6613885456875199,0.3857664677844998
2021-11-01,0.0017984589459025813,22.10241976599983,-0.12718756959764121,0.0006612551829386372,-0.2414148455423824,0.3857664677844998,-0.05649732495482873,-0.2168758492943722,0.0,0.0017984589459025813,0.0,1.0,2.79789089580353,0.009182777607491754,0.37784571936846106,0.5214462478686626,0.6137853124866268,0.2388367616775352
2021-11-02,0.0036736071203886667,22.103353476408337,0.0009337104085069825,0.0037451531864544636,0.32536920844623385,0.2388367616775352,-0.1469297061069646,-0.09043238115213587,0.0,0.0036736071203886667,0.9510565162951535,0.30901699437494745,2.774462009456489,-0.023428886347040656,0.33565287726514337,0.48311651332833094,0.5984242564805945,0.504290039077588
2021-11-03,0.00644049461288887,22.186442532632928,0.08308905622459051,0.00644049461289024,0.9274594412266949,0.504290039077588,0.26545327740005276,0.41238298350701735,0.0,0.00644049461288887,0.5877852522924732,-0.8090169943749473,2.714694769083774,-0.05976724037271497,0.3706084659357473,0.4681378633215572,0.6323850109779693,0.208446594677013
2021-11-04,0.004173222342817695,22.218930165344744,0.03248763271181687,0.0036668992639463864,0.33298906789163235,0.208446594677013,-0.295843444400575,-0.5612967218006277,0.0,0.004173222342817695,-0.587785252292473,-0.8090169943749475,2.7369615174193824,0.022266748335608266,0.3559207311911929,0.42793236342545415,0.6084579053385551,0.5589145603655872
2021-11-05,0.0037258500452850285,22.220023174228743,0.0010930088839984364,-0.0003682067112275605,0.11069511688308342,0.5589145603655872,0.3504679656885742,0.6463114100891492,0.0,0.0037258500452850285,-0.9510565162951536,0.30901699437494723,2.8021474967044036,0.06518597928502112,0.37925088471644464,0.42090787700883714,0.5915194933295198,0.3085481754638125
2021-11-08,0.0008873940607010411,22.17481174642391,-0.04521142780483345,4.683837588428485e-05,-0.5271615680493981,0.3085481754638125,-0.25036638490177465,-0.6008343505903488,0.0,0.0008873940607010411,0.0,1.0,2.8460714591247,0.04392396242029628,0.3638072262523072,0.41869500549214567,0.5632546217562805,0.48750128770768864
2021-11-09,-0.0035049109263987077,22.138410011413246,-0.03640173501066357,-0.004684597334748884,-1.3523395004669447,0.48750128770768864,0.1789531122438761,0.42931949714565076,-0.0035049109263987077,0.0,0.9510565162951535,0.30901699437494745,2.87807426870474,0.032002809580040203,0.4135401314583378,0.4027863913957512,0.6042411301179827,0.7570186195575721
2021-11-10,-0.008259842163861109,22.228169559110693,0.08975954769744732,-0.005055260568874471,-2.0535131085730796,0.7570186195575721,0.26951733184988347,0.09056421960600736,-0.008259842163861109,0.0,0.5877852522924732,-0.8090169943749473,2.930126492015865,0.05205222331112491,0.4640858475543347,0.4165105537742741,0.7571625327477839,0.20628526566876726
2021-11-11,0.0005507883329887164,22.091108508098234,-0.13706105101245925,-0.002174345395527945,-0.13971783206584534,0.20628526566876726,-0.5507333538888048,-0.8202506857386883,0.0,0.0005507883329887164,-0.587785252292473,-0.8090169943749475,2.871302186535503,-0.05882430548036188,0.46365358175268556,0.3933310024143385,0.6656524076386042,0.436841119340117
2021-11-12,0.0071966975641295505,22.03929866529383,-0.051809842804402706,0.00591340258133885,1.187497347919075,0.436841119340117,0.23055585367134973,0.7812892075601545,0.0,0.0071966975641295505,-0.9510565162951536,0.30901699437494723,2.7905514788157535,-0.08075070771974957,0.4392388935475915,0.3931499963807555,0.6805890852709541,0.36050966970933623
2021-11-15,-1.0739878016252646e-05,21.97271188224339,-0.06658678305043964,-0.0013870960218314438,-0.3197401170098367,0.36050966970933623,-0.07633144963078076,-0.3068873033021305,-1.0739878016252646e-05,0.0,0.0,1.0,2.8027541226914687,0.012202643875715236,0.4496311923966963,0.3960453532284712,0.6242596218612223,0.4528374827658106
2021-11-16,0.003857779057126365,22.102696698296622,0.12998481605323065,0.004579805041999394,0.5009870166415744,0.4528374827658106,0.09232781305647436,0.16865926268725512,0.0,0.003857779057126365,0.9510565162951535,0.30901699437494745,2.7954504426495905,-0.007303680041878202,0.44269843140832066,0.39037715033880865,0.6020918230110035,0.1935456035654143
2021-11-17,-0.0026050154828958227,22.101797647528066,-0.000899050768556009,-0.002732663245870805,-0.7115082462141659,0.1935456035654143,-0.2592918792003963,-0.3516196922568707,-0.0026050154828958227,0.0,0.5877852522924732,-0.8090169943749473,2.8396631235763143,0.04421268092672381,0.33000382820988905,0.3892537542491401,0.6058837075563104,0.5406295254196046
2021-11-18,0.003379064740171245,22.16461877012807,0.06282112260000261,0.000812274052105418,0.6431555453681518,0.5406295254196046,0.34708392185419035,0.6063758010545867,0.0,0.003379064740171245,-0.587785252292473,-0.8090169943749475,2.8673305674241623,0.027667443847847917,0.39687268016005656,0.40548085141196744,0.58392528154506,0.32529808549603
2021-11-19,-0.0013996446049873157,22.170932775623502,0.00631400549543315,-0.0022282669063180332,-0.3256503718188897,0.32529808549603,-0.21533143992357462,-0.562415361777765,-0.0013996446049873157,0.0,-0.9510565162951536,0.30901699437494723,2.885359207552917,0.018028640128754603,0.37456407339123915,0.40679495024089396,0.5740857122810389,0.8414334356165194
2021-11-22,-0.003202258316960638,22.214167930679057,0.0432351550555552,-0.006186341041938813,-0.6331759430190143,0.8414334356165194,0.5161353501204894,0.731466790044064,-0.003202258316960638,0.0,0.0,1.0,2.9533465610374146,0.06798735348449769,0.47074882657267575,0.42043044031266047,0.5988384529461347,0.6878042016730458
2021-11-23,0.001655761383194232,22.176655604070348,-0.0375123266087094,0.002608600014974142,0.35608461271279795,0.6878042016730458,-0.1536292339434736,-0.669764584063963,0.0,0.001655761383194232,0.9510565162951535,0.30901699437494745,2.9642415631585224,0.010895002121107833,0.5177421703541228,0.4284747154582737,0.5635611747151439,0.5527923906458146
2021-11-24,0.0022912237766679056,21.952447218583686,-0.2242083854866621,0.005477142672055779,0.35089675562261186,0.5527923906458146,-0.13501181102723114,0.018617422916242465,0.0,0.0022912237766679056,0.5877852522924732,-0.8090169943749473,2.922085729279452,-0.0421558338790704,0.5895915277702029,0.433379068717878,0.5411039216184343,0.7634446899516865
2021-11-26,-0.022987011159321113,21.98107320418503,0.02862598560134444,-0.015122412682593558,-2.6281291685909736,0.7634446899516865,0.21065229930587182,0.34566411033310296,-0.022987011159321113,0.0,-0.9510565162951536,0.30901699437494723,3.3541058034516236,0.4320200741721716,0.6341545606766192,0.4540425255858361,1.3947385404557757,0.6325007171005772
2021-11-29,0.013113836082823127,22.190312654039683,0.20923944985465326,0.0057130621450271046,1.5010790585049372,0.6325007171005772,-0.13094397285110926,-0.3415962721569811,0.0,0.013113836082823127,0.0,1.0,3.1337535315764806,-0.22035227187514295,0.6955950869975287,0.4707384993334928,1.249611027239637,0.876491139434961
2021-11-30,-0.019143381187848973,22.61426563176774,0.4239529777280566,-0.015911709894208946,-1.5350835508421015,0.876491139434961,0.24399042233438384,0.3749343951854931,-0.019143381187848973,0.0,0.9510565162951535,0.30901699437494745,3.3028492782860717,0.16909574670959104,0.702606627761217,0.49141599203328484,1.4931055796117676,1.830385575240924
2021-12-01,-0.01188554145795706,22.403484621627655,-0.2107810101400851,-0.0196981282041104,-0.7126365555277702,1.830385575240924,0.9538944358059629,0.709904013471579,-0.01188554145795706,0.0,0.5877852522924732,-0.8090169943749473,3.4378507262778446,0.13500144799177294,0.9311229024747927,0.5602073781026384,1.3399611858215883,1.0034801933268818
2021-12-02,0.014094638396057846,22.348021826488424,-0.05546279513923125,0.01593767961978671,1.3325459974032996,1.0034801933268818,-0.8269053819140422,-1.780799817720005,0.0,0.014094638396057846,-0.587785252292473,-0.8090169943749475,3.3304172268976893,-0.10743349938015534,1.021260463011006,0.5966189700859406,1.2536757882700051,1.6104883225312407
2021-12-03,-0.008484455141738678,22.3796006941596,0.03157886767117546,-0.01118778185658514,-0.39636051159223606,1.6104883225312407,0.607008129204359,1.4339135111184012,-0.008484455141738678,0.0,-0.9510565162951536,0.30901699437494723,3.4232849806137358,0.0928677537160465,1.190669189526917,0.6492950788218288,1.104373298598943,0.9454674742164623
2021-12-06,0.011662599309685717,22.285779842878398,-0.0938208512812011,0.009474822523477757,1.0527154138917179,0.9454674742164623,-0.6650208483147785,-1.2720289775191373,0.0,0.011662599309685717,0.0,1.0,3.302481419950951,-0.12080356066278464,1.2532625409500942,0.6843913111808503,1.047591737721439,0.5932843473574307
2021-12-07,0.02049560318625332,22.225652917275752,-0.06012692560264554,0.01175706854657968,1.3550205441749776,0.5932843473574307,-0.3521831268590315,0.31283772145574695,0.0,0.02049560318625332,0.9510565162951535,0.30901699437494745,3.086029883652105,-0.21645153629884595,1.196621182534588,0.6860279677042713,1.3999028086086611,0.4396238480102382
2021-12-08,0.0030805355865854978,22.16655470982226,-0.05909820745349137,0.0022040087094171764,0.18932638425361908,0.4396238480102382,-0.15366049934719256,0.19852262751183897,0.0,0.0030805355865854978,0.5877852522924732,-0.8090169943749473,2.9907197125611136,-0.0953101710909916,0.9184688370884506,0.6922696663969582,1.0581990408734891,0.31275077081137775
2021-12-09,-0.007206988232523415,22.085226521307007,-0.08132818851525414,-0.005032853497095181,-0.4251912292257719,0.31275077081137775,-0.12687307719886043,0.02678742214833213,-0.007206988232523415,0.0,-0.587785252292473,-0.8090169943749475,3.071766956294588,0.0810472437334746,0.7803229525853499,0.6839482132114196,0.968966792213645,0.5678736060372942
2021-12-10,0.009503769118209604,22.076548767615154,-0.00867775369185253,0.005187408284444507,0.5244499496816327,0.5678736060372942,0.25512283522591644,0.3819959124247769,0.0,0.009503769118209604,-0.9510565162951536,0.30901699437494723,2.9279886500419825,-0.14377830625260568,0.5718000092865606,0.6749413078056921,0.9109869873639345,0.3385423095997203
2021-12-13,-0.009178158342793452,22.204240634396548,0.12769186678139377,-0.008813022177825062,-0.7172496749135104,0.3385423095997203,-0.22933129643757388,-0.48445413166349033,-0.009178158342793452,0.0,0.0,1.0,3.0111133492969895,0.08312469925500698,0.45041497636321226,0.6812392622785947,0.9652749907144276,0.8146476059159762
2021-12-14,-0.0074987228546241624,22.224100203223742,0.01985956882719364,-0.0019187919648870702,-0.7634123949661669,0.8146476059159762,0.47610529631625587,0.7054365927538297,-0.0074987228546241624,0.0,0.9510565162951535,0.30901699437494745,3.086029883652105,0.0749165343551157,0.4946876280749213,0.6992300473536355,0.927860951934522,1.1882527498792654
2021-12-15,0.016216267351891744,22.314566255184413,0.09046605196067148,0.015704945523288966,1.0348278927416221,1.1882527498792654,0.37360514396328925,-0.10250015235296661,0.0,0.016216267351891744,0.5877852522924732,-0.8090169943749473,2.959586874378878,-0.12644300927322716,0.6444134084487267,0.7386463845045845,1.1615601034656244,1.0054260435022258
2021-12-16,-0.008781863311112303,22.298008779790685,-0.016557475393728538,-0.010750217930937778,-0.9239744588149905,1.0054260435022258,-0.18282670637703968,-0.5564318503403289,-0.008781863311112303,0.0,-0.587785252292473,-0.8090169943749475,3.0238336888289017,0.06424681445002367,0.7829484629868964,0.7649601254920328,1.0789680867543516,0.9202915280345888
2021-12-17,-0.010340964584054646,22.801092325254384,0.5030835454636993,-0.006871456307525965,-1.0244328210657025,0.9202915280345888,-0.08513451546763695,0.09769219090940273,-0.010340964584054646,0.0,-0.9510565162951536,0.30901699437494723,3.0713034462529065,0.04746975742400483,0.8534320473863554,0.7995670742762794,1.0930088132287286,0.8385203867565283
2021-12-20,-0.011453398323256536,22.257053049588066,-0.5440392756663179,-0.004342526850953932,-0.9143040220974861,0.8385203867565283,-0.08177114127806051,0.00336337418957644,-0.011453398323256536,0.0,0.0,1.0,3.129826044730509,0.05852259847760255,0.953427662817717,0.8137523533875615,1.1420132135351702,0.7425387891921744
2021-12-21,0.01762175538519628,22.127505710079127,-0.12954733950893882,0.011741568134337965,1.6129331327804206,0.7425387891921744,-0.09598159756435387,-0.01421045628629336,0.0,0.01762175538519628,0.9510565162951535,0.30901699437494745,3.0449985257508563,-0.0848275189796528,0.9390058994729567,0.8336209583254731,1.3260927704643177,0.4953239192681335
2021-12-22,0.010128728029126677,21.923113143396403,-0.2043925666827242,0.00988573176003544,0.8596496447977054,0.4953239192681335,-0.2472148699240409,-0.15123327235968703,0.0,0.010128728029126677,0.5877852522924732,-0.8090169943749473,2.924773139566078,-0.1202253861847784,0.8004201333507301,0.8171395527850737,1.1373517837885607,0.46957368411369604
2021-12-23,0.006204412685251626,21.792463046720947,-0.13065009667545624,0.004630052148423413,0.4218737984740789,0.46957368411369604,-0.025750235154437473,0.22146463476960343,0.0,0.006204412685251626,-0.587785252292473,-0.8090169943749475,2.888147011898142,-0.036626127667935826,0.6932496614730242,0.8067476233774856,0.9352878579312437,0.41420505590837214
2021-12-27,0.013744051573606697,21.74221784516748,-0.05024520155346579,0.0120103543566687,0.9930077723731661,0.41420505590837214,-0.0553686282053239,-0.029618393050886427,0.0,0.013744051573606697,0.0,1.0,2.8724340744705708,-0.015712937427571294,0.592032367047781,0.8001482264852264,1.059776566101653,0.37991595820485324
2021-12-28,-0.0010106653988870562,21.719446649831863,-0.022771195335618444,-0.0019078045916688182,-0.30076797808526184,0.37991595820485324,-0.0342890977035189,0.021079530501805,-0.0010106653988870562,0.0,0.9510565162951535,0.30901699437494745,2.8644840391405775,-0.007950035329993277,0.5003114813374459,0.7818849535449011,0.8533263617654693,0.3791238373347273
2021-12-29,0.0014009134018575509,21.809572724094828,0.09012607426296526,0.000922575763884297,-0.17773527299146175,0.3791238373347273,-0.000792120870125923,0.03349697683339298,0.0,0.0014009134018575509,0.5877852522924732,-0.8090169943749473,2.8302678788376356,-0.034216160302941834,0.4276284909659564,0.7698193878417654,0.6992685077770485,0.4531003697230439
2021-12-30,-0.002994233841905114,21.86268412032678,0.0531113962319516,-0.003238290687173519,-0.4335246420906932,0.4531003697230439,0.07397653238831658,0.07476865325844251,-0.002994233841905114,0.0,-0.587785252292473,-0.8090169943749475,2.8524390993250943,0.022171220487458676,0.41918378105693854,0.7496579226173884,0.6653125116384091,0.28905939492087895
2021-12-31,-0.0026296343734735217,21.708268867990785,-0.15441525233599407,-0.0018927614787077145,-0.4819413551217921,0.28905939492087895,-0.16404097480216495,-0.23801750719048154,-0.0026296343734735217,0.0,-0.9510565162951536,0.30901699437494723,2.8460714591247,-0.0063676402003944865,0.38308092321837506,0.6762614378402433,0.6367323998593867,0.5167514226690489
2022-01-03,0.006353824170387767,22.066396923481364,0.35812805549057813,0.0038476284841652544,0.29862819195551626,0.5167514226690489,0.22769202774817,0.39173300255033494,0.0,0.006353824170387767,0.0,1.0,2.8094027183426014,-0.036668740782098475,0.40359019657051043,0.6530838773327274,0.6509683125276716,0.6382057436224258
2022-01-04,-0.0006298202522039276,22.267241068218585,0.20084414473722134,-0.002285825050322286,-0.7556690459005188,0.6382057436224258,0.12145432095337683,-0.10623770679479316,-0.0006298202522039276,0.0,0.9510565162951535,0.30901699437494745,2.827905153886959,0.01850243554435771,0.455248153654025,0.6067847069084982,0.5935662970711386,0.9108793570364491
2022-01-05,-0.019583264304500858,22.310040875680752,0.04279980746216694,-0.01842482611148526,-2.249050284544437,0.9108793570364491,0.2726736134140233,0.15121929246064647,-0.019583264304500858,0.0,0.5877852522924732,-0.8090169943749473,2.982140296833121,0.15423514294616192,0.5615992575943693,0.6051376537094499,1.3942235423953238,0.808222593587627
2022-01-06,-0.000964233740180731,22.180782582574352,-0.1292582931063997,0.0005665232551637818,-0.11037545740965846,0.808222593587627,-0.10265676344882202,-0.3753303768628453,-0.000964233740180731,0.0,-0.587785252292473,-0.8090169943749475,2.9760396713327606,-0.00610062550036039,0.6326237023672859,0.6153728082918403,1.0505761565808014,0.6250715362072585
2022-01-07,-0.004058441082335662,22.15393826250845,-0.026844320065901428,-0.004401298501816401,-0.3586512640664232,0.6250715362072585,-0.18315105738036852,-0.0804942939315465,-0.004058441082335662,0.0,-0.9510565162951536,0.30901699437494723,2.9317269557786028,-0.04431271555415783,0.6998261306245619,0.6242036505869365,0.8927155971040424,1.372780718700661
2022-01-10,-0.0014420705375393084,22.22996424054808,0.07602597803963107,0.00320626237752217,0.16762102458698072,1.372780718700661,0.7477091824934026,0.9308602398737711,-0.0014420705375393084,0.0,0.0,1.0,2.9652730464058945,0.03354609062729175,0.8710319898308843,0.6746812671530927,0.7537386276046372,0.9885108386707567
2022-01-11,0.00911828645239865,22.134640540601655,-0.09532369994642664,0.009364533242175165,1.401309687877067,0.9885108386707567,-0.38426988002990436,-1.1319790625233068,0.0,0.00911828645239865,0.9510565162951535,0.30901699437494745,2.912893986956671,-0.0523790594492235,0.9410930088405506,0.6947116115642101,0.800199676494963,0.629283226803524
2022-01-12,0.002813792014666916,22.121543115527896,-0.013097425073759439,-0.00047377268380859353,0.5487693200524933,0.629283226803524,-0.35922761186723273,0.025042268162671633,0.0,0.002813792014666916,0.5877852522924732,-0.8090169943749473,2.8690346681376235,-0.04385931881904748,0.8847737827939655,0.7085564171453436,0.6877120443892769,1.0113061719962326
2022-01-13,-0.014346029234399538,22.1705917961155,0.049048680587603144,-0.01587034864430426,-1.3554240435392946,1.0113061719962326,0.38202294519270863,0.7412505570599414,-0.014346029234399538,0.0,-0.587785252292473,-0.8090169943749475,3.0111133492969895,0.14207868115936595,0.9253904984756864,0.717921110768213,1.0908712119412063,0.6921616489354744
2022-01-14,0.0008196442695904693,22.190792198481553,0.02020040236605425,0.005345736857152092,0.34312711265680795,0.6921616489354744,-0.31914452306075825,-0.7011674682534669,0.0,0.0008196442695904693,-0.9510565162951536,0.30901699437494723,2.954389337849604,-0.0567240114473857,0.9388085210213297,0.6942977250089848,0.877967876365961,0.6325257255252822
2022-01-18,-0.018559105398008313,22.28113673353466,0.0903445350531058,-0.011972838274261636,-1.4483810847398142,0.6325257255252822,-0.05963592341019219,0.25950859965056605,-0.018559105398008313,0.0,0.9510565162951535,0.30901699437494745,3.12632188342992,0.171932545580316,0.790757522386254,0.6765405670100827,1.343775796982635,1.008166331991411
2022-01-19,-0.009736790941460072,22.219700771249165,-0.06143596228549342,-0.012119717434917878,-0.43223142987378316,1.008166331991411,0.37564060646612873,0.43527652987632093,-0.009736790941460072,0.0,0.5877852522924732,-0.8090169943749473,3.171784233328888,0.045462349898968135,0.7946886210503848,0.6807250814842172,1.21879034908529,1.717166045818509
2022-01-20,-0.011098742304332276,22.258167685824123,0.038466914574957656,-0.014312435708514964,-0.745159561880451,1.717166045818509,0.708999713827098,0.3333591073609693,-0.011098742304332276,0.0,-0.587785252292473,-0.8090169943749475,3.2422016561344913,0.07041742280560337,1.012265184853382,0.722565350963359,1.1883718378859223,1.1958783144717693
2022-01-21,-0.01909599532463524,22.44408410954125,0.1859164237171278,-0.016560823451927477,-1.3190976404223793,1.1958783144717693,-0.5212877313467397,-1.2302874451738377,-0.01909599532463524,0.0,-0.9510565162951536,0.30901699437494723,3.3621100061766294,0.11990835004213807,1.0491796133484892,0.7441529474052446,1.5201665130062592,3.095273607376545
2022-01-24,0.0027679047582704897,22.658852885822988,0.21476877628173696,0.012276516996670825,0.8696623324725852,3.095273607376545,1.899395292904776,2.420683024251516,0.0,0.0027679047582704897,0.0,1.0,3.397858467638456,0.03574846146182642,1.5298020050367032,0.867960075410407,1.1573498497740604,2.0093653071135034
2022-01-25,-0.012246590556866721,22.36130092455255,-0.2975519612704396,-0.002336315606837555,-0.5295066239148962,2.0093653071135034,-1.0859083002630419,-2.985303593167818,-0.012246590556866721,0.0,0.9510565162951535,0.30901699437494745,3.439135216105632,0.041276748467176105,1.8051699213543475,0.9412834860294454,1.1955009301196913,2.2486319664541385
2022-01-26,-0.0014977569258860512,22.440775785721204,0.07947486116865576,-0.013358863448849687,0.7622701314115383,2.2486319664541385,0.23926665934063518,1.325174959603677,-0.0014977569258860512,0.0,0.5877852522924732,-0.8090169943749473,3.4644850922520365,0.025349876146404604,2.053263048246893,1.0286371484363865,0.9629729527346766,1.768822614616942
2022-01-27,-0.005398635199970414,22.37465151018005,-0.06612427554115285,-0.012419995320054654,0.4436517767074285,1.768822614616942,-0.47980935183719664,-0.7190760111778318,-0.005398635199970414,0.0,-0.587785252292473,-0.8090169943749475,3.4173987534933796,-0.047086338758656865,2.0635943620065795,1.0947755606464862,0.8796403970013753,1.8247874597395766
2022-01-28,0.024055967914735632,22.338902497582005,-0.03574901259804619,0.02182105728921297,2.292565042100712,1.8247874597395766,0.055964845122634665,0.5357741969598313,0.0,0.024055967914735632,-0.9510565162951536,0.30901699437494723,3.319987320720058,-0.09741143277332176,2.189376191060141,1.1636166855229075,1.4713899849342869,1.139960404906457
2022-01-31,0.01870982622298456,22.352233790704982,0.013331293122977428,0.018723377899908182,1.4922916117932252,1.139960404906457,-0.6848270548331197,-0.7407918999557543,0.0,0.01870982622298456,0.0,1.0,3.2120525964474234,-0.10793472427263451,1.7983135505661234,1.1963243062459274,1.5496669216507704,0.9808470279981423
2022-02-01,0.00683956034831823,22.295381872504016,-0.05685191820096591,0.00594969503127959,0.5396728300914014,0.9808470279981423,-0.15911337690831462,0.5257136779248051,0.0,0.00683956034831823,0.9510565162951535,0.30901699437494745,3.0892225749506483,-0.12283002149677502,1.5926098947430511,1.2292665744877016,1.2794957794991073,0.7246386606169712
2022-02-02,0.009378400448323276,22.2232414999914,-0.07214037251261729,0.005021924832308228,0.5877587572804404,0.7246386606169712,-0.25620836738117103,-0.09709499047285641,0.0,0.009378400448323276,0.5877852522924732,-0.8090169943749473,3.095125024339581,0.005902449388932585,1.2878112335756178,1.239165966770936,1.1270527609049446,0.8089826933808237
2022-02-03,-0.02469347172011993,22.205318005170575,-0.017923494820824004,-0.012864080428440106,-1.5623617170439021,0.8089826933808237,0.0843440327638525,0.3405524001450235,-0.02469347172011993,0.0,-0.587785252292473,-0.8090169943749475,3.1925318651947063,0.09740684085512541,1.095843249328394,1.247298202473717,1.7260224084957052,1.3648104566478088
2022-02-04,0.005143678439862853,22.27216574902483,0.06684774385425385,0.00394949072286978,0.19870865471859642,1.3648104566478088,0.555827763266985,0.4714837305031325,0.0,0.005143678439862853,-0.9510565162951536,0.30901699437494723,3.1450139466984486,-0.04751791849625775,1.0038478487100406,1.268913969121877,1.3974590998669,0.7323597333964875
2022-02-07,-0.003708580927828109,22.16510842760223,-0.10705732142259805,-0.004867819937246402,-0.3725871287902276,0.7323597333964875,-0.6324507232513212,-1.1882784865183063,-0.003708580927828109,0.0,0.0,1.0,3.129388685066208,-0.01562526163224076,0.9223277144080466,1.265301451969918,1.1774968508375212,0.8631450999113386
2022-02-08,0.008366113466633962,22.218329397779016,0.05322097017678473,0.009225137357887886,0.34045211301533407,0.8631450999113386,0.13078536651485106,0.7632360897661723,0.0,0.008366113466633962,0.9510565162951535,0.30901699437494745,3.065258361112005,-0.06413032395420304,0.898787328790686,1.2766382883367788,1.0653299901230648,0.38022946283573833
2022-02-09,0.014412842079265076,22.232739757592352,0.014410359813336271,0.008797819656556643,0.654949832389039,0.38022946283573833,-0.48291563707560026,-0.6137010035904513,0.0,0.014412842079265076,0.5877852522924732,-0.8090169943749473,2.9937302250152134,-0.07152813609679143,0.8299054892344394,1.2293739428194015,1.148938604541153,1.4844573881548468
2022-02-10,-0.01828182448505622,22.39377250803593,0.161032750443578,-0.010855448920603908,-1.4385164259006338,1.4844573881548468,1.1042279253191085,1.5871435623947088,-0.01828182448505622,0.0,-0.587785252292473,-0.8090169943749475,3.174296775088473,0.1805665500732596,0.9650004281892441,1.2529904451757867,1.3749312644035458,1.5577242549415211
2022-02-11,-0.019151682638085532,22.381779587217526,-0.011992920818403974,-0.0196377772793905,-1.2305397339146176,1.5577242549415211,0.07326686678667427,-1.0309610585324342,-0.019151682638085532,0.0,-0.9510565162951536,0.30901699437494723,3.3090821150625205,0.1347853399740475,1.0035831878479864,1.2972019227061675,1.5316750754704807,0.9753116312881104
2022-02-14,-0.003847990755629027,22.249406919673685,-0.1323726675438408,-0.0024823235228518606,-0.09377203999842793,0.9753116312881104,-0.5824126236534107,-0.655679490440085,-0.003847990755629027,0.0,0.0,1.0,3.343921311149381,0.03483919608686037,1.052173567426311,1.2954878969581618,1.3296454827051198,0.36972649465910506
2022-02-15,0.015643717646064204,22.211852762596134,-0.037554157077551054,0.009390720140870588,1.1770481716300862,0.36972649465910506,-0.6055851366290053,-0.023172512975594528,0.0,0.015643717646064204,0.9510565162951535,0.30901699437494745,3.2464910215875338,-0.09743028956184707,0.9534898463758644,1.2801338419926205,1.3388053588710878,0.9106569752511885
2022-02-16,0.0008808197202831991,22.178068952620894,-0.03378380997524033,0.004313137065183949,0.2390551176238897,0.9106569752511885,0.5409304805920834,1.1465156172210886,0.0,0.0008808197202831991,0.5877852522924732,-0.8090169943749473,3.1900647807056135,-0.056426240881920275,1.0595753488589543,1.2933781872176635,1.1602360560309917,0.7735470001471465
2022-02-17,-0.021400504136936505,22.23606508775485,0.05799613513395485,-0.017156950824511505,-1.4019620149750522,0.7735470001471465,-0.137109975104042,-0.6780404556961254,-0.021400504136936505,0.0,-0.587785252292473,-0.8090169943749475,3.3361254066314094,0.14606062592579594,0.9173932712574142,1.2822058380822223,1.4495138089481907,0.9672145240755027
2022-02-18,-0.007191961663865598,22.272541770740716,0.03647668298586737,-0.008175451165169108,-0.2784164268027311,0.9672145240755027,0.19366752392835618,0.33077749903239817,-0.007191961663865598,0.0,-0.9510565162951536,0.30901699437494723,3.3232358401924436,-0.012889566438965883,0.7992913250842106,1.246493860856365,1.3082531548102312,1.5041850651497455
2022-02-22,-0.010194735435016256,22.356791301104813,0.08424953036409732,-0.006478857684439055,-0.4469435475834127,1.5041850651497455,0.5369705410742428,0.3433030171458866,-0.010194735435016256,0.0,0.9510565162951535,0.30901699437494745,3.3607225305592063,0.037486690366762776,0.9050660118565375,1.2611751346981732,1.2590112357955017,1.3559298312547678
2022-02-23,-0.01858373574878769,22.291346195015347,-0.06544510608946652,-0.023258398923086954,-0.8672781789051038,1.3559298312547678,-0.14825523389497763,-0.6852257749692204,-0.01858373574878769,0.0,0.5877852522924732,-0.8090169943749473,3.434632172505442,0.07390964194623573,1.1023066791756702,1.1783492405971363,1.4199689272601532,2.3118317183334893
2022-02-24,0.014846105252724229,22.633123847757325,0.34177765274197824,0.031485967524446296,1.5753121195097681,2.3118317183334893,0.9559018870787215,1.1041571209736991,0.0,0.014846105252724229,-0.587785252292473,-0.8090169943749475,3.4118075507090064,-0.02282462179643563,1.3825416277921303,1.1927524030361831,1.3954995658364726,1.027372260773276
2022-02-25,0.022126080551265304,22.367503164715952,-0.265620683041373,0.019871602542018675,1.5785453196111912,1.027372260773276,-1.2844594575602133,-2.2403613446389348,0.0,0.022126080551265304,-0.9510565162951536,0.30901699437494723,3.3174533937597452,-0.09435415694926119,1.4333066799173562,1.1345971789561422,1.5668637077436325,1.164258948572761
2022-02-28,-0.0024455914631271725,22.52685011688082,0.15934695216486716,0.004530202678967481,-0.09769908269775802,1.164258948572761,0.13688668779948499,1.4213461453596983,-0.0024455914631271725,0.0,0.0,1.0,3.406184910520799,0.08873151676105362,1.472715564816808,1.1058084329540383,1.366687541132666,1.3947302331709608
2022-03-01,-0.015594467786611332,22.489062846173205,-0.03778727070761434,-0.013122289417791857,-0.874191778948772,1.3947302331709608,0.23047128459819977,0.09358459679871478,-0.015594467786611332,0.0,0.9510565162951535,0.30901699437494745,3.506157808139705,0.09997289761890604,1.450824598421051,1.0853295174031519,1.42148168534993,0.8960153998828855
2022-03-02,0.01847104678065037,22.398092534129006,-0.09097031204419892,0.014692937447011195,1.2965404005557333,0.8960153998828855,-0.4987148332880753,-0.7291861178862751,0.0,0.01847104678065037,0.5877852522924732,-0.8090169943749473,3.425564730664717,-0.08059307747498812,1.3588417121466745,1.0737130885925055,1.481322063989471,1.0166737057253608
2022-03-03,-0.005268520744245109,22.3406500935931,-0.05744244053590464,-0.008629987604713875,-0.17463830068709305,1.0166737057253608,0.12065830584247528,0.6193731391305506,-0.005268520744245109,0.0,-0.587785252292473,-0.8090169943749475,3.417070715799952,-0.008494014864764754,1.0998101096250488,1.0754191208652302,1.3292168682400087,0.9172323992436199
2022-03-04,-0.007965684543002283,22.48067192847526,0.1400218348821589,-0.0030561700463185063,-0.469663660405647,0.9172323992436199,-0.09944130648174088,-0.22009961232421615,-0.007965684543002283,0.0,-0.9510565162951536,0.30901699437494723,3.4651106930917472,0.04803997729179521,1.0777821373191174,1.084590251276023,1.238415873237756,1.0389036458499956
2022-03-07,-0.029962586814415104,22.660635332659023,0.17996340418376278,-0.02953273990888388,-1.5537581801812388,1.0389036458499956,0.12167124660637574,0.22111255308811661,-0.029962586814415104,0.0,0.0,1.0,3.5959414793857905,0.1308307862940432,1.0527110767745644,1.0955388680602693,1.7951069534414015,1.9393089286841323
2022-03-08,-0.007260043975698238,22.703317889880978,0.04268255722195491,-0.0076337610706323005,-0.24159826543414292,1.9393089286841323,0.9004052828341367,0.7787340362277609,-0.007260043975698238,0.0,0.9510565162951535,0.30901699437494745,3.5590554966823817,-0.036885982703408704,1.1616268158771987,1.122895938157237,1.621033025106337,0.9805496549302415
2022-03-09,0.02537359812214035,22.45716134955656,-0.24615654032441725,0.012888053737885072,1.3288097984680993,0.9805496549302415,-0.9587592737538908,-1.8591645565880275,0.0,0.02537359812214035,0.5877852522924732,-0.8090169943749473,3.47970046666133,-0.07935503002105193,1.1785336668866702,1.1347145058493207,1.816194453374437,0.9701846752177523
2022-03-10,-0.0043010499202473795,22.328862380963063,-0.12829896859349788,0.0016377253818677154,-0.20590453673255982,0.9701846752177523,-0.010364979712489175,0.9483942940414016,-0.0043010499202473795,0.0,-0.587785252292473,-0.8090169943749475,3.4088347936486714,-0.07086567301265845,1.1692358607851483,1.1398116284829594,1.6115181827116527,1.0291330283549722
2022-03-11,-0.013046278933238398,22.320355826801997,-0.008506554161066049,-0.01772597681093105,-0.5548067518606513,1.0291330283549722,0.05894835313721991,0.06931333284970909,-0.013046278933238398,0.0,-0.9510565162951536,0.30901699437494723,3.4258899942525267,0.017055200603855347,1.191615986607419,1.1707117982695894,1.5544783964754243,1.375164303487579
2022-03-14,-0.007448675095533375,22.441543804593223,0.12118797779122659,-0.007077544497968056,-0.17218246401447765,1.375164303487579,0.3460312751326067,0.28708292199538676,-0.007448675095533375,0.0,0.0,1.0,3.4585224626901017,0.032632468437574946,1.2588681181349355,1.1655073656663864,1.4144950862559365,0.8716100315639248
2022-03-15,0.021182629724146196,22.408269373115218,-0.033274431478005795,0.017425128762419955,1.2798601213174507,0.8716100315639248,-0.5035542719236541,-0.8495855470562608,0.0,0.021182629724146196,0.9510565162951535,0.30901699437494745,3.3955145959690323,-0.0630078667210694,1.045328338710894,1.1328352597912628,1.5652241615272011,1.441693531813637
2022-03-16,0.02213692164839287,22.56536189322179,0.15709252010657337,0.016127975433349262,1.2776875729835242,1.441693531813637,0.5700835002497122,1.0736377721733663,0.0,0.02213692164839287,0.5877852522924732,-0.8090169943749473,3.2835393410545883,-0.11197525491444393,1.1375571140875729,1.1550439217210497,1.691976379176179,0.8108779907939404
2022-03-17,0.01227220506870097,22.329717294560325,-0.23564459866146592,0.01520224148667551,0.6141615461687432,0.8108779907939404,-0.6308155410196966,-1.200899041269409,0.0,0.01227220506870097,-0.587785252292473,-0.8090169943749475,3.2453229978551543,-0.03821634319943401,1.1056957772028109,1.1760511358227086,1.5716871573215159,0.9038715776637686
2022-03-18,0.01159481441188781,22.836919173958886,0.5072018793985613,0.012576801865816356,0.4702281268608432,0.9038715776637686,0.09299358686982817,0.7238091278895248,0.0,0.01159481441188781,-0.9510565162951536,0.30901699437494723,3.1726224755092383,-0.07270052234591606,1.0806434870645698,1.175728021651879,1.4630957642096905,0.9121202052096923
2022-03-21,-0.00043475485430199967,22.306322812577555,-0.5305963613813311,-0.0002733715749547234,-0.45500814737900924,0.9121202052096923,0.008248627545923704,-0.08474495932390447,-0.00043475485430199967,0.0,0.0,1.0,3.158276231920975,-0.014346243588263086,0.9880346674089926,1.1823267457024764,1.281249502790447,0.5883335731911962
2022-03-22,0.01124069955407414,22.2824288837972,-0.023893928780356788,0.009466976063007676,0.2521261575893326,0.5883335731911962,-0.3237866320184961,-0.3320352595644198,0.0,0.01124069955407414,0.9510565162951535,0.30901699437494745,3.1328821349818528,-0.025394096939122424,0.9313793757344471,1.1642847956603666,1.215062810989879,0.4985523480440383
2022-03-23,-0.012348630252494885,22.23854031203565,-0.043888571761549144,-0.008237494685570218,-1.2402208685671183,0.4985523480440383,-0.08978122514715786,0.23400540687133825,-0.012348630252494885,0.0,0.5877852522924732,-0.8090169943749473,3.159974704000404,0.02709256901855106,0.7427511389805271,1.1163975234172376,1.250007714051331,0.5283054826509421
2022-03-24,0.014242012281618699,22.141879749280545,-0.0966605627551047,0.011163496041975052,0.6269216504794541,0.5283054826509421,0.02975313460690382,0.11953435975406168,0.0,0.014242012281618699,-0.587785252292473,-0.8090169943749475,3.075928819068985,-0.08404588493141896,0.6862366373519275,1.0769868401503888,1.2636390692494344,0.6462237920942867
2022-03-25,0.005053380704236332,22.183047620808345,0.04116787152780077,0.004445180172838646,-0.23480676335308764,0.6462237920942867,0.11791830944334458,0.08816517483644076,0.0,0.005053380704236332,-0.9510565162951536,0.30901699437494723,3.035433614742034,-0.04049520432695086,0.6347070802380311,0.9976721769961411,1.122625735008025,0.7695197579959496
2022-03-28,0.007119551020043247,22.184727965813234,0.0016803450048890056,0.007553320804958509,-0.2047565786205139,0.7695197579959496,0.12329596590166292,0.005377656458318336,0.0,0.007119551020043247,0.0,1.0,2.9770589655357758,-0.05837464920625823,0.6061869907952826,0.9853934863876971,1.0208870466531923,0.6192645564397605
2022-03-29,0.012182044101392009,22.349739808351316,0.16501184253808177,0.006224582117970575,0.4132806115461521,0.6192645564397605,-0.1502552015561891,-0.273551167457852,0.0,0.012182044101392009,0.9510565162951535,0.30901699437494745,2.939161901882013,-0.037897063653762775,0.6123731874449955,0.9594413724766017,1.055067064206032,0.6503641719616414
2022-03-30,-0.0063135889990899585,22.201585443148282,-0.14815436520303393,-0.004714612425232074,-1.3045096031405095,0.6503641719616414,0.031099615521880897,0.18135481707807,-0.0063135889990899585,0.0,0.5877852522924732,-0.8090169943749473,2.9616582892733203,0.022496387391307326,0.6427355522285161,0.9239953695618721,0.9999422146534396,0.626946182247156
2022-03-31,-0.0157763352268816,22.296666125028587,0.0950806818803045,-0.015030763951845159,-1.6991099044284188,0.626946182247156,-0.023417989714485388,-0.054517605236366284,-0.0157763352268816,0.0,-0.587785252292473,-0.8090169943749475,3.0233474146113988,0.061689125338078465,0.6624636921477589,0.9111825496744566,1.1933703280164039,0.6378026767436308
2022-04-01,0.003404420961462762,22.241232989780464,-0.05543313524812277,0.0012194431410251444,0.15075175811082836,0.6378026767436308,0.010856494496474745,0.03427448421096013,0.0,0.003404420961462762,-0.9510565162951536,0.30901699437494723,2.9770589655357758,-0.04628844907562302,0.6607794690776276,0.8931410721038981,1.0608950261788117,0.4986243529200646
2022-04-04,0.00805838253213409,22.23781048287576,-0.003422506904705358,0.007594254308436219,0.5097961073306464,0.4986243529200646,-0.1391783238235662,-0.15003481832004095,0.0,0.00805838253213409,0.0,1.0,2.921547358930808,-0.05551160660496768,0.6066003880624506,0.8732073556123002,0.9998764079753807,1.0475364513795027
2022-04-05,-0.012631159074006248,22.292010913393934,0.05420043051817558,-0.010405086966659458,-1.1675180375990877,1.0475364513795027,0.5489120984594381,0.6880904222830043,-0.012631159074006248,0.0,0.9510565162951535,0.30901699437494745,3.045950022365369,0.12440266343456097,0.6922547670503991,0.8736184415898957,1.0911485287665583,0.8320017432440596
2022-04-06,-0.009764433912478054,22.330066274499455,0.038055361105520547,-0.0029012957575362173,-0.958119137906205,0.8320017432440596,-0.21553470813544306,-0.7644468065948812,-0.009764433912478054,0.0,0.5877852522924732,-0.8090169943749473,3.0955776257847805,0.049627603419411415,0.7285822813068827,0.8208895279975111,1.0859043665751003,1.059445203649428
2022-04-07,0.004244365552036555,22.29634884607662,-0.03371742842283609,0.005695939120692919,0.47920700798720084,1.059445203649428,0.22744346040536834,0.4429781685408114,0.0,0.004244365552036555,-0.587785252292473,-0.8090169943749475,3.070375781146533,-0.025201844638247373,0.8150820855873372,0.824646458888901,0.980587205442857,0.7156453276168913
2022-04-08,-0.002654546675552538,22.130146831919596,-0.1662020141570224,-0.00130702231520552,-0.15013248381854777,0.7156453276168913,-0.3437998760325367,-0.571243336437905,-0.002654546675552538,0.0,-0.9510565162951536,0.30901699437494723,3.0521125997789507,-0.018263181367582426,0.8306506157619893,0.8125255375745744,0.891570642955148,0.5507029878728753
2022-04-11,-0.01702133458469568,22.17401043429125,0.043863602371654764,-0.011292377385275594,-1.302458129549781,0.5507029878728753,-0.16494233974401595,0.17885753628852075,-0.01702133458469568,0.0,0.0,1.0,3.1933529020742664,0.1412403022953157,0.8410663427525513,0.7897431546944746,1.140425536145454,1.3163933457112487
2022-04-12,-0.003423300530453588,22.14687765911649,-0.02713277517475987,-0.009086529192215928,0.20335760580472345,1.3163933457112487,0.7656903578383734,0.9306326975823893,-0.003423300530453588,0.0,0.9510565162951535,0.30901699437494745,3.1888289129504397,-0.004523989123826677,0.8948377216189005,0.7869445376575064,1.0353564012388083,0.6459452041465874
2022-04-13,0.011112603268902177,22.065647494983608,-0.08123016413288298,0.011829273046782433,1.4464680736663236,0.6459452041465874,-0.6704481415646613,-1.4361384994030346,0.0,0.011112603268902177,0.5877852522924732,-0.8090169943749473,3.082826966418867,-0.10600194653157269,0.8576264137994061,0.7761985934947762,1.0416577915355434,0.7798901717366609
2022-04-14,-0.012218480383507924,22.13011989190155,0.06447239691794238,-0.012787355384345202,-0.9476298422812316,0.7798901717366609,0.13394496759007346,0.8043931091547347,-0.012218480383507924,0.0,-0.587785252292473,-0.8090169943749475,3.122364958097024,0.03953799167815708,0.8017154074168527,0.7446841477768248,1.1029310654135391,0.6386729647692825
2022-04-18,-0.00020488927240691623,22.086928523040648,-0.04319136886090291,0.0013808451048890654,0.3442013140841232,0.6386729647692825,-0.14121720696737838,-0.27516217455745184,-0.00020488927240691623,0.0,0.0,1.0,3.098740027069535,-0.023624931027489193,0.7863209348473309,0.7364839084423173,0.9895954653231847,0.7976068015814847
2022-04-19,0.015930044749387307,22.136231340124535,0.04930281708388762,0.0161714521725084,1.732094501966684,0.7976068015814847,0.1589338368122022,0.3001510437795806,0.0,0.015930044749387307,0.9510565162951535,0.30901699437494745,3.061988108602623,-0.03675191846691206,0.8357016975890529,0.7314236810098276,1.1240592505229032,0.5995961590286768
2022-04-20,-0.0006186664061829106,22.179657459723202,0.04342611959866716,-0.002868337451827886,0.08306245953022813,0.5995961590286768,-0.19801064255280787,-0.35694447936501006,-0.0006186664061829106,0.0,0.5877852522924732,-0.8090169943749473,3.011605607691788,-0.05038250091083496,0.6923422602525384,0.7165415835726363,1.0135481286865227,1.5439457892684239
2022-04-21,-0.014862855551310616,22.257309720055815,0.07765226033261285,-0.0215051837413663,-1.201811822898445,1.5439457892684239,0.944349630239747,1.1423602727925548,-0.014862855551310616,0.0,-0.587785252292473,-0.8090169943749475,3.1214834923152734,0.10987788462348558,0.8719423772769057,0.7620469271953615,1.1478039184900952,1.0250972639727016
2022-04-22,-0.02813207637736781,22.2605501740562,0.0032404540003838633,-0.026348355456897978,-1.7320208790840776,1.0250972639727016,-0.5188485252957222,-1.4631981555354692,-0.02813207637736781,0.0,-0.9510565162951536,0.30901699437494723,3.3396764925599043,0.21819300024463084,0.9209837957241138,0.7871204946205359,1.6876433202195966,1.5226146647814571
2022-04-25,0.0056817651441125605,22.37959496902885,0.11904479497265186,0.009537688947457,0.7357934256348649,1.5226146647814571,0.4975174008087555,1.0163659261044777,0.0,0.0056817651441125605,0.0,1.0,3.296577349473713,-0.043099143086191116,1.0977721357265486,0.8344685509124652,1.497446838064126,0.8269656372870662
2022-04-26,-0.028550008928597492,22.268692023008875,-0.11090294601997641,-0.02435605952870074,-1.509716982094738,0.8269656372870662,-0.695649027494391,-1.1931664283031465,-0.028550008928597492,0.0,0.9510565162951535,0.30901699437494745,3.5121422892703165,0.2155649397966033,1.103643902867665,0.8430753054454547,1.9169147546625174,1.3089231713349743
2022-04-27,0.0020958490249647355,22.285545053852076,0.01685303084320111,-0.0006116874252244258,0.4582941033613459,1.3089231713349743,0.4819575340479081,1.177606561542299,0.0,0.0020958490249647355,0.5877852522924732,-0.8090169943749473,3.453157132664693,-0.05898515660562342,1.2455093053289246,0.8687611822711228,1.688849529732793,1.754489215327782
2022-04-28,0.024445655340832317,22.30310602658757,0.017560972735495284,0.015257478348028637,1.612068705322828,1.754489215327782,0.44556604399280775,-0.03639149005510034,0.0,0.024445655340832317,-0.587785252292473,-0.8090169943749475,3.400863985128979,-0.05229314753571401,1.2876179905407963,0.9228194993610283,1.8604647655494282,1.6555638504439683
2022-04-29,-0.03695915978469522,22.349370091318363,0.04626406473079214,-0.02905629412561437,-1.519539222045775,1.6555638504439683,-0.09892536488381376,-0.5444914088766215,-0.03695915978469522,0.0,-0.9510565162951536,0.30901699437494723,3.5085559456676507,0.1076919605386717,1.4137113078350496,0.9706861507173296,2.4671157194222593,1.8055477872066992
2022-05-02,0.005659199293818418,22.364936643147303,0.015566551828939623,0.005978789275832823,0.5440216822143727,1.8055477872066992,0.14998393676273092,0.24890930164654468,0.0,0.005659199293818418,0.0,1.0,3.476304858867201,-0.032251086800449524,1.470297932320098,1.026810036667784,2.157537611627076,0.8672483041995376
2022-05-03,0.004825465075359858,22.245412333401806,-0.11952430974549699,0.003767180465060454,0.5863363562232133,0.8672483041995376,-0.9382994830071616,-1.0882834197698925,0.0,0.004825465075359858,0.9510565162951535,0.30901699437494745,3.3758795736778655,-0.10042528518933569,1.4783544657025922,1.0377360189275893,1.9046416554352739,2.0019862880204236
2022-05-04,0.029425221557326964,22.359610494530273,0.11419816112846704,0.028060993243626164,1.4598101838906994,2.0019862880204236,1.134737983820886,2.0730374668280476,0.0,0.029425221557326964,0.5877852522924732,-0.8090169943749473,3.2355362687626434,-0.14034330491522207,1.6169670890396823,1.1093246825037968,2.161196016256278,2.0923216832525324
2022-05-05,-0.036300677564099715,22.347992282092555,-0.011618212437717546,-0.029360704839135436,-1.2333013514489335,2.0923216832525324,0.09033539523210887,-1.044402588588777,-0.036300677564099715,0.0,-0.587785252292473,-0.8090169943749475,3.440418119268624,0.20488185050598062,1.6845335826246324,1.1590763602120362,2.609779259266773,1.5419183789593605
2022-05-06,-0.005690384413952643,22.35582244127557,0.00783015918301544,-0.0011707139211748852,-0.0917262358898453,1.5419183789593605,-0.550403304293172,-0.6407386995252808,-0.005690384413952643,0.0,-0.9510565162951536,0.30901699437494723,3.407510761408632,-0.032907357859992103,1.6618044883277108,1.1928819142937173,2.309074213368539,1.2355453499687972
2022-05-09,-0.03256151953960362,22.50741643213889,0.1515939908633186,-0.022306262159384208,-1.0127344312053672,1.2355453499687972,-0.3063730289905633,0.24403027530260868,-0.03256151953960362,0.0,0.0,1.0,3.548179572010801,0.14066881060216918,1.5478040008801304,1.2012676355470204,2.5455417918773477,1.876743825758877
2022-05-10,0.002454881760408867,22.495811905420226,-0.011604526718663521,-0.008494054574887541,0.2814431677777192,1.876743825758877,0.6411984757900799,0.9475715047806432,0.0,0.002454881760408867,0.9510565162951535,0.30901699437494745,3.4962045361185368,-0.051975035892264376,1.7497031051919982,1.2565580402204486,2.280025250612613,1.9505199390950547
2022-05-11,-0.01660023209569772,22.48390264858667,-0.011909256833554593,-0.013854693624968424,-0.43554370984277824,1.9505199390950547,0.07377611333617762,-0.5674223624539023,-0.01660023209569772,0.0,0.5877852522924732,-0.8090169943749473,3.483084583311581,-0.01311995280695566,1.7394098354069243,1.3232159902786473,2.1888374601527336,1.8694907170292998
2022-05-12,-0.0012968049941122217,22.561662360573692,0.07775971198702081,0.0066709532023938554,0.34196526584314096,1.8694907170292998,-0.08102922206575491,-0.15480533540193253,-0.0012968049941122217,0.0,-0.587785252292473,-0.8090169943749475,3.4585224626901017,-0.024562120621479444,1.6948436421622781,1.3495539603414117,2.0057718979465484,0.9403154767110641
2022-05-13,0.023589267956868554,22.368715473269276,-0.19294688730441578,0.015020705273943285,1.2291866720558149,0.9403154767110641,-0.9291752403182357,-0.8481460182524808,0.0,0.023589267956868554,-0.9510565162951536,0.30901699437494723,3.362803022744237,-0.09571943994586452,1.5745230617126187,1.3635715923682916,2.0646112026798096,1.0974151386069437
2022-05-16,-0.003954208517722435,22.208280466222735,-0.1604350070465408,-0.001249218716014157,-0.01623499277734922,1.0974151386069437,0.15709966189587965,1.0862749022141154,-0.003954208517722435,0.0,0.0,1.0,3.313094475110986,-0.049708547633251055,1.546897019440248,1.3786918288859242,1.902475177721611,0.8127620862777922
2022-05-17,0.019968919581462075,22.300471837769447,0.09219137154671131,0.009053194420983889,0.9882943343932202,0.8127620862777922,-0.2846530523291515,-0.44175271422503115,0.0,0.019968919581462075,0.9510565162951535,0.30901699437494745,3.261935328944346,-0.0511591461666403,1.334100671544031,1.3869817870529961,1.917370097902413,1.4795031533765126
2022-05-18,-0.041233809291247425,22.353137550189874,0.052665712420427724,-0.03217567420375323,-1.4302727736641752,1.4795031533765126,0.6667410670987204,0.9513941194278719,-0.041233809291247425,0.0,0.5877852522924732,-0.8090169943749473,3.4326960191502294,0.17076069020588358,1.2398973144003225,1.4194530419003784,2.4241869218426935,1.254006539619377
2022-05-19,-0.005850864777348974,22.35515971639662,0.002022166206746334,0.0004589967383639138,0.013136770235416864,1.254006539619377,-0.2254966137571357,-0.8922376808558561,-0.005850864777348974,0.0,-0.587785252292473,-0.8090169943749475,3.3792925592713705,-0.05340345987885886,1.116800478918338,1.4506154409761258,2.244331343519013,2.391405169963398
2022-05-20,0.0001461310919914638,22.358513786395214,0.0033540699985934452,-0.00674405348471119,0.2785338770304294,2.391405169963398,1.1373986303440209,1.3628952441011566,0.0,0.0001461310919914638,-0.9510565162951536,0.30901699437494723,3.3820145726149287,0.0027220133435581495,1.4070184175688047,1.4909706495806485,2.0714949217754093,0.985985329506849
2022-05-23,0.018384995412059624,22.209412320569545,-0.14910146582566952,0.013766569504013995,0.9794040635742405,0.985985329506849,-1.4054198404565488,-2.5428184708005697,0.0,0.018384995412059624,0.0,1.0,3.3492020704706125,-0.03281250214431619,1.3847324557487857,1.489108176510846,2.0341479023490145,1.4545715146472424
2022-05-24,-0.008153950903556861,22.31722253153389,0.10781021096434529,-0.00037034074000444133,-0.3441378009892528,1.4545715146472424,0.4685861851403934,1.8740060255969422,-0.008153950903556861,0.0,0.9510565162951535,0.30901699437494745,3.3826939360038586,0.033491865533246123,1.5130943414226758,1.4858680265044548,1.9089164176431392,1.0778409519334322
2022-05-25,0.009406385648931703,22.29241494623014,-0.024807585303751267,0.012427550882769135,0.4413176019329108,1.0778409519334322,-0.3767305627138102,-0.8453167478542036,0.0,0.009406385648931703,0.5877852522924732,-0.8090169943749473,3.3453322784024797,-0.037361657601378884,1.4327619011340595,1.4978144700590437,1.7920014430706956,1.1147055472975382
2022-05-26,0.019688166007719943,22.272947375740017,-0.01946757049012149,0.018213878694964304,0.8381158568328949,1.1147055472975382,0.03686459536410602,0.41359515807791625,0.0,0.019688166007719943,-0.587785252292473,-0.8090169943749475,3.3141860046725258,-0.031146273729953933,1.404901702669692,1.4885660117715467,1.8177800377521367,0.6706320840262623
2022-05-27,0.024441130195821614,22.19931406122972,-0.07363331451029609,0.019625092973404687,1.0699509634846012,0.6706320840262623,-0.44407346327127595,-0.48093805863538197,0.0,0.024441130195821614,-0.9510565162951536,0.30901699437494723,3.24726887267247,-0.06691713200005589,1.0607470854822647,1.4369537674238555,1.9223126814927036,1.0469001635013755
2022-05-31,-0.006294135193666506,22.64351233081992,0.44419826959019915,-0.0045730837195441095,-0.46998569850274474,1.0469001635013755,0.3762680794751132,0.8203415427463892,-0.006294135193666506,0.0,0.9510565162951535,0.30901699437494745,3.265377678911282,0.018108806238811948,1.0729300522811702,1.4079697823313508,1.7905245029097336,1.4126854745012576
2022-06-01,-0.007510905041154814,22.234385048732396,-0.4091272820875247,-0.011768345059932371,-0.4075652040846562,1.4126854745012576,0.3657853109998821,-0.010482768475231108,-0.007510905041154814,0.0,0.5877852522924732,-0.8090169943749473,3.246101831910333,-0.019275847000948865,1.0645528442519732,1.3892620531549014,1.671759129752312,1.2759915981345449
2022-06-02,0.018263225415545037,22.206185422138944,-0.028199626593451654,0.019683336440006163,0.9149835123480674,1.2759915981345449,-0.1366938763667127,-0.5024791873665948,0.0,0.018263225415545037,-0.587785252292473,-0.8090169943749475,3.2076126048125677,-0.038489227097765255,1.1041829734921955,1.4087260195327587,1.692425924941039,0.6153005861579085
2022-06-03,-0.01648240560981762,22.034596860461065,-0.17158856167787917,-0.0070408727421954875,-1.4876129238025637,0.6153005861579085,-0.6606910119766364,-0.5239971356099237,-0.01648240560981762,0.0,-0.9510565162951536,0.30901699437494723,3.2104403829784154,0.002827778165847672,1.0043019812642697,1.3426933670631154,1.699976229473203,0.998367782536534
2022-06-06,0.003132489407036587,22.189456741442974,0.15485988098190973,-0.003219430342878276,-0.16260155343802712,0.998367782536534,0.3830671963786255,1.043758208355262,0.0,0.003132489407036587,0.0,1.0,3.221671899997255,0.011231517018839732,1.0698491209663241,1.2906003241718773,1.5608096425742242,1.0839070343778685
2022-06-07,0.009478331531719064,22.16976355492782,-0.019693186515155503,0.01555288500725804,0.35213419387967515,1.0839070343778685,0.08553925184133448,-0.29752794453729103,0.0,0.009478331531719064,0.9510565162951535,0.30901699437494745,3.1788868357094424,-0.0427850642878127,1.0772504951416226,1.2687902601441872,1.4714264741491223,0.773102826299219
2022-06-08,-0.010852623040154441,22.148653499497286,-0.021110055430533237,-0.007588204022513781,-1.071894485496693,0.773102826299219,-0.3108042080786495,-0.396343459919984,-0.010852623040154441,0.0,0.5877852522924732,-0.8090169943749473,3.176385735036591,-0.002501100672851475,0.949333965501215,1.246769187588493,1.424947008970104,1.2215005726769463
2022-06-09,-0.024086457665156047,22.142552420001984,-0.006101079495302031,-0.020649823972629076,-1.5116482766811843,1.2215005726769463,0.44839774637772734,0.7592019544563768,-0.024086457665156047,0.0,-0.587785252292473,-0.8090169943749475,3.261552104997157,0.08516636996056626,0.9384357604096953,1.2155671279179248,1.6479856105318216,0.6558992949481381
2022-06-10,-0.0295424148114094,22.310384518295745,0.16783209829376133,-0.018674180997490908,-1.447782231080793,0.6558992949481381,-0.5656012777288082,-1.0139990241065355,-0.0295424148114094,0.0,-0.9510565162951536,0.30901699437494723,3.3232358401924436,0.06168373519528636,0.9465555021677412,1.1539185258156908,1.9279267901745718,1.2879769946761854
2022-06-13,-0.039539931990040245,22.452598332107005,0.14221381381126008,-0.023333317039181,-1.636364677643841,1.2879769946761854,0.6320776997280473,1.1976789774568555,-0.039539931990040245,0.0,0.0,1.0,3.526948600423438,0.2037127602309945,1.0044773445956714,1.1262273961798281,2.399123789900051,1.2888121478113346
2022-06-14,-0.0037808180394893753,22.363017606496367,-0.08958072561063801,-0.007478375714954493,0.35213282970716336,1.2888121478113346,0.000835153135149147,-0.6312425465928981,-0.0037808180394893753,0.0,0.9510565162951535,0.30901699437494745,3.487069178726604,-0.039879421696833894,1.0454583672823647,1.1428224757560315,2.2123307640958423,2.113650328438999
2022-06-15,0.014487058836534672,22.433540448171303,0.07052284167493639,0.006867859643900637,1.1446574724119907,2.113650328438999,0.8248381806276643,0.8240030274925152,0.0,0.014487058836534672,0.5877852522924732,-0.8090169943749473,3.388449837172988,-0.09861934155361629,1.3135678677103209,1.191214627652796,2.1106923435281497,1.3469569371033234
2022-06-16,-0.03305220711384038,22.454023634294007,0.0204831861227035,-0.016608989705793945,-1.074691385916552,1.3469569371033234,-0.7666933913356755,-1.5915315719633398,-0.03305220711384038,0.0,-0.587785252292473,-0.8090169943749475,3.494991284102976,0.10654144692998813,1.338659140595596,1.2166524776921068,2.3666748296876965,1.3556507636142228
2022-06-17,0.0021984473410121552,22.86576902859346,0.41174539429945156,0.0024357734993854198,0.6962778828754568,1.3556507636142228,0.008693826510899338,0.7753872178465748,0.0,0.0021984473410121552,-0.9510565162951536,0.30901699437494723,3.438171957494525,-0.056819326608450904,1.478609434328813,1.2107547448462834,2.172312583118124,0.8931842152038915
2022-06-21,0.02418247496067316,22.389511212944615,-0.47625781564884306,0.013229957229098619,1.5184665131363784,0.8931842152038915,-0.4624665484103313,-0.47116037492123064,0.0,0.02418247496067316,0.9510565162951535,0.30901699437494745,3.407510761408632,-0.030661196085893128,1.3996508784343544,1.1935727293979272,2.208211362107141,1.5218320425932992
2022-06-22,-0.0013024200953584142,22.344432695776693,-0.04507851716792288,0.006939116193221066,0.41783651162872526,1.5218320425932992,0.6286478273894077,1.091114375799739,-0.0013024200953584142,0.0,0.5877852522924732,-0.8090169943749473,3.365570230372698,-0.04194053103593376,1.4462548573907472,1.1521644852374462,2.0379077259795984,1.0516784763291025
2022-06-23,0.009487072485557135,22.352239674644277,0.007806978867584746,0.005553197360222774,0.7989078059745636,1.0516784763291025,-0.4701535662641967,-1.0988013936536043,0.0,0.009487072485557135,-0.587785252292473,-0.8090169943749475,3.3690184570349437,0.003448226662245535,1.233860486968768,1.1552927303242204,1.915645880772846,0.8548159802463814
2022-06-24,0.0301055397299006,22.81762801043496,0.4653883357906814,0.023273852400676226,1.3548425951861236,0.8548159802463814,-0.1968624960827211,0.2732910701814756,0.0,0.0301055397299006,-0.9510565162951536,0.30901699437494723,3.304319289874663,-0.06469916716028079,1.1354322955973795,1.1267329429717983,2.1116987566375656,0.6052762988583829
2022-06-27,-0.0029774998903402405,22.187749651293405,-0.6298783591415535,-0.00528072964297401,-0.13264390497513223,0.6052762988583829,-0.24953968138799854,-0.05267718530527743,-0.0029774998903402405,0.0,0.0,1.0,3.2939833256644473,-0.010335964210215653,0.9853574026462114,1.104229864253939,1.9618238675816464,1.7555584606486572
2022-06-28,-0.02034867314949551,22.174907767070742,-0.01284188422266297,-0.023648230968428288,-1.163459194045267,1.7555584606486572,1.1502821617902743,1.3998218431782727,-0.02034867314949551,0.0,0.9510565162951535,0.30901699437494745,3.344979723185491,0.05099639752104368,1.1578322517351647,1.134746669651611,1.9857148119635277,0.6866865557196667
2022-06-29,-0.0007119988201722549,22.16102297832781,-0.01388478874293142,-0.0016379059511773912,-0.15324925860496091,0.6866865557196667,-1.0688719049289905,-2.219154066719265,-0.0007119988201722549,0.0,0.5877852522924732,-0.8090169943749473,3.3379025258712374,-0.007077197314253603,0.9908031543604382,1.135511168303678,1.8356530789873984,1.502998092186088
2022-06-30,-0.008797866246368358,22.30019502058689,0.1391720422590801,-0.0001611617008350286,-0.46150815220002717,1.502998092186088,0.8163115364664212,1.8851834413954118,-0.008797866246368358,0.0,-0.587785252292473,-0.8090169943749475,3.3572454622441756,0.01934293637293827,1.0810670775318352,1.1572301172886643,1.7280994490352373,1.2557203777443582
2022-07-01,0.0104985112966407,22.12122934818018,-0.17896567240671146,0.011656233581150241,0.4182432931463072,1.2557203777443582,-0.24727771444172975,-1.063589250908151,0.0,0.0104985112966407,-0.9510565162951536,0.30901699437494723,3.284663593980715,-0.07258186826346069,1.1612479570314307,1.149755588871669,1.6380847375690604,1.5596301820559164
2022-07-05,0.001582875106192816,22.347905613495506,0.22667626531532648,0.010173168837847791,-0.17270750661794215,1.5596301820559164,0.30390980431155823,0.551187518753288,0.0,0.001582875106192816,0.9510565162951535,0.30901699437494745,3.3156395265440572,0.0309759325633423,1.3521187336709375,1.1632621881060201,1.4944927419060912,1.1131623872643437
2022-07-06,0.003566795705065573,22.208889563068578,-0.13901605042692822,0.0034127935098003624,0.10993823688656512,1.1131623872643437,-0.4464677947915727,-0.750377599103131,0.0,0.003566795705065573,0.5877852522924732,-0.8090169943749473,3.285786513025363,-0.029853013518694294,1.2236395189940745,1.1869698929206123,1.3665008944848798,0.6300160259523679
2022-07-07,0.0148537231809307,22.12389939882362,-0.08499016424495665,0.011278915548653205,0.8086138811674561,0.6300160259523679,-0.48314636131197575,-0.03667856652040302,0.0,0.0148537231809307,-0.587785252292473,-0.8090169943749475,3.261168734133071,-0.024617778892292108,1.2123054130406148,1.169429333083271,1.3894275345485219,0.8748961934568935
2022-07-08,-0.0008306163961275814,21.982186948241015,-0.14171245058260595,0.0028557767841266286,-0.2578757383488084,0.8748961934568935,0.24488016750452557,0.7280265288165013,-0.0008306163961275814,0.0,-0.9510565162951536,0.30901699437494723,3.2043711138945574,-0.056797620238513424,1.086685033294776,1.1594764358965581,1.261622501861125,0.44640917809309494
2022-07-11,-0.01159441766052538,21.95392341482584,-0.02826353341517418,-0.006854258810948996,-0.9795870524657719,0.44640917809309494,-0.4284870153637986,-0.6733671828683241,-0.01159441766052538,0.0,0.0,1.0,3.264613719457375,0.0602426055628178,0.9248227933645232,1.1439195955057901,1.2579404430618824,1.193785222406248
2022-07-12,-0.009286868497493828,22.062785626487173,0.10886221166133225,-0.00864325097744627,-0.6760923625566567,1.193785222406248,0.747376044313153,1.1758630596769515,-0.009286868497493828,0.0,0.9510565162951535,0.30901699437494745,3.3065203682683353,0.04190664881096007,0.8516538014345896,1.142599816921471,1.2114073936033216,1.2603687585011318
2022-07-13,-0.004466864111815738,22.1365404361913,0.07375480970412696,0.005832702252777381,-0.4601378054961338,1.2603687585011318,0.06658353609488388,-0.6807925082182691,-0.004466864111815738,0.0,0.5877852522924732,-0.8090169943749473,3.289147866474868,-0.017372501793467165,0.8810950756819473,1.1713840770906614,1.1149251589835127,1.3394233683986667
2022-07-14,-0.0030031388127653713,22.15827655022598,0.02173611403468101,0.006986684626432166,-0.26174191187541074,1.3394233683986667,0.07905460989753488,0.012471073802651,-0.0030031388127653713,0.0,-0.587785252292473,-0.8090169943749475,3.2733639957026597,-0.01578387077220844,1.022976544171207,1.1738339044107795,1.0258915614135897,0.4438949178584145
2022-07-15,0.01901923165863373,22.14487907843198,-0.013397471794000637,0.011758753358485951,1.6829146277659432,0.4438949178584145,-0.8955284505402522,-0.9745830604377871,0.0,0.01901923165863373,-0.9510565162951536,0.30901699437494723,3.1875915159360004,-0.08577247976665925,0.9367762890515111,1.1335997506034976,1.2603980567662303,1.276333046190429
2022-07-18,-0.008398742485836053,22.12120958001138,-0.023669498420598956,-0.013724754877813411,-0.8457569894930111,1.276333046190429,0.8324381283320145,1.7279665788722667,-0.008398742485836053,0.0,0.0,1.0,3.2308043655777645,0.043212849641764084,1.102761062670978,1.0937274990678514,1.2356097081879902,0.767565889622933
2022-07-19,0.027253517643730518,22.119775345585115,-0.0014342344262665563,0.019483974111941495,1.8492370795905473,0.767565889622933,-0.5087671565674959,-1.3412052848995104,0.0,0.027253517643730518,0.9510565162951535,0.30901699437494745,3.1986731175506815,-0.032131248027083004,1.017517196114315,1.066137449187833,1.5413763399632296,0.8490967948184494
2022-07-20,0.005878493941057883,22.15484422314538,0.035068877560263445,0.006226530353359174,0.2206205678353279,0.8490967948184494,0.08153090519551631,0.5902980617630122,0.0,0.005878493941057883,0.5877852522924732,-0.8090169943749473,3.1730412533806236,-0.025631864170057916,0.9352628033777786,1.0420158316261292,1.454296361752976,1.0827782375619552
2022-07-21,0.009813066689504879,22.142218560877836,-0.012625662267542026,0.01093239078280468,0.5718599710612906,1.0827782375619552,0.23368144274350588,0.15215053754798957,0.0,0.009813066689504879,-0.587785252292473,-0.8090169943749475,3.1402654506970014,-0.032775802683622235,0.8839337772104363,1.051044118405085,1.410378014021078,1.1757992931254473
2022-07-22,-0.009376287293813235,22.104356683486007,-0.03786187739182978,-0.009246239818365021,-0.8173314397180179,1.1757992931254473,0.09302105556349205,-0.14066038718001384,-0.009376287293813235,0.0,-0.9510565162951536,0.30901699437494723,3.1367977436478562,-0.003467707049145119,1.030314652263843,1.0345663684304252,1.3649453780472658,0.5683651158034552
2022-07-25,0.0013143029733058142,21.995366338884292,-0.10899034460171464,0.000282410013077997,-0.12387083958766218,0.5683651158034552,-0.6074341773219921,-0.7004552328854842,0.0,0.0013143029733058142,0.0,1.0,3.1510251840880894,0.014227440440233163,0.8887210661864481,1.0115514465006323,1.273528491329643,0.5707062868308684
2022-07-26,-0.011610342599263745,22.05271203047736,0.057345691593067016,-0.008170941758030624,-1.1079014746401776,0.5707062868308684,0.002341171027413269,0.6097753483494054,-0.011610342599263745,0.0,0.9510565162951535,0.30901699437494745,3.206398324987611,0.05537314089952172,0.8493491456280351,0.9980224134808461,1.267481882976524,1.0802848036015102
2022-07-27,0.025820048778628646,22.137219138703454,0.08450710822609508,0.018102014895131337,1.3924765255564868,1.0802848036015102,0.5095785167706418,0.5072373457432285,0.0,0.025820048778628646,0.5877852522924732,-0.8090169943749473,3.1458749221350946,-0.06052340285251656,0.8955867473846473,1.0206418660876617,1.5049715672045478,1.3282738611908993
2022-07-28,0.012060319791912022,22.207820567460423,0.0706014287569694,0.011434268397462198,0.34268833777550517,1.3282738611908993,0.24798905758938905,-0.26158945918125276,0.0,0.012060319791912022,-0.587785252292473,-0.8090169943749475,3.1059310624354097,-0.039943859699684836,0.9446858721104361,1.0002949803991972,1.4719044004282198,0.8226673463243607
2022-07-29,0.014107775781754484,22.252872352929185,0.045051785468761096,0.01045566762467044,0.5348797587374732,0.8226673463243607,-0.5056065148665386,-0.7535955724559277,0.0,0.014107775781754484,-0.9510565162951536,0.30901699437494723,3.0601145289064218,-0.04581653352898796,0.8740594827502187,1.0067702561422776,1.4614137147355977,0.8343672879643093
2022-08-01,-0.002827076544916096,22.159019186380135,-0.0938531665490494,0.00151864749992024,-0.7570533381362173,0.8343672879643093,0.011699941639948586,0.5173064565064872,-0.002827076544916096,0.0,0.0,1.0,3.12851339146854,0.06839886256211836,0.9272599171823895,0.9749306940364787,1.380702291109024,1.024758424203285
2022-08-02,-0.006684688378872039,22.276706778663126,0.11768759228299075,-0.0031773996730918735,-0.886467586478284,1.024758424203285,0.19039113623897574,0.17869119459902716,-0.006684688378872039,0.0,0.9510565162951535,0.30901699437494745,3.175132914673135,0.04661952320459495,1.0180703446568728,0.963932505772618,1.3170414003786075,0.7324467085282248
2022-08-03,0.015517456270091046,22.193846198150368,-0.08286058051275802,0.011426777817742121,0.8601762620476345,0.7324467085282248,-0.2923117156750602,-0.48270285191403595,0.0,0.015517456270091046,0.5877852522924732,-0.8090169943749473,3.0887671742792415,-0.08636574039389355,0.9485027256422158,0.9245428165570136,1.3507615689396524,0.438814244933618
2022-08-04,-0.0007776424495844481,22.177994247007682,-0.015851951142686005,-0.0007006692971349913,-0.36484385625041,0.438814244933618,-0.2936324635946068,-0.0013207479195466165,-0.0007776424495844481,0.0,-0.587785252292473,-0.8090169943749475,3.065258361112005,-0.023508813167236742,0.7706108023907595,0.8924310002555506,1.266377133083558,0.6164608749521745
2022-08-05,-0.0016270690189177373,22.130817649190956,-0.04717659781672623,0.0070983498778939,-0.5246451917768616,0.6164608749521745,0.17764663001855652,0.47127909361316334,-0.0016270690189177373,0.0,-0.9510565162951536,0.30901699437494723,3.051639887455893,-0.013618473656111796,0.7293695081163223,0.891785516874589,1.1870462551526713,0.9511807723344923
2022-08-08,-0.0012383171221213018,22.16335922571799,0.032541576527034266,-0.0038259776345379117,-0.4655961811125138,0.9511807723344923,0.3347198973823178,0.15707326736376126,-0.0012383171221213018,0.0,0.0,1.0,3.058237521908081,0.006597634452187862,0.7527322049903589,0.8954181158687604,1.1106105668951767,0.4013931837752495
2022-08-09,-0.004257744235927063,22.087593180421294,-0.07576604529669595,-0.0025775667433419057,-0.8472941694201755,0.4013931837752495,-0.5497875885592427,-0.8845074859415605,-0.004257744235927063,0.0,0.9510565162951535,0.30901699437494745,3.080532896273726,0.022295374365645326,0.6280591569047518,0.8932744970917202,1.049837173196655,0.36984566075437114
2022-08-10,0.021067158460407853,22.237515762330347,0.1499225819090526,0.006964468284181337,1.6541271785280733,0.36984566075437114,-0.031547523020878376,0.5182400655383643,0.0,0.021067158460407853,0.5877852522924732,-0.8090169943749473,2.982647022410511,-0.09788587386321534,0.5555389473499811,0.8540392798702023,1.2474316635836193,0.8967746732029969
2022-08-11,-0.0007057229222020567,22.25586590087186,0.018350138541514127,-0.0047731378268351665,-0.4069358151286572,0.8967746732029969,0.5269290124486257,0.558476535469504,-0.0007057229222020567,0.0,-0.587785252292473,-0.8090169943749475,3.0056826421764384,0.023035619765927606,0.6471310330038569,0.8367252758083862,1.1747127385157672,0.6085646824079871
2022-08-12,0.017174046951492272,22.055106652446273,-0.20075924842558734,0.012964033743970762,1.339856330949735,0.6085646824079871,-0.28820999079500975,-0.8151390032436354,0.0,0.017174046951492272,-0.9510565162951536,0.30901699437494723,2.971951780047087,-0.03373086212935128,0.6455517944950194,0.8019224812374015,1.2525158100991634,0.6227586748641518
2022-08-15,0.003961684056234205,22.0307415328845,-0.024365119561771564,0.006483414128592922,-0.028387288233047918,0.6227586748641518,0.014193992456164706,0.30240398325117446,0.0,0.003961684056234205,0.0,1.0,2.993229181578451,0.021277401531363704,0.5798673750009512,0.8104398029995794,1.1836975320221204,0.7513445510033647
2022-08-16,0.0018739228259470053,22.188791807888894,0.15805027500439195,0.003429695580312831,-0.35042470376270074,0.7513445510033647,0.1285858761392129,0.1143918836830482,0.0,0.0018739228259470053,0.9510565162951535,0.30901699437494745,2.980110919774326,-0.013118261804125009,0.6498576484465743,0.7854403508478145,1.1105927774578281,0.806371742463369
2022-08-17,-0.007264114867647109,22.080396543001328,-0.1083952648875659,-0.00148691544895353,-1.1013551154170498,0.806371742463369,0.05502719146000423,-0.07355868467920867,-0.007264114867647109,0.0,0.5877852522924732,-0.8090169943749473,2.9907197125611136,0.010608792786787724,0.7371628647883739,0.787288248602121,1.084026237637061,0.4809497090232743
2022-08-18,0.0022669896063849393,21.929335441748965,-0.15106110125236327,0.0024799621485852214,-0.09456654842837305,0.4809497090232743,-0.3254220334400947,-0.3804492249000989,0.0,0.0022669896063849393,-0.587785252292473,-0.8090169943749475,2.973486637303112,-0.017233075258001662,0.6539978719524294,0.7697574349928269,1.024883143173884,0.5685477696396198
2022-08-19,-0.012983928713039106,22.04804111410347,0.1187056723545048,-0.008906712947015153,-1.4459867330738265,0.5685477696396198,0.08759806061634556,0.41302009405644025,-0.012983928713039106,0.0,-0.9510565162951536,0.30901699437494723,3.025291094313483,0.05180445701037106,0.6459944893987559,0.7452702698536681,1.088173881412392,0.7087388774021924
2022-08-22,-0.0216323664664948,22.086145706087933,0.03810459198446381,-0.013702209348292735,-1.6881440596156783,0.7087388774021924,0.1401911077625726,0.052593047146227034,-0.0216323664664948,0.0,0.0,1.0,3.169685548621149,0.14439445430766584,0.6631905299063641,0.7230292976763701,1.2735158153393957,0.6066261043029819
2022-08-23,-0.0022403704344373665,22.06443730150588,-0.021708404582053475,-0.001055424538109965,-0.18795952221050086,0.6066261043029819,-0.10211277309921052,-0.24230388086178312,-0.0022403704344373665,0.0,0.9510565162951535,0.30901699437494745,3.182626717508366,0.012941168887217191,0.6342468405662876,0.724851249509681,1.205915424409636,0.5875199393707469
2022-08-24,0.0029119166987232603,21.999642090401732,-0.06479521110414765,0.0034401061456417648,0.4351974925150813,0.5875199393707469,-0.019106164932235048,0.08300660816697547,0.0,0.0029119166987232603,0.5877852522924732,-0.8090169943749473,3.1276373310607575,-0.054989386447608535,0.5904764799477631,0.7256518996306276,1.1493295398930243,0.5820559050108732
2022-08-25,0.013993241836107728,21.994954297747345,-0.004687792654387124,0.010981495831310459,1.2197622262586947,0.5820559050108732,-0.005464034359873637,0.01364213057236141,0.0,0.013993241836107728,-0.587785252292473,-0.8090169943749475,3.0809921490312377,-0.04664518202951973,0.6106977191452828,0.7019267139834544,1.1864132404824521,1.2974248437058882
2022-08-26,-0.03426857631703939,22.066848398415747,0.07189410066840196,-0.034178104983424586,-2.0387130608348136,1.2974248437058882,0.7153689386950149,0.7208329730548886,-0.03426857631703939,0.0,-0.9510565162951536,0.30901699437494723,3.241028608615061,0.1600364595838233,0.7564731339585365,0.7004577131508348,1.6324131208191768,0.7952140927625316
2022-08-29,-0.006688675197326077,21.946014271092988,-0.12083412732275889,-0.0009844705288846799,-0.020672580854588903,0.7952140927625316,-0.5022107509433565,-1.2175796896383715,-0.006688675197326077,0.0,0.0,1.0,3.266140982404855,0.025112373789793807,0.7737681770306043,0.6991504153621764,1.5320805294799091,1.1206394704047842
2022-08-30,-0.011089416492115589,22.067659497211928,0.12164522611893958,-0.013725710629735608,-0.25013401695938137,1.1206394704047842,0.32542537764225254,0.8276361285856091,-0.011089416492115589,0.0,0.9510565162951535,0.30901699437494745,3.266140982404855,0.0,0.8765708502509648,0.712782424049818,1.4790113057607197,0.8101327920865771
2022-08-31,-0.007847738208154098,22.23674115702139,0.1690816598094642,-0.011481226345735462,-0.006629977770571345,0.8101327920865771,-0.3105066783182071,-0.6359320559604597,-0.007847738208154098,0.0,0.5877852522924732,-0.8090169943749473,3.253084028638347,-0.013056953766507728,0.9210934207941308,0.7025621558537842,1.4155604915366315,1.0980307444199806
2022-09-01,0.002991752267195835,22.146916193184214,-0.08982496383717731,0.007621928975384825,0.7843462110982307,1.0980307444199806,0.28789795233340354,0.5984046306516106,0.0,0.002991752267195835,-0.587785252292473,-0.8090169943749475,3.241028608615061,-0.012055420023286079,1.0242883886759524,0.7199709194676774,1.3461247993214225,1.6702929702171774
2022-09-02,-0.010794552570724036,22.02232606926933,-0.124590123914885,-0.017780646295388586,-0.24587695033513696,1.6702929702171774,0.5722622257971968,0.2843642734637932,-0.010794552570724036,0.0,-0.9510565162951536,0.30901699437494723,3.237501262032374,-0.003527346582687052,1.0988620139782102,0.7786127635287993,1.3247191746051945,0.9414727935590653
2022-09-06,-0.004103464690896175,22.140898968864263,0.118572899594934,-0.005791499793782723,0.12778912527023184,0.9414727935590653,-0.728820176658112,-1.3010824024553087,-0.004103464690896175,0.0,0.9510565162951535,0.30901699437494745,3.29249795906851,0.054996697036135966,1.128113754137517,0.7940895215576989,1.268369576960364,0.9586532057364757
2022-09-07,0.018174848666170362,22.081757253661262,-0.059141715203001155,0.017857619057948852,1.4858364677117222,0.9586532057364757,0.017180412177410398,0.7460005888355224,0.0,0.018174848666170362,0.5877852522924732,-0.8090169943749473,3.2043711138945574,-0.08812684517395253,1.0957165012038552,0.794445351719698,1.3392979541916021,0.9182126288953476
2022-09-08,0.006588966880441305,22.10123816606723,0.019480912405967388,0.011609292931978396,0.6626202406171672,0.9182126288953476,-0.04044057684112812,-0.057620989018538515,0.0,0.006588966880441305,-0.587785252292473,-0.8090169943749475,3.1616703769488215,-0.04270073694573595,1.1173324685656092,0.8190558014873217,1.2937623766967994,0.6472083847543239
2022-09-09,0.015156014981211996,22.08473970255551,-0.01649846351172002,0.010981202704593327,1.216126844613979,0.6472083847543239,-0.27100424414102375,-0.23056366729989564,0.0,0.015156014981211996,-0.9510565162951536,0.30901699437494723,3.12632188342992,-0.03534849351890168,1.027167996632478,0.8322635502492243,1.3170482034531292,0.46081817408105535
2022-09-12,0.010528651483996398,22.06199678139687,-0.022742921158638296,0.006526743464599922,0.8474579268812747,0.46081817408105535,-0.1863902106732685,0.08461403346775526,0.0,0.010528651483996398,0.0,1.0,3.1726224755092383,0.04630059207931847,0.7852730374052536,0.8115037169577032,1.2959880384591587,1.2588408758484788
2022-09-13,-0.044199163031974464,22.16417858344405,0.10218180204717697,-0.026207940294834066,-2.3116528376721535,1.2588408758484788,0.7980227017674235,0.984412912440692,-0.044199163031974464,0.0,0.9510565162951535,0.30901699437494745,3.3057872136438435,0.13316473813460528,0.8487466538631363,0.8424692499786789,1.9296746529494266,0.8898323076275286
2022-09-14,0.003381289078845384,22.180307529820702,0.01612894637665363,0.0013389639045435064,0.24591264384498032,0.8898323076275286,-0.3690085682209502,-1.1670312699883736,0.0,0.003381289078845384,0.5877852522924732,-0.8090169943749473,3.2642315207561277,-0.04155569288771588,0.834982474241347,0.8551870420150303,1.816456874203919,1.1780882680941775
2022-09-15,-0.011382272168150465,22.214332290862348,0.0340247610416462,-0.007929775017644127,-0.554902432131351,1.1780882680941775,0.2882559604666489,0.6572645286875991,-0.011382272168150465,0.0,-0.587785252292473,-0.8090169943749475,3.268427621122788,0.004196100366660183,0.8869576020811127,0.8755081714003071,1.756890782338291,0.7945235443192332
2022-09-16,-0.007208049775663028,22.797022500408097,0.5826902095457491,-0.001965334104715535,-0.2669334117019735,0.7945235443192332,-0.3835647237749443,-0.6718206842415932,-0.007208049775663028,0.0,-0.9510565162951536,0.30901699437494723,3.269568910174614,0.0011412890518260888,0.9164206339940948,0.8749439714886816,1.6784609074085814,0.7993440865608011
2022-09-19,0.00683369772470499,22.04950494564397,-0.7475175547641264,0.012898571490964671,0.4139412831222814,0.7993440865608011,0.0048205422415679156,0.38838526601651224,0.0,0.00683369772470499,0.0,1.0,3.248822910121317,-0.020746000053296854,0.9841258164900439,0.8901056085142781,1.609421946635934,0.8339575968126947
2022-09-20,-0.011336114736598901,22.123968399861113,0.07446345421714184,-0.004992805514392478,-0.545545036887139,0.8339575968126947,0.03461351025189352,0.029792968010325604,-0.011336114736598901,0.0,0.9510565162951535,0.30901699437494745,3.3017452970723844,0.052922386951067324,0.899149160682887,0.902744171712996,1.5690977921102407,1.7090983350585633
2022-09-21,-0.017264674098507626,22.128953428090462,0.004985028229349098,-0.021268642274591187,-0.7060433433072242,1.7090983350585633,0.8751407382458687,0.8405272279939752,-0.017264674098507626,0.0,0.5877852522924732,-0.8090169943749473,3.3318472953500904,0.030101998277705988,1.063002366169094,0.9503803363632993,1.5809778375918613,0.665558044469061
2022-09-22,-0.008463293830454077,22.178293035980786,0.049339607890324544,-0.0064639444390985545,-0.12113100970166131,0.665558044469061,-1.0435402905895024,-1.918681028835371,-0.008463293830454077,0.0,-0.587785252292473,-0.8090169943749475,3.308716542815695,-0.023130752534395338,0.9604963214440707,0.9531866192283507,1.5287981443404346,1.4183458146812262
2022-09-23,-0.017382828767329883,22.36114931103458,0.1828562750537941,-0.009139746062383174,-0.4976637818102006,1.4183458146812262,0.7527877702121653,1.7963280608016676,-0.017382828767329883,0.0,-0.9510565162951536,0.30901699437494723,3.398527155656208,0.08981061284051295,1.0852607755164692,0.9927497561478973,1.5510248402409186,1.2792534935546847
2022-09-26,-0.010394360890281007,22.30966846287125,-0.05148084816332954,-0.007544553896415591,0.09736866678478728,1.2792534935546847,-0.13909232112654157,-0.8918800913387068,-0.010394360890281007,0.0,0.0,1.0,3.4738280206677126,0.07530086501150457,1.1812426569152459,1.0259496413166502,1.524026099334397,1.6900280947098074
2022-09-27,-0.0021226109548244665,22.244471263722886,-0.06519719914836486,-0.01067677003377778,0.6712136746278561,1.6900280947098074,0.41077460115512276,0.5498669222816643,-0.0021226109548244665,0.0,0.9510565162951535,0.30901699437494745,3.4843122415665593,0.010484220898846708,1.3524567564946686,1.0446450342215987,1.4611088842759146,1.4545309515861609
2022-09-28,0.0194811441811531,22.267599735261918,0.023128471539031636,0.018207063768506063,2.228448150856831,1.4545309515861609,-0.23549714312364656,-0.6462717442787693,0.0,0.0194811441811531,0.5877852522924732,-0.8090169943749473,3.4071794634515578,-0.07713277811500152,1.301543279800188,1.076041075117962,1.52239316439621,1.2574092441057414
2022-09-29,-0.021352794823098264,22.26695062445698,-0.000649110804936015,-0.012703047984319513,-1.1705628642959616,1.2574092441057414,-0.19712170748041946,0.038375435643227096,-0.021352794823098264,0.0,-0.587785252292473,-0.8090169943749475,3.4607233657685157,0.053543902316957936,1.419913519727524,1.0825539214846744,1.5695949388333466,1.4890397024440838
2022-09-30,-0.015181351546209143,22.45409980594241,0.18714918148542736,-0.013259426750760034,-0.5921011703749659,1.4890397024440838,0.2316304583383424,0.42875216581876185,-0.015181351546209143,0.0,-0.9510565162951536,0.30901699437494723,3.4537898583225464,-0.0069335074459693224,1.4340522972800955,1.114882821977889,1.5851747286752935,1.3790612137135168
2022-10-03,0.02555457753092938,22.293272454264404,-0.16082735167800521,0.018839175354076487,1.9684986178941406,1.3790612137135168,-0.10997848873056704,-0.34160894706890943,0.0,0.02555457753092938,0.0,1.0,3.404525184428243,-0.049264673894303446,1.4540138413118622,1.1282652252775813,1.6614771536782655,0.6161701212416967
2022-10-04,0.030125341416800566,22.361598253549214,0.06832579928481053,0.017152642679465605,1.6417545206809612,0.6161701212416967,-0.7628910924718201,-0.652912603741253,0.0,0.030125341416800566,0.9510565162951535,0.30901699437494745,3.3697067040728217,-0.03481848035542123,1.23924224661824,1.0780688991358915,1.797877909925357,1.50294729758219
2022-10-05,-0.0020199875589383964,22.18029355426395,-0.18130469928526338,0.007969234677139172,-0.09911242461409875,1.50294729758219,0.8867771763404934,1.6496682688123134,-0.0020199875589383964,0.0,0.5877852522924732,-0.8090169943749473,3.3516569093790958,-0.018049794693725918,1.248925515817446,1.1048057802798499,1.707578824988956,1.0037270408169083
2022-10-06,-0.010297922911394863,22.170678815729048,-0.009614738534903466,-0.007303960556162983,-0.531249143226181,1.0037270408169083,-0.4992202567652817,-1.385997433105775,-0.010297922911394863,0.0,-0.587785252292473,-0.8090169943749475,3.4183822214150656,0.06672531203596987,1.198189075159679,1.1069521533789182,1.667967650051036,1.211407065880208
2022-10-07,-0.02840319653147816,22.216093525935943,0.04541471020689514,-0.018262534952182167,-1.3406819570731239,1.211407065880208,0.20768002506329974,0.7069002818285814,-0.02840319653147816,0.0,-0.9510565162951536,0.30901699437494723,3.4455332149449482,0.027150993529882594,1.142662547846904,1.1209137932353401,1.7921231213387308,1.097544825999034
2022-10-10,-0.007520673133653233,22.067257942093196,-0.14883558384274664,-0.009675172281333445,-0.3177587034071668,1.097544825999034,-0.11386223988117417,-0.3215422649444739,-0.007520673133653233,0.0,0.0,1.0,3.47970046666133,0.034167251716381575,1.0863592703040073,1.1423583856755644,1.7319923373278754,1.411376355931724
2022-10-11,-0.006540518412323948,22.283309703120988,0.2160517610277921,-0.0019541585798657345,-0.24568284310568164,1.411376355931724,0.31383152993269015,0.4276937698138643,-0.006540518412323948,0.0,0.9510565162951535,0.30901699437494745,3.5154185575129637,0.03571809085163391,1.2454005172420128,1.1876230610017866,1.670114717185749,0.6353561435751913
2022-10-12,-0.0032961996501654767,22.111266242195065,-0.1720434609259236,-0.0038505399580967435,0.03205519555182675,0.6353561435751913,-0.7760202123565327,-1.0898517422892229,-0.0032961996501654767,0.0,0.5877852522924732,-0.8090169943749473,3.513632801901214,-0.00178575561174954,1.071882286440613,1.1579333118459159,1.6294184211982856,2.8123685239672085
2022-10-13,0.025634259307631524,22.337030376217147,0.22576413402208217,0.041600983645309654,1.2647105194720731,2.8123685239672085,2.177012380392017,2.9530325927485497,0.0,0.025634259307631524,-0.587785252292473,-0.8090169943749475,3.463859159507518,-0.04977364239369608,1.4336105830706731,1.2494826554811387,1.6866365842322386,1.7949339648460225
2022-10-14,-0.02394712074452876,22.16854347384629,-0.16848690237085506,-0.029517545263709838,-1.1591896514226223,1.7949339648460225,-1.017434559121186,-3.194446939513203,-0.02394712074452876,0.0,-0.9510565162951536,0.30901699437494723,3.4663607218647483,0.0025015623572302026,1.550315962863836,1.2788562600883695,1.7244746644963693,0.7251780495409736
2022-10-17,0.02613552455756185,22.19408055861156,0.025537084765268503,0.010742811572559909,1.2645542265060954,0.7251780495409736,-1.0697559153050489,-0.05232135618386291,0.0,0.02613552455756185,0.0,1.0,3.4458520489553246,-0.02050867290942371,1.4758426075722242,1.275554093670357,1.7941185144096254,1.3801100315923909
2022-10-18,0.01136276820708737,22.22372335675531,0.029642798143751037,-0.007039724911790042,0.7217513464121396,1.3801100315923909,0.6549319820514172,1.724687897356466,0.0,0.01136276820708737,0.9510565162951535,0.30901699437494745,3.417726683613366,-0.02812536534195864,1.4695893427043574,1.3032096148623376,1.7443289017394814,1.1794963387764392
2022-10-19,-0.006694455239685482,22.1640010339813,-0.059722322774010905,-0.002149204706432142,-0.23543643327068572,1.1794963387764392,-0.20061369281595165,-0.8555456748673689,-0.006694455239685482,0.0,0.5877852522924732,-0.8090169943749473,3.4262151520783353,0.008488468464969312,1.578417381744607,1.3196638406701349,1.6924592801392817,1.470396551765848
2022-10-20,-0.007982686738765565,22.226591840608684,0.0625908066273837,-0.006327840869567302,-0.3195992821233574,1.470396551765848,0.2909002129894087,0.49151390580536036,-0.007982686738765565,0.0,-0.587785252292473,-0.8090169943749475,3.400530477405483,-0.025684674672852292,1.3100229873043348,1.3082970890847674,1.6495182798298975,1.3698177303433203
2022-10-21,0.023447759860447448,22.348187258976555,0.12159541836787113,0.025818394243416604,1.1732625892263362,1.3698177303433203,-0.10057882142252761,-0.3914790344119363,0.0,0.023447759860447448,-0.9510565162951536,0.30901699437494723,3.3908103067634627,-0.009720170642020243,1.2249997404037942,1.3418332646025892,1.683745658051464,1.155996199469793
2022-10-24,0.011811940205111782,22.280974570746064,-0.06721268823049087,0.009347453131548252,0.3977604452451181,1.155996199469793,-0.2138215308735274,-0.11324270945099979,0.0,0.011811940205111782,0.0,1.0,3.396184852618166,0.0053745458547034275,1.3111633703895582,1.3293404257829973,1.6846871779780437,0.657074632405174
2022-10-25,0.01613577001587352,22.300824978297157,0.01985040755109324,0.015582942749320785,0.5237073982507835,0.657074632405174,-0.4989215670646189,-0.2851000361910915,0.0,0.01613577001587352,0.9510565162951535,0.30901699437494745,3.34849956049279,-0.04768529212537631,1.166556290552115,1.2997128609663537,1.6800318683058175,1.1362130751278037
2022-10-26,-0.007415140398988385,22.29548151813929,-0.005343460157867241,0.0012094521374947265,-0.8255385044908717,1.1362130751278037,0.4791384427226296,0.9780600097872485,-0.007415140398988385,0.0,0.5877852522924732,-0.8090169943749473,3.3061538581455507,-0.04234570234723911,1.1578996378223878,1.2733407171767346,1.6665273607057223,0.9357008046926865
2022-10-27,-0.006101185053184466,22.268126827718984,-0.027354690420306582,-0.0071682925252452975,-0.598562203350066,0.9357008046926865,-0.2005122704351172,-0.6796507131577468,-0.006101185053184466,0.0,-0.587785252292473,-0.8090169943749475,3.310177960991249,0.00402410284569843,1.0509604884077555,1.2486345197056168,1.6547098407392085,0.9665703882136825
2022-10-28,0.024328036770855377,22.218282307456416,-0.04984452026256747,0.02407593162423572,1.1093522448885407,0.9665703882136825,0.030869583520996002,0.23138185395611321,0.0,0.024328036770855377,-0.9510565162951536,0.30901699437494723,3.248434627109745,-0.0617433338815041,0.970311019981828,1.2347850503774236,1.6772999115528566,0.5340321831957244
2022-10-31,-0.007482327030336577,22.296168387649537,0.07788608019312093,-0.0025458702135877495,-0.9286252497739897,0.5340321831957244,-0.43253820501795803,-0.46340778853895404,-0.007482327030336577,0.0,0.0,1.0,3.2534704372048244,0.005035810095079363,0.8459182167270143,1.1893085018417875,1.654713998677494,1.0005820593899546
2022-11-01,-0.00410966372035837,22.223158936414627,-0.07300945123490976,-0.01177909686237094,-0.562831366882068,1.0005820593899546,0.46654987619423016,0.8990880812121882,-0.00410966372035837,0.0,0.9510565162951535,0.30901699437494745,3.2507619930386347,-0.0027084441661897607,0.9146197021239704,1.1712856849692368,1.6428489019263948,1.994523088112662
2022-11-02,-0.025319843737483083,22.312296939806973,0.08913800339234612,-0.024489594549176225,-1.6629696458566805,1.994523088112662,0.9939410287227075,0.5273911525284773,-0.025319843737483083,0.0,0.5877852522924732,-0.8090169943749473,3.2526973969458597,0.0019354039072250195,1.086281704720942,1.236921540534521,1.653774736226602,0.9703888495028904
2022-11-03,-0.010642422531956797,22.254804908863974,-0.05749203094299915,-0.0035850988775591856,-0.7354153307217625,0.9703888495028904,-1.0241342386097716,-2.0180752673324793,-0.010642422531956797,0.0,-0.587785252292473,-0.8090169943749475,3.2308043655777645,-0.021893031368095173,1.0932193136829826,1.2115616144355066,1.6497955862899067,1.6478002590777487
2022-11-04,0.013526823285562983,22.409698123479608,0.1548932146156332,0.0009472781169590933,0.8562104984939395,1.6478002590777487,0.6774114095748583,1.7015456481846298,0.0,0.013526823285562983,-0.9510565162951536,0.30901699437494723,3.200711823163566,-0.030092542414198675,1.2294652878557961,1.2422317676860228,1.6418502576382008,0.8135972785667285
2022-11-07,0.009568061679360085,22.191513387529834,-0.21818473594977306,0.006877141693307056,0.6181533637311474,0.8135972785667285,-0.8342029805110203,-1.5116143900858785,0.0,0.009568061679360085,0.0,1.0,3.1925318651947063,-0.008179957968859508,1.2853783069299969,1.2232884444806191,1.6349677437231973,1.340458203989867
2022-11-08,0.0055822828287599435,22.250981632505116,0.05946824497528169,0.0029012182880602685,0.4504494388449461,1.340458203989867,0.5268609254231384,1.3610639059341587,0.0,0.0055822828287599435,0.9510565162951535,0.30901699437494745,3.2402458864511954,0.04771402125648905,1.3533535358499793,1.2348557481944684,1.6248543374267406,0.928565286444441
2022-11-09,-0.020996784712302485,22.25905936227771,0.008077729772594466,-0.0165014103343419,-1.2167333108320344,0.928565286444441,-0.4118929175454259,-0.9387538429685643,-0.020996784712302485,0.0,0.5877852522924732,-0.8090169943749473,3.261552104997157,0.02130621854596182,1.140161975516335,1.21186474488555,1.6313013258792615,0.9036319907934156
2022-11-10,0.05395251566479686,22.477887489126214,0.2188281268485035,0.02468830999280014,2.141323437393554,0.9036319907934156,-0.024933295651025422,0.3869596218944005,0.0,0.05395251566479686,-0.587785252292473,-0.8090169943749475,3.158276231920975,-0.10327587307618202,1.1268106037744403,1.224639785229275,1.7472035760171438,0.8992348550111422
2022-11-11,0.009198312304770084,22.444837077854547,-0.033050411271666746,0.007342309268458247,0.30674974713426706,0.8992348550111422,-0.004397135782273409,0.020536159868752013,0.0,0.009198312304770084,-0.9510565162951536,0.30901699437494723,3.1144038235984732,-0.04387240832250194,0.9770975229611188,1.1335381819456527,1.7370986409090594,0.8751161709050169
2022-11-14,-0.008975940544917904,22.241011616762787,-0.20382546109176047,-0.0052222919767226745,-0.49628262526021005,0.8751161709050169,-0.024118684106125277,-0.019721548323851867,-0.008975940544917904,0.0,0.0,1.0,3.1667400511571677,0.05233622755869449,0.9894013014287765,1.0897373346151287,1.7344669211823447,1.3211722246142932
2022-11-15,0.008675376414668534,22.33576107120559,0.0947494544428018,-0.0036708405509809578,0.23253624938265358,1.3211722246142932,0.44605605370927626,0.47017473781540153,0.0,0.008675376414668534,0.9510565162951535,0.30901699437494745,3.2003044765903175,0.03356442543314975,0.9855441055536618,1.11811800961862,1.718831534135332,0.42734820701849807
2022-11-16,-0.008286283111873516,22.15005894058626,-0.1857021306193296,-0.004544089257811358,-0.6532318382529518,0.42734820701849807,-0.8938240175957951,-1.3398800713050714,-0.008286283111873516,0.0,0.5877852522924732,-0.8090169943749473,3.182626717508366,-0.01767775908195146,0.8853006896684732,1.0727483989246251,1.7117757126857769,0.7436995616839316
2022-11-17,-0.0030941046442301,22.122422127929955,-0.027636812656304244,0.006941465278747687,-0.44882484781602916,0.7436995616839316,0.3163513546654335,1.2101753722612285,-0.0030941046442301,0.0,-0.587785252292473,-0.8090169943749475,3.175132914673135,-0.007493802835230934,0.8533142038465764,1.0519961714440296,1.6961704564890114,0.7843101640385496
2022-11-18,0.004747295648158456,22.118856850219082,-0.003565277710873005,-0.00026471014424721517,-0.014566079888422819,0.7843101640385496,0.040610602354618,-0.2757407523108155,0.0,0.004747295648158456,-0.9510565162951536,0.30901699437494723,3.1406980801031983,-0.03443483456993679,0.8303292656520579,1.0193253910760631,1.6894266372457913,0.5037428184515572
2022-11-21,-0.0038912498002758866,22.071518190226893,-0.04733865999218878,-0.0015911725783190026,-0.37896126332957764,0.5037428184515572,-0.28056734558699237,-0.32117794794161036,-0.0038912498002758866,0.0,0.0,1.0,3.1072736755834796,-0.03342440451971873,0.756054595161366,0.9780837286050267,1.6696854244220976,0.6361788481303452
2022-11-22,0.013488606269829617,22.081158151782038,0.009639961555144794,0.009554505609195218,0.4448656600651536,0.6361788481303452,0.13243602967878798,0.41300337526578035,0.0,0.013488606269829617,0.9510565162951535,0.30901699437494745,3.058237521908081,-0.04903615367539871,0.6190559198645763,0.9533305213983864,1.6667175125873075,0.45613617874875195
2022-11-23,0.005897266041737126,21.91102389014984,-0.17013426163219947,0.006716875888079049,-0.07013029235450094,0.45613617874875195,-0.18004266938159325,-0.3124786990603812,0.0,0.005897266041737126,0.5877852522924732,-0.8090169943749473,3.013080930634045,-0.04515659127403593,0.6248135142106271,0.9437620236052233,1.6511031492148436,0.22881957212599133
2022-11-25,-0.0002830842622021379,21.257686886833287,-0.6533370033165511,0.0006907368535481,-0.26153099596873003,0.22881957212599133,-0.22731660662276063,-0.04727393724116738,-0.0002830842622021379,0.0,-0.9510565162951536,0.30901699437494723,3.0204248861443626,0.007343955510317635,0.5218375162990391,0.9005528091765657,1.6376387817419988,0.7669511757456045
2022-11-28,-0.015564696794065469,22.008476634584223,0.750789747750936,-0.010395025595191457,-1.6524236876278782,0.7669511757456045,0.5381316036196131,0.7654482102423737,-0.015564696794065469,0.0,0.0,1.0,3.100542596684933,0.08011771054057037,0.5183657186404501,0.892517112560038,1.6367117974145737,0.6914154979040897
2022-11-29,-0.001593133701623728,21.989097325132658,-0.01937930945156552,-0.0016562002769146668,-0.18819191195134893,0.6914154979040897,-0.07553567784151471,-0.6136672814611278,-0.001593133701623728,0.0,0.9510565162951535,0.30901699437494745,3.086029883652105,-0.014512713032827751,0.5559002545309566,0.8794144987357717,1.6241503536565944,1.6175480134842977
2022-11-30,0.030478643521295368,22.607203313267444,0.6181059881347863,0.03059234206438264,2.222188417539777,1.6175480134842977,0.9261325155802079,1.0016681934217226,0.0,0.030478643521295368,0.5877852522924732,-0.8090169943749473,3.0243197266987147,-0.06171015695339044,0.752174087601747,0.931010490654275,1.6518325899733803,0.8460559045555791
2022-12-01,-0.000868009829606109,22.233354021798164,-0.3738492914692806,-0.0025894673317682017,-0.30995105678366963,0.8460559045555791,-0.7714921089287186,-1.6976246245089266,-0.000868009829606109,0.0,-0.587785252292473,-0.8090169943749475,2.9877001095476485,-0.03661961715106621,0.8301580327631125,0.9236521023288288,1.638250822707951,0.805598661027229
2022-12-02,-0.0011953746637622942,22.11271023174662,-0.1206437900515418,0.007773839713144754,-0.35472728854487423,0.805598661027229,-0.04045724352835012,0.7310348654003684,-0.0011953746637622942,0.0,-0.9510565162951536,0.30901699437494723,2.9475918702062436,-0.04010823934140495,0.9455138505433599,0.8670366534199985,1.626905317847195,0.8694304914281927
2022-12-05,-0.01805624963097152,22.177410417207977,0.06470018546135492,-0.013211185987749341,-1.3642766613121704,0.8694304914281927,0.06383183040096374,0.10428907392931386,-0.01805624963097152,0.0,0.0,1.0,3.0325462466767075,0.08495437647046389,0.9660097136798775,0.8622291125592986,1.6305028416148437,1.2046809372565395
2022-12-06,-0.014503869422986426,22.197658068170966,0.02024765096298964,-0.013951005077920377,-0.9757586954615265,1.2046809372565395,0.33525044582834673,0.271418615427383,-0.014503869422986426,0.0,0.9510565162951535,0.30901699437494745,3.098740027069535,0.06619378039282742,1.0686628015503676,0.8411281924725744,1.6278562313069165,0.6260714319719527
2022-12-07,-0.0018641072533824854,22.138645587537546,-0.05901248063342024,0.0001626735264153855,-0.007873867729043391,0.6260714319719527,-0.5786095052845868,-0.9138599511129335,-0.0018641072533824854,0.0,0.5877852522924732,-0.8090169943749473,3.1214834923152734,0.02274346524573856,0.8703674852478986,0.8321983902537756,1.617169451318489,0.6398107052202928
2022-12-08,0.007493634413933137,22.111283712212146,-0.027361875325400575,0.003974060216422163,0.6524647111208602,0.6398107052202928,0.013739273248340123,0.5923487785329269,0.0,0.007493634413933137,-0.587785252292473,-0.8090169943749475,3.104138188471233,-0.017345303844040316,0.8291184453808412,0.7988342236457006,1.6104029154262667,0.7218298934924586
2022-12-09,-0.00737671946421159,22.081227593993912,-0.030056118218233507,-0.0050174191884402655,-0.3613220375786153,0.7218298934924586,0.08201918827216581,0.06827991502382569,-0.00737671946421159,0.0,-0.9510565162951536,0.30901699437494723,3.1280754571998757,0.023937268728642547,0.8123646918738873,0.7889896811241774,1.6023822406175865,0.5758050019047039
2022-12-12,0.014178307299649973,22.08530080437932,0.004073210385406867,0.012931072672027309,0.9604067249000727,0.5758050019047039,-0.14602489158775478,-0.2280440798599206,0.0,0.014178307299649973,0.0,1.0,3.2188758248682006,0.09080036766832489,0.7536395939691894,0.773378872129477,1.6006006861456008,1.7241268223891109
2022-12-13,0.007263223255456808,22.348451106545024,0.26315030216570534,-0.01229581503151047,0.4023898685327869,1.7241268223891109,1.148321820484407,1.2943467120721617,0.0,0.007263223255456808,0.9510565162951535,0.30901699437494745,3.1157350321154516,-0.10314079275274901,0.8575287709957038,0.8126594420046184,1.5959224859681305,1.521867847965596
2022-12-14,-0.0060711166238363035,22.221177598755318,-0.12727350778970603,-0.005048150478761594,-0.39729555721862386,1.521867847965596,-0.20225897442351481,-1.3505807949079218,-0.0060711166238363035,0.0,0.5877852522924732,-0.8090169943749473,3.0511669515702105,-0.0645680805452411,1.0366880541944323,0.843457140912265,1.588878908541414,1.0225580373741798
2022-12-15,-0.0252374779018254,22.225986758793084,0.0048091600377659915,-0.015946138628988873,-1.6756119618751095,1.0225580373741798,-0.4993098105914162,-0.2970508361679014,-0.0252374779018254,0.0,-0.587785252292473,-0.8090169943749475,3.1280754571998757,0.07690850562966522,1.1132375206252099,0.8292374177103549,1.597986763625115,0.9743700714000522
2022-12-16,-0.011200239946012047,22.737323166793082,0.5113364079999982,-0.009957065447930919,-0.4545498729594766,0.9743700714000522,-0.04818796597412767,0.45112184461728855,-0.011200239946012047,0.0,-0.9510565162951536,0.30901699437494723,3.1188345077893618,-0.009240949410513899,1.1637455562067287,0.8552860779190004,1.5938231767479556,0.8264471206927292
2022-12-19,-0.009048328941103634,22.101933690296057,-0.6353894764970249,-0.009419443344497187,-0.37519727161247973,0.8264471206927292,-0.14792295070732298,-0.09973498473319531,-0.009048328941103634,0.0,0.0,1.0,3.109953421046955,-0.00888108674240673,1.2138739799643337,0.8592264378718001,1.5905945430975803,0.7683953949779738
2022-12-20,0.0010368006978893618,22.10589599331006,0.003962303014002799,0.002921913732387305,0.36363702124900993,0.7683953949779738,-0.058051725714755364,0.08987122499256761,0.0,0.0010368006978893618,0.9510565162951535,0.30901699437494745,3.0671222483295058,-0.042831172717449295,1.022727694482106,0.8584685917260584,1.5843582412414463,0.6741596306038051
2022-12-21,0.014758548669055571,22.05171919864134,-0.05417679466872016,0.010093453087611197,1.2772044239322122,0.6741596306038051,-0.0942357643741687,-0.03618403865941333,0.0,0.014758548669055571,0.5877852522924732,-0.8090169943749473,2.999226147602677,-0.06789610072682883,0.8531860510097481,0.8665836780190226,1.583538247647569,1.5704079018289518
2022-12-22,-0.014557142498146547,22.098739363687358,0.04702016504601758,-0.00804369246226795,-0.8499856294850637,1.5704079018289518,0.8962482712251467,0.9904840355993154,-0.014557142498146547,0.0,-0.587785252292473,-0.8090169943749475,3.08967785514274,0.09045170754006326,0.9627560239007025,0.9110707758141944,1.583140910263557,0.7632965780292906
2022-12-23,0.005850952271915233,21.759747370502716,-0.3389919931846421,0.0077572795677218215,0.6219277365823951,0.7632965780292906,-0.8071113237996612,-1.703359595024808,0.0,0.005850952271915233,-0.9510565162951536,0.30901699437494723,3.0383127613015377,-0.05136509384120247,0.9205413252265501,0.9256974614942202,1.5772656730504264,0.5734422812561898
2022-12-27,-0.0040578440346585865,21.831927461797523,0.07218009129480762,-0.003672841522497152,0.005816911555933636,0.5734422812561898,-0.18985429677310084,0.6172570270265604,-0.0040578440346585865,0.0,0.9510565162951535,0.30901699437494745,3.0750054368286497,0.03669267552711197,0.8699403573392421,0.9421080666908962,1.5712332765233779,0.997508169600827
2022-12-28,-0.012093470442948728,21.849337638834974,0.01741017703745129,-0.012174438267335806,-0.5355902935691713,0.997508169600827,0.4240658883446372,0.613920185117738,-0.012093470442948728,0.0,0.5877852522924732,-0.8090169943749473,3.0973858997126693,0.022380462884019625,0.9157629122638129,0.9530869711601925,1.5678199644226924,0.6637901634159459
2022-12-29,0.017310634314993578,21.82310404087325,-0.026233597961724087,0.011451888504622603,1.5615607192584666,0.6637901634159459,-0.3337180061848811,-0.7577838945295183,0.0,0.017310634314993578,-0.587785252292473,-0.8090169943749475,3.065258361112005,-0.03212753860066453,0.913689018826241,0.9517714790417093,1.568600471362036,0.7114956552143208
2022-12-30,-0.002543975646110752,21.815145512686673,-0.007958528186577496,0.0027227922259911237,-0.09766928804413949,0.7114956552143208,0.04770549179837491,0.38142349798325603,-0.002543975646110752,0.0,-0.9510565162951536,0.30901699437494723,3.075928819068985,0.010670457956980073,0.7419065695033148,0.908626128647901,1.563579248847015,1.4771359362310836
2023-01-03,-0.004008572481273731,22.099292667163017,0.28414715447634364,-0.007593761668401457,-0.3065134284051577,1.4771359362310836,0.7656402810167628,0.7179347892183879,-0.004008572481273731,0.0,0.9510565162951535,0.30901699437494745,3.131136893902127,0.05520807483314227,0.8846744411436734,0.9386775587276869,1.5582153595076262,1.0357338720787754
2023-01-04,0.007510694562139264,22.208065268993693,0.10877260183067605,0.0032781316921238566,0.6258475956034141,1.0357338720787754,-0.4414020641523082,-1.207042345169071,0.0,0.007510694562139264,0.5877852522924732,-0.8090169943749473,3.091496905937363,-0.03963998796476398,0.9771327593081904,0.9496363783015701,1.4802802837896496,0.4609758426893625
2023-01-05,-0.011713869136457333,22.082561491239684,-0.1255037777540089,-0.008274250697816352,-1.0087643742642272,0.4609758426893625,-0.574758029389413,-0.1333559652371048,-0.011713869136457333,0.0,-0.587785252292473,-0.8090169943749475,3.1117359085477254,0.020239002610362267,0.8698262939258976,0.9301861569330544,1.4751770190148747,1.3428937588151062
2023-01-06,0.022583835589031764,22.0902652421382,0.007703750898517825,0.01858197500900397,1.7559075096929988,1.3428937588151062,0.8819179161257438,1.4566759455151568,0.0,0.022583835589031764,-0.9510565162951536,0.30901699437494723,3.0506937919103403,-0.061042116637385124,1.0056470130057298,0.9367677198644148,1.5134338191297996,1.0430602986238555
2023-01-09,-0.0007679273259917352,22.184614329844802,0.09434908770660044,-0.004800777163105567,-0.22386455741197558,1.0430602986238555,-0.2998334601912507,-1.1817513763169945,-0.0007679273259917352,0.0,0.0,1.0,3.08967785514274,0.03898406323239989,1.0719599416876366,0.9566243325621242,1.4982028422728695,0.5972958257257641
2023-01-10,0.006953997970594372,22.071606482192877,-0.11300784765192518,0.007858810595926595,0.4360489607809885,0.5972958257257641,-0.4457644728980914,-0.14593101270684072,0.0,0.006953997970594372,0.9510565162951535,0.30901699437494745,3.0243197266987147,-0.06535812844402544,0.8959919195865726,0.9545998144909563,1.4890341428219176,0.45755843587093187
2023-01-11,0.012767571192293659,22.182661950096737,0.11105546790386,0.009430643776428773,0.776515624891118,0.45755843587093187,-0.13973738985483225,0.30602708304325915,0.0,0.012767571192293659,0.5877852522924732,-0.8090169943749473,3.0487990017257656,0.02447927502705083,0.7803568323450041,0.9420154593661216,1.488307768259364,1.069320427289672
2023-01-12,0.0034100849120424215,22.21397877045983,0.03131682036309158,0.0014068678153369798,-0.16640697198559048,1.069320427289672,0.61176199141874,0.7514993812735722,0.0,0.0034100849120424215,-0.587785252292473,-0.8090169943749475,2.9354513386173378,-0.11334766310842781,0.9020257492650658,0.965516193908263,1.4730968239800577,0.8003895552489924
2023-01-13,0.003988892144656475,22.09437041547914,-0.11960835498068789,0.009671303617919883,0.017896675395480947,0.8003895552489924,-0.26893087204067956,-0.8806928634594196,0.0,0.003988892144656475,-0.9510565162951536,0.30901699437494723,2.90962959528912,-0.02582174332821774,0.7935249085518432,0.9215287049968288,1.4540510657364276,0.5292676045309911
2023-01-17,-0.0020325554309970073,22.166781387949683,0.07241097247054284,-0.0020800504589839463,-0.6207061576569247,0.5292676045309911,-0.27112195071800127,-0.0021910786773217117,-0.0020325554309970073,0.0,0.9510565162951535,0.30901699437494745,2.963209113374854,0.05357951808573391,0.6907663697332702,0.8742620267380381,1.4336099502408484,1.0532542519970827
2023-01-18,-0.015684966977744352,22.181580814869555,0.014799426919871905,-0.01850736816931167,-1.6479753064776874,1.0532542519970827,0.5239866474660916,0.7951085981840929,-0.015684966977744352,0.0,0.5877852522924732,-0.8090169943749473,3.0125893981222767,0.04938028474742273,0.781958054987534,0.8757237512438907,1.4459656702741177,0.6450457224717865
2023-01-19,-0.0076676719018120565,22.10743293730066,-0.07414787756889396,-0.0033262111035552273,-0.7724761132773277,0.6450457224717865,-0.4082085295252962,-0.9321951769913878,-0.0076676719018120565,0.0,-0.587785252292473,-0.8090169943749475,3.0214000426107397,0.008810644488463026,0.8194555123077049,0.8600416393901636,1.4311428228713508,0.9031605764058903
2023-01-20,0.01874167355235201,22.112894632904343,0.005461695603681704,0.01613150690985722,1.240957711432336,0.9031605764058903,0.2581148539341038,0.6663233834594,0.0,0.01874167355235201,-0.9510565162951536,0.30901699437494723,2.9882040263508176,-0.03319601625992208,0.7862235421309485,0.8636946610907905,1.4608229955923584,1.0038552860883712
2023-01-23,0.011811315951328893,22.095768022020113,-0.01712661088422962,0.010420306034557177,0.847372985049876,1.0038552860883712,0.10069470968248084,-0.15742014425162298,0.0,0.011811315951328893,0.0,1.0,2.986186833751468,-0.0020171925993497375,0.8269166882988243,0.8749070368579522,1.456160297826519,0.5542392106473208
2023-01-24,-0.0007117563642928815,21.92336012986152,-0.1724078921585921,0.003793631949856826,-0.3787385532609684,0.5542392106473208,-0.4496160754410503,-0.5503107851235312,-0.0007117563642928815,0.0,0.9510565162951535,0.30901699437494745,2.954910318770165,-0.031276514981303016,0.8319110095220903,0.8691965406695482,1.4341809447786409,1.1375034794611745
2023-01-25,-0.0001817415734652883,22.038069567184618,0.11470943732309635,0.008378672170235071,-0.25816628324710345,1.1375034794611745,0.5832642688138536,1.032880344254904,-0.0001817415734652883,0.0,0.5877852522924732,-0.8090169943749473,2.948640662021506,-0.006269656748658647,0.8487608550149087,0.8485820443663206,1.4061408720872701,0.7584461070877186
2023-01-26,0.010947708029114267,22.060787409008423,0.02271784182380543,0.006014919242859995,0.8702736377891942,0.7584461070877186,-0.3790573723734558,-0.9623216411873095,0.0,0.010947708029114267,-0.587785252292473,-0.8090169943749475,2.930126492015865,-0.01851417000564126,0.8714409319380951,0.8483510695595791,1.3964874220523231,0.747223169510672
2023-01-27,0.0024917340217047723,22.08623015700982,0.0254427480013959,0.004145625691877034,0.03223474763402945,0.747223169510672,-0.011222937577046621,0.3678344347964092,0.0,0.0024917340217047723,-0.9510565162951536,0.30901699437494723,2.9183111389507133,-0.01181535306515169,0.8402534505590514,0.8566263499526497,1.377305039154049,0.6922339905277025
2023-01-30,-0.01305356931529289,22.058793081275667,-0.027437075734152216,-0.007809595575449384,-1.2259474463710176,0.6922339905277025,-0.05498917898296951,-0.04376624140592289,-0.01305356931529289,0.0,0.0,1.0,2.9927277913169226,0.07441665236620931,0.7779291914469176,0.842089484282501,1.3898912846722695,0.4988403965500771
2023-01-31,0.014536304416418844,22.26641863738743,0.2076255561117648,0.01376998426922296,1.0496229191370279,0.4988403965500771,-0.1933935939776254,-0.1384044149946559,0.0,0.014536304416418844,0.9510565162951535,0.30901699437494745,2.9652730464058945,-0.02745474491102806,0.766849428627469,0.8342347334793643,1.4004043809586542,1.7807752370016712
2023-02-01,0.010398056296885727,22.30367238822346,0.03725375083602955,0.0120011728002681,0.5538703952728489,1.7807752370016712,1.281934840451594,1.4753284344292195,0.0,0.010398056296885727,0.5877852522924732,-0.8090169943749473,2.8831233761345922,-0.08214967027130227,0.8955037801355683,0.8851528088025715,1.3922964062273258,0.8524453796391188
2023-02-02,0.014592384626853416,22.450373000963733,0.1467006127402719,0.005056014049904037,0.7921625885202546,0.8524453796391188,-0.9283298573625524,-2.2102646978141465,0.0,0.014592384626853416,-0.587785252292473,-0.8090169943749475,2.930126492015865,0.047003115881272706,0.9143036346458484,0.8554056394410494,1.4058990129977644,1.0046039959854975
2023-02-03,-0.010408592637284997,22.269659578025927,-0.18071342293780646,-5.075707123820672e-05,-1.4341157812095575,1.0046039959854975,0.15215861634637873,1.080488473708931,-0.010408592637284997,0.0,-0.9510565162951536,0.30901699437494723,2.908539057689369,-0.021587434326495902,0.9657797999408135,0.8539232643889886,1.398326354507679,0.5222660506855897
2023-02-06,-0.006159393193939877,22.137719964103216,-0.13193961392271092,-0.00206295959744868,-0.8289126745909337,0.5222660506855897,-0.4823379452999078,-0.6344965616462865,-0.006159393193939877,0.0,0.0,1.0,2.966818279095771,0.05827922140640185,0.9317862119723909,0.8568418457221422,1.3744043280446552,1.2239138216592051
2023-02-07,0.012790364037398305,22.19478790215262,0.057067938049403466,0.014185125819599399,0.8682218590986903,1.2239138216592051,0.7016477709736154,1.1839857162735232,0.0,0.012790364037398305,0.9510565162951535,0.30901699437494745,2.926382187241926,-0.04043609185384511,1.0768008969942167,0.851176134429004,1.3758931450747014,0.557436552225598
2023-02-08,-0.011142573012412171,22.116987547143236,-0.07780035500938354,-0.008610603432795471,-1.1812272368340673,0.557436552225598,-0.6664772694336072,-1.3681250404072225,-0.011142573012412171,0.0,0.5877852522924732,-0.8090169943749473,2.9770589655357758,0.05067677829384998,0.8321331600390017,0.8280511941243253,1.3748106359848338,1.1469728428842867
2023-02-09,-0.008869009831038,22.174926501731736,0.057938954588500735,-0.0152572634135647,-0.8065503831662162,1.1469728428842867,0.5895362906586887,1.256013560092296,-0.008869009831038,0.0,-0.587785252292473,-0.8090169943749475,3.030616631200474,0.053557665664698106,0.8910386526880354,0.8542262901794928,1.363434825536493,0.48085035426968886
2023-02-10,0.0021928557092181222,22.08206566401388,-0.09286083771785769,0.005279834842973516,0.14658466189080105,0.48085035426968886,-0.6661224886145978,-1.2556587792732865,0.0,0.0021928557092181222,-0.9510565162951536,0.30901699437494723,3.021887264476799,-0.008729366723674747,0.7862879243448736,0.8553354291508624,1.3376062353765827,0.5038467573797781
2023-02-13,0.011383569951155081,21.96123998825831,-0.1208256757555688,0.009878721493896809,0.7667927256285031,0.5038467573797781,0.02299640311008927,0.6891188917246871,0.0,0.011383569951155081,0.0,1.0,3.0125893981222767,-0.009297866354522455,0.7826040656837113,0.8284081115361053,1.3305670866426782,1.1003885038600751
2023-02-14,-0.00028045385549368973,22.091701680019494,0.13046169176118383,0.0022824362850299906,-0.16865156708777287,1.1003885038600751,0.596541746480297,0.5735453433702078,-0.00028045385549368973,0.0,0.9510565162951535,0.30901699437494745,2.9396908746012023,-0.0728985235210744,0.7578990021238854,0.8426937757556807,1.3020537028532362,0.6272573991739172
2023-02-15,0.002769337533075955,22.128377045768847,0.03667536574935326,0.0067980804737212235,0.2126601908300078,0.6272573991739172,-0.47313110468615793,-1.0696728511664548,0.0,0.002769337533075955,0.5877852522924732,-0.8090169943749473,2.903068563580112,-0.03662231102109015,0.7718631715135492,0.847359956452963,1.2640353718470514,0.7199518701831293
2023-02-16,-0.013884689204880729,22.144845292446895,0.01646824667804836,-0.005932890899693096,-1.2427854253896102,0.7199518701831293,0.09269447100921213,0.5658255756953701,-0.013884689204880729,0.0,-0.587785252292473,-0.8090169943749475,3.004196355748666,0.10112779216855383,0.6864589769733177,0.8314884144618223,1.2901610936623373,0.5832440660872309
2023-02-17,-0.002771242172283195,22.12086604568246,-0.023979246764433526,0.00041689438120255505,-0.15284403215261325,0.5832440660872309,-0.13670780409589844,-0.22940227510511058,-0.002771242172283195,0.0,-0.9510565162951536,0.30901699437494723,2.9967317967523925,-0.007464558996273407,0.7069377193368261,0.8285454784435102,1.2541620366855792,0.5360955315858744
2023-02-21,-0.02024478397347096,22.1395048484317,0.018638802749237016,-0.01366782195595793,-1.6221755601979397,0.5360955315858744,-0.047148534501356476,0.08955926959454197,-0.02024478397347096,0.0,0.9510565162951535,0.30901699437494745,3.129826044730509,0.13309424797811653,0.7133874741780455,0.8110661905949379,1.3310123274558248,0.696031858306602
2023-02-22,-0.001574795485643321,22.12919614505052,-0.010308703381177509,-0.002697409610042848,0.28692905539877367,0.696031858306602,0.15993632672072755,0.20708486122208403,-0.001574795485643321,0.0,0.5877852522924732,-0.8090169943749473,3.104138188471233,-0.025687856259275943,0.6325161450673508,0.7964079321291395,1.301256976877953,1.040746408301947
2023-02-23,0.005315278263237744,22.097725443053182,-0.031470701997339035,-0.0015639628951907905,0.8420925890476857,1.040746408301947,0.3447145499953451,0.18477822327461757,0.0,0.005315278263237744,-0.587785252292473,-0.8090169943749475,3.0511669515702105,-0.05297123690102268,0.7152139468929567,0.8195749415412644,1.2765108439461659,0.6259009268144581
2023-02-24,-0.010593464619775617,22.078508031568717,-0.01921741148446543,-0.0008057002480531333,-0.820370485342907,0.6259009268144581,-0.414845481487489,-0.7595600314828341,-0.010593464619775617,0.0,-0.9510565162951536,0.30901699437494723,3.075928819068985,0.024761867498774404,0.6964037582192225,0.7952129152247542,1.2783596979220038,0.77152954338699
2023-02-27,0.0030682925395524308,22.067943617373132,-0.010564414195584959,-0.0025380890568298996,0.5993911244027109,0.77152954338699,0.1456286165725319,0.5604740980600209,0.0,0.0030682925395524308,0.0,1.0,3.042138682785304,-0.033790136283680994,0.7340608536791743,0.79583593600091,1.2427091324725927,0.4941715047486018
2023-02-28,-0.0030406198309478327,22.341346294960132,0.27340267758700065,-0.0017716722934629184,0.13159987506687634,0.4941715047486018,-0.2773580386383882,-0.4229866552109201,-0.0030406198309478327,0.0,0.9510565162951535,0.30901699437494745,3.0301337371283013,-0.012004945657002608,0.7256760483117197,0.7837858567265257,1.2097343020598912,0.5532558734514801
2023-03-01,-0.0047364642034928295,22.170062459691152,-0.17128383526898006,-0.003019737735325855,-0.02058770091270133,0.5532558734514801,0.05908436870287831,0.3364424073412665,-0.0047364642034928295,0.0,0.5877852522924732,-0.8090169943749473,3.0243197266987147,-0.005814010429586514,0.6971208513406953,0.7771678511514674,1.181027898527234,0.8969551179438311
2023-03-02,0.007553593731197239,22.168984099541795,-0.0010783601493571382,0.010775357851039662,1.3356491967335375,0.8969551179438311,0.343699244492351,0.2846148757894727,0.0,0.007553593731197239,-0.587785252292473,-0.8090169943749475,2.97501923974552,-0.04930048695319478,0.6683625932690722,0.7961256950273606,1.1584861982241395,0.5751037733720168
2023-03-03,0.016018749176483382,22.130521467847554,-0.03846263169424091,0.01184048801502664,1.7089663358264533,0.5751037733720168,-0.3218513445718143,-0.6655505890641653,0.0,0.016018749176483382,-0.9510565162951536,0.30901699437494723,2.917230033020351,-0.05778920672516907,0.658203162580584,0.7387127681878531,1.2141608607599454,0.5807402208769865
2023-03-06,0.0006869307788477386,22.109777674666553,-0.02074379318100128,-0.001660991923809096,0.1439795297478933,0.5807402208769865,0.005636447504969722,0.327487792076784,0.0,0.0006869307788477386,0.0,1.0,2.9236991034511264,0.006469070430775492,0.6200452980785833,0.7257744272944182,1.1782818371538417,0.7677855997716712
2023-03-07,-0.015445590479263416,22.089995042826402,-0.019782631840151055,-0.015406089817078576,-1.6776214264317562,0.7677855997716712,0.18704537889468464,0.18140893138971492,-0.015445590479263416,0.0,0.9510565162951535,0.30901699437494745,2.97501923974552,0.05132013629439358,0.6747681170831972,0.7144973608080457,1.2218328037753365,0.5393932791674186
2023-03-08,0.0014137941356029415,21.986140368275155,-0.10385467455124697,0.0011178464399476402,0.15365324888684675,0.5393932791674186,-0.22839232060425252,-0.41543769949893716,0.0,0.0014137941356029415,0.5877852522924732,-0.8090169943749473,2.9502117901910383,-0.024807449554481664,0.6719955982263848,0.7153129431167041,1.193117439248197,1.4828367690643725
2023-03-09,-0.018631857945480945,22.21510419711502,0.22896382883986632,-0.020296275057925535,-1.5434789439841543,1.4828367690643725,0.9434434898969538,1.1718358105012063,-0.018631857945480945,0.0,-0.587785252292473,-0.8090169943749475,3.1183923132846396,0.16818052309360132,0.7891719284504931,0.727642607278855,1.2609565471144764,1.3687305960532232
2023-03-10,-0.014583969436067434,22.431315745095425,0.21621154798040365,-0.013166529540708887,-1.0790321355124615,1.3687305960532232,-0.11410617301114923,-1.057549662908103,-0.014583969436067434,0.0,-0.9510565162951536,0.30901699437494723,3.2108436224072485,0.0924513091226089,0.9478972929867343,0.7662756569849324,1.2836004731579294,1.7317306049591723
2023-03-13,-0.0015109018407386543,22.60395456522698,0.17263882013155651,0.005367381050865666,0.1593702369528152,1.7317306049591723,0.3630000089059491,0.4771061819170983,-0.0015109018407386543,0.0,0.0,1.0,3.2778991825787354,0.06705556017148684,1.1780953698031715,0.7941212647027841,1.2475364611895878,1.0801844957374582
2023-03-14,0.016342388235363714,22.457726294392266,-0.14622827083471535,0.006471047407484253,1.4189123447717713,1.0801844957374582,-0.6515461092217141,-1.0145461181276632,0.0,0.016342388235363714,0.9510565162951535,0.30901699437494745,3.1667400511571677,-0.11115913142156764,1.2405751489963288,0.8226609857250586,1.2911519631725974,0.995334190088881
2023-03-15,-0.007005363929353692,22.60942749827663,0.1517012038843646,0.003910569226585394,-0.4385508979127781,0.995334190088881,-0.0848503056485772,0.5666958035731369,-0.007005363929353692,0.0,0.5877852522924732,-0.8090169943749473,3.2634666848467426,0.0967266336895749,1.3317633311806214,0.8460651491873971,1.2753899510638351,1.2737693699403612
2023-03-16,0.01740957624903139,22.462993142574486,-0.14643435570214436,0.020755412451516936,1.3145817289086539,1.2737693699403612,0.27843517985148014,0.36328548550005735,0.0,0.01740957624903139,-0.587785252292473,-0.8090169943749475,3.1350593288193775,-0.12840735602736508,1.2899498513558192,0.8543213809055059,1.3213112373337184,0.7968714688516118
2023-03-17,-0.011080621273952929,22.9590998296272,0.49610668705271266,-0.010679031694026592,-0.619774996742619,0.7968714688516118,-0.4768979010887494,-0.7553330809402296,-0.011080621273952929,0.0,-0.9510565162951536,0.30901699437494723,3.23907054112596,0.10401121230658239,1.1755780259154969,0.8623982413663486,1.316906778510223,0.4680750567582978
2023-03-20,0.0088788696359412,22.39982767566356,-0.55927215396364,0.008666955802054552,0.8569663608175873,0.4680750567582978,-0.32879641209331395,0.14810148899543546,0.0,0.0088788696359412,0.0,1.0,3.1842843643027336,-0.054786176823226285,0.9228469162753221,0.8504041073937374,1.2998354336879447,0.5236282143779573
2023-03-21,0.012898647518557738,22.316623146951944,-0.08320452871161521,0.006763037718374043,0.9515118300106515,0.5236282143779573,0.055553157619659455,0.3843495697129734,0.0,0.012898647518557738,0.9510565162951535,0.30901699437494745,3.0624558663436994,-0.12182849795903428,0.8115356600034218,0.8475652573123433,1.3079547917490886,1.5227095653948717
2023-03-22,-0.016600248639841553,22.234652015167857,-0.08197113178408699,-0.016392856398887663,-1.073960792092446,1.5227095653948717,0.9990813510169144,0.943528193397255,-0.016600248639841553,0.0,0.5877852522924732,-0.8090169943749473,3.1027913561296017,0.04033548978590229,0.9170107350646199,0.8945468779699148,1.3370002442688156,1.5723421749369577
2023-03-23,0.0029800838691826925,22.33102233679831,0.09637032163045234,-0.0026530322038612096,0.17208354608136017,1.5723421749369577,0.04963260954208604,-0.9494487414748284,0.0,0.0029800838691826925,-0.587785252292473,-0.8090169943749475,3.1183923132846396,0.015600957155037953,0.9767252960639393,0.9362759406665982,1.3084512980462777,1.025691602620358
2023-03-24,0.005623963084302019,22.245831272052968,-0.08519106474534155,0.008035245754374122,0.24234722676238277,1.025691602620358,-0.5466505723165997,-0.5962831818586858,0.0,0.005623963084302019,-0.9510565162951536,0.30901699437494723,3.07915387116492,-0.03923844211971961,1.0224893228176886,0.9355590451579513,1.2771963049111403,0.5852331219200445
2023-03-27,0.0016455995637674192,22.16630435968509,-0.07952691236787857,-0.0013566811964372946,-0.12626876342757967,0.5852331219200445,-0.44045848070031346,0.10619209161628629,0.0,0.0016455995637674192,0.0,1.0,3.025291094313483,-0.05386277685143703,1.0459209358500379,0.933622483020122,1.237303772622111,0.491381284933363
2023-03-28,-0.0015750832883885124,22.113203553230193,-0.05310080645489634,-0.0007198790343859528,-0.27117492196221354,0.491381284933363,-0.09385183698668148,0.346606643713632,-0.0015750832883885124,0.0,0.9510565162951535,0.30901699437494745,2.994231113043872,-0.031059981269610848,1.039471549961119,0.9202820897604256,1.201495386399516,0.3277881455228371
2023-03-29,0.014136870775047328,22.145228937586996,0.032025384356803244,0.007045956938457564,0.9797673028418469,0.3277881455228371,-0.16359313941052595,-0.06974130242384446,0.0,0.014136870775047328,0.5877852522924732,-0.8090169943749473,2.9507349515162145,-0.04349616152765767,0.8004872659867122,0.9123590726544367,1.2085622341630957,0.4457399312332625
2023-03-30,0.0056989991994829126,22.09212406865883,-0.05310486892816613,0.0010102013823719994,0.3496108722534712,0.4457399312332625,0.11795178571042542,0.28154492512095136,0.0,0.0056989991994829126,-0.587785252292473,-0.8090169943749475,2.9454910811847346,-0.005243870331479883,0.575166817245973,0.9072392658821407,1.1831543609335646,0.48863966843418116
2023-03-31,0.014333327782036775,22.232909933304676,0.14078586464584575,0.01301351831202115,1.028011860112106,0.48863966843418116,0.042899737200918664,-0.07505204850950675,0.0,0.014333327782036775,-0.9510565162951536,0.30901699437494723,2.928523564659441,-0.01696751652529338,0.4677564304087377,0.8877956730483477,1.1819906109462672,0.36426479056491073
2023-04-03,0.0036920225658025885,22.166578324524767,-0.06633160877990818,0.00542370524977158,-0.0645448994707468,0.36426479056491073,-0.12437487786927043,-0.1672746150701891,0.0,0.0036920225658025885,0.0,1.0,2.9204697479246318,-0.008053816734809427,0.4235627641377109,0.8777557214861046,1.178127264196597,0.6795118058892132
2023-04-04,-0.0058138397451621415,22.16494760038239,-0.0016307241423767493,-0.006666915267687611,-0.902144921075553,0.6795118058892132,0.3152470153243025,0.4396218931935729,-0.0058138397451621415,0.0,0.9510565162951535,0.30901699437494745,2.9444389791664403,0.023969231241808497,0.4611888683288809,0.8824591302962106,1.1589442131342886,0.4652977082831935
2023-04-05,-0.0024954816571209903,22.10153306693093,-0.06341453345146064,-0.0010067631033058252,-0.9585574073904798,0.4652977082831935,-0.21421409760601973,-0.5294611129303222,-0.0024954816571209903,0.0,0.5877852522924732,-0.8090169943749473,2.948640662021506,0.004201682855065947,0.48869078088095225,0.8680549449872356,1.1332054960015066,0.5373912856355877
2023-04-06,0.0035727731328023538,21.972218699340104,-0.12931436759082615,0.005831832240886698,-0.04694260205370142,0.5373912856355877,0.07209357735239419,0.2863076749584139,0.0,0.0035727731328023538,-0.587785252292473,-0.8090169943749475,2.9123506438828892,-0.036290018138616986,0.5070210517614173,0.8679596119619103,1.104254418048036,0.5256711207616772
2023-04-10,0.000995807017009298,21.953973070667043,-0.018245628673060565,0.0058357520052505895,-0.3664949341987246,0.5256711207616772,-0.011720164873910477,-0.08381374222630467,0.0,0.000995807017009298,0.0,1.0,2.942858747750533,0.030508103867643577,0.5144273422269164,0.8223802953760677,1.073955860829882,0.371606002187478
2023-04-11,-4.135333298194155e-05,22.022320613493847,0.06834754282680322,-0.0003285216915941456,-0.49252106891516073,0.371606002187478,-0.1540651185741992,-0.1423449537002887,-4.135333298194155e-05,0.0,0.9510565162951535,0.30901699437494745,2.949688355024821,0.006829607274288385,0.51589558455143,0.7748981718586512,1.0596251170451272,0.6802154952954786
2023-04-12,-0.004143456323461692,22.013357620468486,-0.008962993025360078,-0.007248986977455196,-1.029253424844333,0.6802154952954786,0.3086094931080006,0.4626746116821998,-0.004143456323461692,0.0,0.5877852522924732,-0.8090169943749473,2.9491646457307357,-0.000523709294085517,0.516036322432683,0.7248260237794277,1.0318972941597302,0.5249607407717554
2023-04-13,0.013175510497831056,22.00325201156583,-0.01010560890265566,0.011200388328421023,1.5188149335459584,0.5249607407717554,-0.15525475452372328,-0.4638642476317239,0.0,0.013175510497831056,-0.587785252292473,-0.8090169943749475,2.8791984144362717,-0.069966231294464,0.5279689289303955,0.6983867973524894,1.0227637354029868,0.8533958533546524
2023-04-14,-0.002071517584578686,21.997424001741603,-0.00582800982422782,-0.0005967144781571016,-0.6114835653359378,0.8533958533546524,0.32843511258289704,0.4836898671066203,-0.002071517584578686,0.0,-0.9510565162951536,0.30901699437494723,2.8373225189284472,-0.041875895507824445,0.5911698424742083,0.6916278289365737,1.0009913397219985,0.4391798153579509
2023-04-17,0.003300703582615583,22.007300425963916,0.009876424222312608,0.003414353283556879,0.4224198261512643,0.4391798153579509,-0.4142160379967015,-0.7426511505795985,0.0,0.003300703582615583,0.0,1.0,2.8302678788376356,-0.007054640090811581,0.5738715813934631,0.6518854691945543,0.974319938246109,0.47530946445657585
2023-04-18,0.0008548548034656989,21.98644296110197,-0.020857464861943953,-0.0022573640649917537,0.022813514012898793,0.47530946445657585,0.03612964909862493,0.4503456870953264,0.0,0.0008548548034656989,0.9510565162951535,0.30901699437494745,2.8231630036695035,-0.007104875168132185,0.5946122738472825,0.6365729927947906,0.9604118427098733,0.4209979419097478
2023-04-19,-8.426554794027652e-05,21.996548262868686,0.010105301766714092,0.003662945004122803,-0.28815689986957993,0.4209979419097478,-0.05431152254682803,-0.09044117164545296,-8.426554794027652e-05,0.0,0.5877852522924732,-0.8090169943749473,2.8009331396275767,-0.022229864041926728,0.5427687631701364,0.6343312254210501,0.933951145576878,0.5818112739034816
2023-04-20,-0.005970335188310472,22.050892410665565,0.05434414779687913,-0.00016705057007174705,-1.3229669821361947,0.5818112739034816,0.16081333199373382,0.21512485454056185,-0.005970335188310472,0.0,-0.587785252292473,-0.8090169943749475,2.8431636793528288,0.042230539725252036,0.5541388697964817,0.637101847303218,0.9176653618395694,0.4135394708287095
2023-04-21,0.0009027812573005889,22.00745825665064,-0.043434154014924786,0.0003338832710839794,0.04089743981384013,0.4135394708287095,-0.16827180307477213,-0.32908513506850595,0.0,0.0009027812573005889,-0.9510565162951536,0.30901699437494723,2.8195916031316988,-0.02357207622113,0.46616759329129315,0.5842842237524484,0.9185019587107082,0.4151925317148553
2023-04-24,0.000851216778272601,21.914439075504717,-0.09301918114592311,0.0012021161949610406,0.03370714937983513,0.4151925317148553,0.0016530608861458074,0.16992486396091794,0.0,0.000851216778272601,0.0,1.0,2.826721694682848,0.007130091551149409,0.461370136562674,0.5291818597894912,0.8944330548687869,0.4598509630640479
2023-04-25,-0.01593718381857734,22.10420588955572,0.18976681405100138,-0.013369287078925051,-2.0372314912189466,0.4598509630640479,0.04465843134919256,0.043005370463046755,-0.01593718381857734,0.0,0.9510565162951535,0.30901699437494745,2.9317269557786028,0.10500526109575459,0.4582784362841684,0.5022370674296669,0.9156888869284324,0.5053421235425202
2023-04-26,-0.003848583503344827,22.067964467049567,-0.036241422506151366,-0.007807244178337814,-0.4028972554199966,0.5053421235425202,0.04549116047847229,0.0008327291292797301,-0.003848583503344827,0.0,0.5877852522924732,-0.8090169943749473,2.935982277247362,0.004255321468759288,0.4751472726107229,0.4984327341735943,0.891706003751108,0.5899378719347349
2023-04-27,0.019377193402696946,22.045168333107522,-0.022796133942044605,0.014630072407548959,2.2322011129601433,0.5899378719347349,0.08459574839221473,0.03910458791374244,0.0,0.019377193402696946,-0.587785252292473,-0.8090169943749475,2.8349765349943556,-0.1010057422530064,0.47677259221697355,0.5031259049831834,0.9153167115357962,0.4217776502916116
2023-04-28,0.008219331313243927,22.131272765216583,0.08610443210906027,0.009603536906144478,0.8138201610851893,0.4217776502916116,-0.16816022164312328,-0.252755970035338,0.0,0.008219331313243927,-0.9510565162951536,0.30901699437494723,2.7587432984957503,-0.07623323649860536,0.47842022810955404,0.5076015956864584,0.945121210992403,0.385769902486735
2023-05-01,-0.0003861810485101813,21.923643185661454,-0.20762957955512817,0.00025917748553568195,-0.08598586143807509,0.385769902486735,-0.036007747804876644,0.13215247383824663,-0.0003861810485101813,0.0,0.0,1.0,2.777576259006172,0.018832960510421604,0.47253570226392994,0.5047458800318617,0.9208201524890117,1.085330444330256
2023-05-02,-0.0116539066805732,22.224256251893372,0.30061306623191797,-0.010748953904380042,-1.0937159522419548,1.085330444330256,0.6995605418435211,0.7355682896483977,-0.0116539066805732,0.0,0.9510565162951535,0.30901699437494745,2.87807426870474,0.10049800969856815,0.5976315985171715,0.5331597265031035,0.907190906442136,0.9023088425747526
2023-05-03,-0.007022908054892696,22.169363306297544,-0.054892945595828024,-0.0076708034720726695,-0.5444744974036572,0.9023088425747526,-0.18302160175550342,-0.8825821435990245,-0.007022908054892696,0.0,0.5877852522924732,-0.8090169943749473,2.909084475148269,0.031010206443529142,0.677024942323618,0.5587808718369055,0.9214437726015788,0.5005379090354228
2023-05-04,-0.007244913455062729,22.316592660169494,0.1472293538719498,-0.005238391273309794,-0.550040426246204,0.5005379090354228,-0.4017709335393298,-0.21874933178382638,-0.007244913455062729,0.0,-0.587785252292473,-0.8090169943749475,3.000222186422059,0.09113771127378989,0.6591449497437557,0.5502583053200583,0.9571967451869525,0.7337433013570904
2023-05-05,0.018306166381879763,22.15507595984569,-0.16151670032380494,0.01253395437888456,1.5262617701142012,0.7337433013570904,0.2332053923216676,0.6349763258609974,0.0,0.018306166381879763,-0.9510565162951536,0.30901699437494723,2.8443278504626814,-0.15589433595937763,0.7215380799568514,0.5630414287997677,0.9546186487598209,0.3158697568328733
2023-05-08,0.00045202648488285035,22.015699966853283,-0.13937599299240588,0.00027555841319355985,0.03564617486043168,0.3158697568328733,-0.4178735445242171,-0.6510789368458847,0.0,0.00045202648488285035,0.0,1.0,2.83203615392421,-0.01229169653847162,0.707558050826079,0.552492784571067,0.983672453124366,0.2220942691967417
2023-05-09,-0.004589938949060013,22.060931771079208,0.04523180422592432,-0.0012325172843893522,-0.5353497591967213,0.2220942691967417,-0.09377548763613164,0.32409805688808546,-0.004589938949060013,0.0,0.9510565162951535,0.30901699437494745,2.8741294000992386,0.04209324617502874,0.5349108157993762,0.5380367440203558,0.9575059054286656,0.9441948019450922
2023-05-10,0.004473942241913775,22.12374905864792,0.06281728756871274,-0.0014732082059211611,0.23332406461602057,0.9441948019450922,0.7221005327483505,0.8158760203844821,0.0,0.004473942241913775,0.5877852522924732,-0.8090169943749473,2.8296777207503316,-0.044451679348906925,0.5432880076734441,0.565302877342147,0.9472740523921102,0.40265488989731024
2023-05-11,-0.001698064889705364,22.045794711660374,-0.07795434698754633,-0.0003921444002028178,-0.1815891582749478,0.40265488989731024,-0.541539912047782,-1.2636404447961325,-0.001698064889705364,0.0,-0.587785252292473,-0.8090169943749475,2.829087214170784,-0.0005905065795475117,0.5237114038458215,0.5520857056565199,0.9208929644653495,0.7339884100968428
2023-05-12,-0.001584561589439204,21.985622637396087,-0.060172074264286834,-0.003500094520726056,-0.0596036245296008,0.7339884100968428,0.33133352019953255,0.8728734322473145,-0.001584561589439204,0.0,-0.9510565162951536,0.30901699437494723,2.8349765349943556,0.00588932082357152,0.523760425593772,0.5620394041958098,0.9229803160961069,0.5108175288115794
2023-05-15,0.002953797680316228,21.99363574695239,0.008013109556301856,0.0023308650893987,0.44670128210896365,0.5108175288115794,-0.2231708812852634,-0.554504401484796,0.0,0.002953797680316228,0.0,1.0,2.8402474197342373,0.005270884739881687,0.5627499799895133,0.5457261506461397,0.8979491454625256,0.34614428089251237
2023-05-16,-0.006398107681917509,22.019143028215495,0.025507281263106307,-0.004382289466776133,-0.8010421791831497,0.34614428089251237,-0.164673247919067,0.0584976333661964,-0.006398107681917509,0.0,0.9510565162951535,0.30901699437494745,2.8898160352397158,0.04956861550547842,0.5875599823286674,0.5412958871001664,0.8952577806955104,0.6854920516416843
2023-05-17,0.011820688622071529,22.119282780462004,0.10013975224650906,0.00867466669898101,1.2494292796988362,0.6854920516416843,0.3393477707491719,0.5040210186682389,0.0,0.011820688622071529,0.5877852522924732,-0.8090169943749473,2.825536946304965,-0.06427908893475065,0.5358194322679858,0.5513045817280287,0.8860065536173134,0.5645639922094505
2023-05-18,0.009400723063727412,22.104673276744133,-0.014609503717871064,0.009662816560506297,0.77883081557358,0.5645639922094505,-0.12092805943223373,-0.4602758301814056,0.0,0.009400723063727412,-0.587785252292473,-0.8090169943749475,2.7757088020408553,-0.04982814426410975,0.5682012527304139,0.5581410603137288,0.9585387635616224,0.520873321908676
2023-05-19,-0.0014469138806756376,22.119980715641596,0.015307438897462333,-0.0028989380983144024,-0.475633269165499,0.520873321908676,-0.04369067030077456,0.07723738913145917,-0.0014469138806756376,0.0,-0.9510565162951536,0.30901699437494723,2.8219739156502905,0.04626511360943519,0.5255782350927805,0.555239253075881,0.9306909785168436,0.497236379151562
2023-05-22,0.0001550226798023857,22.039277209289374,-0.08070350635222212,0.0004413711746316278,-0.19681010929389003,0.497236379151562,-0.023636942757113977,0.020053727543660582,0.0,0.0001550226798023857,0.0,1.0,2.8454905570260416,0.023516641375751046,0.522862005160777,0.559224820138874,0.924513528314948,0.5649897737283858
2023-05-23,-0.011285468768283735,22.147655278172728,0.10837806888335422,-0.007502631085610981,-1.728041465353457,0.5649897737283858,0.06775339457682378,0.09139033733393775,-0.011285468768283735,0.0,0.9510565162951535,0.30901699437494745,2.9193910773531506,0.07390052032710903,0.5666311037279517,0.5663580221395181,0.9122652913167907,0.4198283898766199
2023-05-24,-0.0073455126783059654,0.0,-22.147655278172728,-0.00429663524243614,-0.9477796531198568,0.4198283898766199,-0.14516138385176586,-0.21291477842858963,-0.0073455126783059654,0.0,0.5877852522924732,-0.8090169943749473,2.9972311839585806,0.07784010660542995,0.5134983713749388,0.5644521853210692,0.8942899435517223,0.6103176339063359
2023-05-25,0.008719456079012033,22.14583426667162,22.14583426667162,-0.001066614101296558,1.0639807500115994,0.6103176339063359,0.19048924402971595,0.3356506278814818,0.0,0.008719456079012033,-0.587785252292473,-0.8090169943749475,2.9517803541360115,-0.045450829822569094,0.522649099714316,0.5694510191479176,0.8958832908950827,0.6175888204898234
2023-05-26,0.01296468093164016,22.03576833006178,-0.1100659366098391,0.011789740952631151,1.278894389322939,0.6175888204898234,0.007271186583487577,-0.18321805744622838,0.0,0.01296468093164016,-0.9510565162951536,0.30901699437494723,2.8875901574378777,-0.06419019669813375,0.5419921994305454,0.5707677309838741,0.9186960876792157,0.5739435855751911
2023-05-30,1.6603130665870935e-05,22.165115522325056,0.12934719226327474,-0.005025950682193909,-0.19062202769381453,0.5739435855751911,-0.04364523491463235,-0.050916421498119924,0.0,1.6603130665870935e-05,0.9510565162951535,0.30901699437494745,2.8599124979757535,-0.027677659462124193,0.5573336407152713,0.5780137279021399,0.8940856910345852,0.46814728345280837
2023-05-31,-0.006127358186214238,22.51179843893391,0.3466829166088523,-0.0026067907014431183,-0.9092912768970307,0.46814728345280837,-0.10579630212238272,-0.06215106720775038,-0.006127358186214238,0.0,0.5877852522924732,-0.8090169943749473,2.8870328863997474,0.02712038842399389,0.5379651426601557,0.5819364603290959,0.8742371718874473,0.854823804841679
2023-06-01,0.00980621508585422,22.203018664734845,-0.30877977419906344,0.009040996670217303,0.9964228737847206,0.854823804841679,0.3866765213888706,0.4924728235112533,0.0,0.00980621508585422,-0.587785252292473,-0.8090169943749475,2.7504708926110997,-0.13656199378864775,0.6249642256531676,0.5709599536867825,0.8751537029382201,0.5601470494452154
2023-06-02,0.014429812390106989,22.21711330845553,0.014094643720685696,0.009705228859913694,1.381473358299106,0.5601470494452154,-0.29467675539646354,-0.6813532767853341,0.0,0.014429812390106989,-0.9510565162951536,0.30901699437494723,2.6810215548423537,-0.06944933776874596,0.6149301087609436,0.5546665349663285,0.8781987142566815,0.5189638874665226
2023-06-05,-0.002005591490657821,22.061758170791265,-0.1553551376642659,-0.0021503880113249102,-0.4360907708680979,0.5189638874665226,-0.04118316197869287,0.25349359341777067,-0.002005591490657821,0.0,0.0,1.0,2.689886199397575,0.00886464455522118,0.5952051221562833,0.5555439625106665,0.8543186382384045,0.3757619895018464
2023-06-06,0.0023511302338512508,22.10869982830436,0.04694165751309498,0.0029246020039119113,0.022057639687960404,0.3757619895018464,-0.14320189796467614,-0.10201873598598327,0.0,0.0023511302338512508,0.9510565162951535,0.30901699437494745,2.6361961000668175,-0.05369009933075741,0.5555688029416144,0.5384972333747025,0.8350660618091026,0.5200653833343721
2023-06-07,-0.003819293926420997,22.235708150274682,0.1270083219703224,-0.004197414278495571,-0.8368235174135231,0.5200653833343721,0.14430339383252572,0.28750529179720186,-0.003819293926420997,0.0,0.5877852522924732,-0.8090169943749473,2.634762375230749,-0.0014337248360685173,0.5659524229179271,0.5482208346366787,0.817033904489193,0.48813756509260364
2023-06-08,0.006169571607523849,22.065279103010486,-0.1704290472641965,0.005895463569488069,0.26624672807121474,0.48813756509260364,-0.03192781824176849,-0.1762312120742942,0.0,0.006169571607523849,-0.587785252292473,-0.8090169943749475,2.6137394936844682,-0.021022881546280736,0.49261517496811197,0.560889563012672,0.8194318818255084,0.5001078839115918
2023-06-09,0.0011474010230507758,22.054710587740068,-0.010568515270417578,-0.0013993962372944042,-0.3312133441987112,0.5001078839115918,0.011970318818988135,0.043898137060756626,0.0,0.0011474010230507758,-0.9510565162951536,0.30901699437494723,2.6268401401601125,0.01310064647564424,0.4806073418613873,0.5397425669158387,0.8357871795134071,0.385519545470512
2023-06-12,0.009277974981754866,22.095884612311796,0.041174024571727585,0.007079818305563303,0.9301302980966936,0.385519545470512,-0.1145883384410798,-0.12655865726006793,0.0,0.009277974981754866,0.0,1.0,2.7087166608939937,0.08187652073388119,0.45391847346218517,0.5389265981336102,0.7886556216519023,0.3518553334937078
2023-06-13,0.006908570725908447,22.176143502443352,0.08025889013155663,0.003760751413277706,0.4678500727083112,0.3518553334937078,-0.03366421197680419,0.0809241264642756,0.0,0.006908570725908447,0.9510565162951535,0.30901699437494745,2.681706202263446,-0.027010458630547518,0.44913714226055745,0.5207297849620324,0.7805044770448649,0.8697207628272523
2023-06-14,0.000819089980126364,22.170681167505403,-0.005462334937949009,0.0014417879323873888,-0.6399680706898571,0.8697207628272523,0.5178654293335445,0.5515296413103488,0.0,0.000819089980126364,0.5877852522924732,-0.8090169943749473,2.630448963323681,-0.05125723893976497,0.5190682181591335,0.5378204151532548,0.7656696363958656,0.8847472513559541
2023-06-15,0.012104580493589978,22.152784904002278,-0.017896263503125454,0.013766249943607365,1.2197902125188673,0.8847472513559541,0.015026488528701809,-0.5028389408048427,0.0,0.012104580493589978,-0.587785252292473,-0.8090169943749475,2.6741486494265287,0.04369968610284758,0.5983901554118035,0.5634681756515141,0.7732221543810521,0.4850942071948007
2023-06-16,-0.0036783764677519315,22.647310088916168,0.49452518491388986,-0.007086682319911842,-1.2008580884069193,0.4850942071948007,-0.39965304416115344,-0.41467953268985525,-0.0036783764677519315,0.0,-0.9510565162951536,0.30901699437494723,2.605648264666775,-0.06850038475975362,0.5953874200684455,0.5539254211540433,0.7619008073195574,0.5212494030055279
2023-06-20,-0.004746353835235695,22.123411326993548,-0.5238987619226201,-0.0016847025305091056,-1.268746917865063,0.5212494030055279,0.036155195810727236,0.4358082399718807,-0.004746353835235695,0.0,0.9510565162951535,0.30901699437494745,2.630448963323681,0.02480069865690604,0.6225333915754485,0.5518628216681423,0.756931209721928,0.3693248854525365
2023-06-21,-0.005259086366924848,22.034117104534555,-0.08929422245899232,-0.0032747150017273254,-1.126266359652928,0.3693248854525365,-0.1519245175529914,-0.18807971336371865,-0.005259086366924848,0.0,0.5877852522924732,-0.8090169943749473,2.5802168151427143,-0.050232148180966885,0.6260273019672142,0.5446462294559452,0.7498543745089987,0.3173982598137744
2023-06-22,0.003703930387334964,21.979166734417525,-0.05495037011703019,0.0060637372513911054,0.1754882701626373,0.3173982598137744,-0.0519266256387621,0.09999789191422931,0.0,0.003703930387334964,-0.587785252292473,-0.8090169943749475,2.5580021930391945,-0.022214622103519766,0.5155628013645187,0.536082509487479,0.7350710179433342,0.40083856050879724
2023-06-23,-0.007688288056503012,22.523922277323535,0.5447555429060102,-0.0013421073545730711,-1.3370581711038467,0.40083856050879724,0.08344030069502284,0.13536692633378494,-0.007688288056503012,0.0,-0.9510565162951536,0.30901699437494723,2.598235303873522,0.04023311083432768,0.41878106319508734,0.5282657850484511,0.7401277186423605,0.5030723304473729
2023-06-26,-0.0044969343631322545,21.951452114996464,-0.5724701623270718,-0.0036939511949890687,-0.7485022404911904,0.5030723304473729,0.10223376993857564,0.018793469243552796,-0.0044969343631322545,0.0,0.0,1.0,2.6567569067146595,0.05852160284113728,0.4223766878456018,0.5322297822184869,0.7299839419904856,0.5474672432382058
2023-06-27,0.011390733524182295,21.996811344904145,0.04535922990768171,0.009419843896947947,1.4459404746225766,0.5474672432382058,0.04439491279083296,-0.05783885714774267,0.0,0.011390733524182295,0.9510565162951535,0.30901699437494745,2.6203112701361366,-0.036445636578522844,0.42762025589213737,0.5292369064723855,0.7693684590576942,0.46833068346869766
2023-06-28,-0.000354139388390351,22.04217228820698,0.045360943302835466,0.0021453618175282492,-0.07689207529431856,0.46833068346869766,-0.07913655976950817,-0.12353147256034114,-0.000354139388390351,0.0,0.5877852522924732,-0.8090169943749473,2.5974910332585845,-0.02282023687755208,0.4474214154953696,0.5221293761380462,0.7286067215120696,0.2977521953524249
2023-06-29,0.004463568114490002,22.030695546482956,-0.011476741724024464,0.004902317160090962,0.5542374983615572,0.2977521953524249,-0.17057848811627274,-0.09144192834676457,0.0,0.004463568114490002,-0.587785252292473,-0.8090169943749475,2.605648264666775,0.00815723140819058,0.44349220260309974,0.5089774051750573,0.7139181871974125,0.4197098451898185
2023-06-30,0.0121943502618862,22.09023720598176,0.05954165949880519,0.006297892735175522,1.6423160734473552,0.4197098451898185,0.1219576498373936,0.29253613795366634,0.0,0.0121943502618862,-0.9510565162951536,0.30901699437494723,2.609334239391006,0.0036859747242310448,0.447266459539304,0.5066708604958673,0.737600488412136,0.21360025582682246
2023-07-03,0.0011699930926720725,21.43340778537379,-0.6568294206079699,0.0011475014103436176,0.019076281963632473,0.21360025582682246,-0.20610958936299606,-0.32806723920038966,0.0,0.0011699930926720725,0.0,1.0,2.6078614513577736,-0.001472788033232586,0.38937204461519387,0.47613640578087413,0.7172343713984,0.26940739343813597
2023-07-05,-0.0019702580976126427,21.97105072131602,0.5376429359422268,0.0010754552755833757,-0.48849562097571303,0.26940739343813597,0.055807137611313506,0.26191672697430957,-0.0019702580976126427,0.0,0.5877852522924732,-0.8090169943749473,2.6518325426255456,0.04397109126777199,0.33376007465517993,0.4622916602567275,0.7028993415053358,0.5829481576402704
2023-07-06,-0.007954061175894367,22.026727351844663,0.055676630528644466,-0.002497173877058621,-1.274017113134657,0.5829481576402704,0.31354076420213445,0.25773362659082094,-0.007954061175894367,0.0,-0.587785252292473,-0.8090169943749475,2.7369615174193824,0.08512897479383685,0.3566835694894945,0.46533853026500127,0.7119840314259789,0.6833876218395951
2023-07-07,-0.002869212795733489,22.012630708161772,-0.01409664368289043,-0.0012699155340446509,-0.4591559933568729,0.6833876218395951,0.1004394641993247,-0.21310130000280975,-0.002869212795733489,0.0,-0.9510565162951536,0.30901699437494723,2.6966521510052726,-0.04030936641410987,0.4338106547869285,0.47998736990013213,0.6992816262347439,0.2934378566869122
2023-07-10,0.0024021386106269915,21.95570947353962,-0.05692123462215193,0.003475746839453736,0.15424594186400473,0.2934378566869122,-0.3899497651526829,-0.4903892293520076,0.0,0.0024021386106269915,0.0,1.0,2.7127059923878543,0.0160538413825817,0.40855625708634724,0.4691955829169197,0.6839196720838326,0.4528860962049558
2023-07-11,0.0067195839982545635,22.010904929962273,0.055195456422652,0.005355285715452268,0.6616459856714173,0.4528860962049558,0.1594482395180436,0.5493980046707265,0.0,0.0067195839982545635,0.9510565162951535,0.30901699437494745,2.697326248021437,-0.015379744366417203,0.4564134251619739,0.46751694154131745,0.6778284880276362,0.3917994113703766
2023-07-12,0.007383905235389676,22.08943146785935,0.07852653789707631,0.0010000649155154028,0.9029026951566623,0.3917994113703766,-0.061086684834579186,-0.22053492435262279,0.0,0.007383905235389676,0.5877852522924732,-0.8090169943749473,2.605648264666775,-0.09167798335466193,0.48089182874842196,0.462359395229831,0.6739447175557858,0.35779772636249346
2023-07-13,0.008434482989626346,22.06861580048218,-0.020815667377167557,0.00411930962896404,0.8950336576162866,0.35779772636249346,-0.03400168500788314,0.027084999826696043,0.0,0.008434482989626346,-0.587785252292473,-0.8090169943749475,2.6108047914376025,0.005156526770827341,0.43586174249286663,0.46103930860563963,0.6739747597297825,0.4232336048349025
2023-07-14,-0.0010249321969073577,22.01729413052223,-0.051321669959950356,-0.002037674997744273,-0.562550761599474,0.4232336048349025,0.06543587847240906,0.0994375634802922,-0.0010249321969073577,0.0,-0.9510565162951536,0.30901699437494723,2.5907670519258503,-0.02003773951175214,0.3838309390919281,0.46443827390760134,0.6611466555791358,0.3930990607640538
2023-07-17,0.0038479695744211284,21.98689526560094,-0.030398864921291846,0.003084749072013423,0.42980733157374557,0.3930990607640538,-0.0301345440708487,-0.09557042254325776,0.0,0.0038479695744211284,0.0,1.0,2.601207071525431,0.01044001959958063,0.4037631799073564,0.44174200238078226,0.6481378409470577,0.5880765751958856
2023-07-18,0.007092066941428499,22.131813252230405,0.14491798662946564,0.007315461515207956,0.8929488964502882,0.5880765751958856,0.1949775144318318,0.2251120585026805,0.0,0.007092066941428499,0.9510565162951535,0.30901699437494745,2.5877640495686753,-0.013443021956755619,0.43080127570554244,0.42761482732554096,0.6408539582597782,0.3233239783703774
2023-07-19,0.002355134827233485,22.13806747701989,0.006254224789486784,0.00040529697703630346,-0.05378707490052359,0.3233239783703774,-0.2647525968255082,-0.45973011125734004,0.0,0.002355134827233485,0.5877852522924732,-0.8090169943749473,2.621765849139052,0.03400179957037652,0.4171061891055426,0.41991148309580656,0.6254269522454275,0.5130715153059234
2023-07-20,-0.006779827396258042,22.04815542852938,-0.08991204849051115,-0.004292938490554248,-1.9007697689699303,0.5130715153059234,0.18974753693554602,0.45450013376105425,-0.006779827396258042,0.0,-0.587785252292473,-0.8090169943749475,2.638342772317001,0.016576923177949343,0.4481609468942286,0.41952205987201585,0.6344082449115686,0.23143155395573808
2023-07-21,0.0003240420146131129,21.995884652890368,-0.05227077563901261,-0.0030419464385881573,-0.5839934756668004,0.23143155395573808,-0.2816399613501853,-0.47138749828573134,0.0,0.0003240420146131129,-0.9510565162951536,0.30901699437494723,2.6100698207912507,-0.02827295152575049,0.40980053671839567,0.41295571075312065,0.6193721207940555,0.3072890781063712
2023-07-24,0.004026038496874662,22.072961045877292,0.0770763929869247,0.002473064035989774,0.1672173585840156,0.3072890781063712,0.0758575241506331,0.3574974855008184,0.0,0.004026038496874662,0.0,1.0,2.632607994965697,0.022538174174446368,0.3926385401868592,0.4124743211480063,0.6079020206413315,0.4033950423485724
2023-07-25,0.0028107195758391157,22.06154311025882,-0.011417935618471375,0.002690013770471693,-0.007961301433453666,0.4033950423485724,0.09610596424220119,0.020248440091568093,0.0,0.0028107195758391157,0.9510565162951535,0.30901699437494745,2.6290069689909954,-0.003601025974701688,0.3557022336173965,0.4125960583784717,0.5934860673206381,0.5299194093380823
2023-07-26,-0.00015545097867608604,22.107129747161864,0.04558663690304243,0.0017072734040495178,-0.5185127558021912,0.5299194093380823,0.12652436698950997,0.03041840274730878,-0.00015545097867608604,0.0,0.5877852522924732,-0.8090169943749473,2.5794589349159778,-0.04954803407501762,0.39702131981093747,0.4138744907066007,0.5722356385632165,0.8897252643972613
2023-07-27,-0.0064453930551966465,22.239098315890125,0.13196856872826146,-0.013321520976968185,-1.5774524483202197,0.8897252643972613,0.35980585505917895,0.23328148806966897,-0.0064453930551966465,0.0,-0.587785252292473,-0.8090169943749475,2.667922399422403,0.08846346450642528,0.47235206962920506,0.4301724917141748,0.5835907363474719,0.33625112467254037
2023-07-28,0.009829375810433305,22.104801393144303,-0.13429692274582194,0.003602980839878728,1.5428976084466335,0.33625112467254037,-0.5534741397247209,-0.9132799947838999,0.0,0.009829375810433305,-0.9510565162951536,0.30901699437494723,2.5900171284671405,-0.07790527095526256,0.4933159837725656,0.42388298891435783,0.5993474188305812,0.32031951914147044
2023-07-31,0.0014676354365690258,22.228142914115296,0.12334152097099249,0.0009026022199761826,0.0029119373656276474,0.32031951914147044,-0.015931605531069926,0.5375425341936511,0.0,0.0014676354365690258,0.0,1.0,2.6122732541046934,0.02225612563755286,0.49592207197958543,0.42495762338050275,0.5845688947620669,0.2625406977884232
2023-08-01,-0.0026686453076827377,22.120096990827953,-0.1080459232873423,-0.0004587589791649736,-0.6347874528054367,0.2625406977884232,-0.05777882135304724,-0.04184721582197731,-0.0026686453076827377,0.0,0.9510565162951535,0.30901699437494745,2.6340448096995233,0.021771555594829906,0.46775120306755547,0.41747337826615066,0.5763891882176745,0.48238667229020704
2023-08-02,-0.01393620063833545,22.175045926945323,0.05494893611736984,-0.008283081886222395,-1.9209546829072122,0.48238667229020704,0.21984597450178384,0.2776247958548311,-0.01393620063833545,0.0,0.5877852522924732,-0.8090169943749473,2.7781979704876907,0.14415316078816742,0.45824465565798045,0.43027273143107375,0.638155032109288,0.5226805805067382
2023-08-03,-0.0025512254502917386,22.146162100751866,-0.028883826193457196,0.0016940825591305712,-0.2851874894795317,0.5226805805067382,0.040293908216531116,-0.17955206628525272,-0.0025512254502917386,0.0,-0.587785252292473,-0.8090169943749475,2.7675761852085703,-0.010621785279120388,0.38483571887987583,0.4423333593867214,0.6266777709139223,0.90472192763863
2023-08-04,-0.005314169373939137,22.14476082248981,-0.001401278262054717,-0.00799163878582236,-0.6156632313860612,0.90472192763863,0.38204134713189186,0.34174743891536075,-0.005314169373939137,0.0,-0.9510565162951536,0.30901699437494723,2.8390784858167852,0.07150230060821494,0.49852987947309374,0.4576559198628338,0.6231086958133623,0.2557784821414158
2023-08-07,0.008983618964856888,21.974290152288543,-0.1704706702012686,0.005962238217336516,1.370198096495013,0.2557784821414158,-0.6489434454972143,-1.030984792629106,0.0,0.008983618964856888,0.0,1.0,2.7581094300024462,-0.080969055814339,0.4856216720730829,0.4372935798772063,0.626642425380523,0.6134906759578156
2023-08-08,-0.004227205100058029,22.080365654731924,0.10607550244338171,0.0003001080791485464,-0.38439117016067653,0.6134906759578156,0.3577121938163998,1.0066556393136141,-0.004227205100058029,0.0,0.9510565162951535,0.30901699437494745,2.771963512531802,0.013854082529355605,0.5558116677069613,0.4525341903186778,0.6216186327075094,0.44773281839854
2023-08-09,-0.007063619102046559,22.05908236084001,-0.021283293891915633,-0.007550221409744046,-0.6692304540859048,0.44773281839854,-0.16575785755927558,-0.5234700513756754,-0.007063619102046559,0.0,0.5877852522924732,-0.8090169943749473,2.770085594411824,-0.0018779181199777284,0.5488808969286278,0.45228879613741996,0.6244570288805138,1.0630942913176642
2023-08-10,0.0002506825210808472,22.228313873832455,0.16923151299244665,-0.004093372868827153,0.24803860870292668,1.0630942913176642,0.6153614729191241,0.7811193304783997,0.0,0.0002506825210808472,-0.587785252292473,-0.8090169943749475,2.76316952439078,-0.006916070021043996,0.6569636390908131,0.48425521899205276,0.6139950208133795,0.4761508860809822
2023-08-11,-0.0010702648992282349,22.04589862589656,-0.18241524793589647,0.0029972548079535287,0.2588577288839602,0.4761508860809822,-0.586943405236682,-1.2023048781558061,-0.0010702648992282349,0.0,-0.9510565162951536,0.30901699437494723,2.697326248021437,-0.06584327636934306,0.5712494307792835,0.4898910837405522,0.6042025204952214,0.3842708273059019
2023-08-14,0.005734004879418109,22.08332145358604,0.037422827689482574,0.007061017549209556,1.2338619793339292,0.3842708273059019,-0.09188005877508032,0.49506334646160166,0.0,0.005734004879418109,0.0,1.0,2.695977599275783,-0.0013486487456542129,0.5969478998121808,0.48803571338202834,0.6008972144083816,0.4711482823874037
2023-08-15,-0.011618139396096794,22.066717935271434,-0.016603518314607157,-0.009198561168543389,-1.205206488317991,0.4711482823874037,0.0868774550815018,0.17875751385658212,-0.011618139396096794,0.0,0.9510565162951535,0.30901699437494745,2.8009331396275767,0.10495554035179389,0.5684794210980983,0.49175234298314024,0.6262411332079842,0.6145487255575725
2023-08-16,-0.00758408179262382,22.04606380066245,-0.020654134608985686,-0.006666591912152842,-0.8239502774709828,0.6145487255575725,0.14340044317016876,0.05652298808866696,-0.00758408179262382,0.0,0.5877852522924732,-0.8090169943749473,2.8201877419595305,0.019254602331953752,0.601842602529905,0.493012921571792,0.6393216582633616,0.6321807424752887
2023-08-17,-0.00774281137752908,22.095385206138566,0.04932140547611752,-0.010461376020898952,-0.7398255939311051,0.6321807424752887,0.01763201691771621,-0.12576842625245255,-0.00774281137752908,0.0,-0.587785252292473,-0.8090169943749475,2.884241863403715,0.06405412144418454,0.5156598927614298,0.5077203865291687,0.6382321179099943,0.6662643878550043
2023-08-18,-0.00014871788395787178,22.09454807819958,-0.0008371279389862707,0.005698522997125919,0.35627112852908066,0.6662643878550043,0.034083645379715644,0.016451628461999435,-0.00014871788395787178,0.0,-0.9510565162951536,0.30901699437494723,2.8507064574031857,-0.03353540600052929,0.5536825931162342,0.515015285221982,0.6251057542345474,0.710420904625449
2023-08-21,0.006855634859800119,22.038829210054597,-0.05571886814498228,0.00443967103202465,1.5705288920628198,0.710420904625449,0.04415651677044474,0.010072871390729099,0.0,0.006855634859800119,0.0,1.0,2.840831263344002,-0.009875194059183912,0.6189126085801437,0.5378243019205398,0.6304772968371853,0.42116746297876634
2023-08-22,-0.002781331046545432,21.98251061051069,-0.056318599543907055,-0.006311653920255103,-0.04381861643022436,0.42116746297876634,-0.2892534416466827,-0.33340995841712745,-0.002781331046545432,0.0,0.9510565162951535,0.30901699437494745,2.8314470387838178,-0.009384224560184062,0.6089164446984161,0.5432470821525586,0.6118589367495813,0.49904592492252275
2023-08-23,0.010984330710790857,22.068027013470743,0.08551640296005303,0.008960161737202467,1.6416182857526214,0.49904592492252275,0.07787846194375642,0.3671319035904391,0.0,0.010984330710790857,0.5877852522924732,-0.8090169943749473,2.771337911692091,-0.060109127091726666,0.5858158845714062,0.5478018860846514,0.6043835562188732,0.7233661499844217
2023-08-24,-0.013549353984007695,22.037921866415406,-0.03010514705533751,-0.01785709310206174,-1.401234713213583,0.7233661499844217,0.22432022506189897,0.14644176311814255,-0.013549353984007695,0.0,-0.587785252292473,-0.8090169943749475,2.844909428176351,0.07357151648426008,0.6040529660732329,0.557013635639239,0.621147760248805,0.9750566279554878
2023-08-25,0.0066955010602960385,21.916030059456343,-0.12189180695906288,0.003713457663486127,0.9271949227256292,0.9750566279554878,0.25169047797106603,0.02737025290916706,0.0,0.0066955010602960385,-0.9510565162951536,0.30901699437494723,2.752386034385003,-0.09252339379134833,0.6658114140933296,0.5610770339039165,0.6494797148194582,0.37906233556223334
2023-08-28,0.006245078594195874,21.807518856665418,-0.10851120279092541,0.0016435254103974067,0.8643744701768539,0.37906233556223334,-0.5959942923932544,-0.8476847703643204,0.0,0.006245078594195874,0.0,1.0,2.7133693575205298,-0.03901667686447308,0.5995397002806864,0.5631156629939018,0.6351304960671758,0.5995105956772289
2023-08-29,0.014404068712057239,21.93366395496209,0.12614509829667142,0.014530406361653713,1.4314513662016657,0.5995105956772289,0.22044826011499552,0.8164425525082499,0.0,0.014404068712057239,0.9510565162951535,0.30901699437494745,2.6706944013587965,-0.042674956161733224,0.635208326820379,0.5764104761622713,0.6429594194756674,0.39193917942805445
2023-08-30,0.003825854181192412,21.843022989289988,-0.090640965672101,0.0032235047397547864,0.1568897181911122,0.39193917942805445,-0.2075714162491744,-0.42801967636416993,0.0,0.003825854181192412,0.5877852522924732,-0.8090169943749473,2.630448963323681,-0.04024543803511538,0.6137869777214853,0.5825723086213014,0.6355667474714644,0.3671445976889371
2023-08-31,-0.0015982129743399298,22.096059472265846,0.25303648297585823,-0.0020720121181036417,-0.5885801894480568,0.3671445976889371,-0.02479458173911736,0.18277683451005705,-0.0015982129743399298,0.0,-0.587785252292473,-0.8090169943749475,2.6078614513577736,-0.02258751196590758,0.5425426672623883,0.5770845907831456,0.6285244896321805,0.5898061620770404
2023-09-01,0.0017975127655187606,21.90076940172201,-0.1952900705438374,-0.0032786833211275786,-0.18850450890189385,0.5898061620770404,0.2226615643881033,0.24745614612722067,0.0,0.0017975127655187606,-0.9510565162951536,0.30901699437494723,2.5718485915786373,-0.036012859779136264,0.46549257408669875,0.5802810470483981,0.619280224384197,0.2213228127998523
2023-09-05,-0.004202997821382226,21.983500820564068,0.0827314188420587,-0.0029377487196784427,-0.786104104426481,0.2213228127998523,-0.36848334927718807,-0.5911449136652913,-0.004202997821382226,0.0,0.9510565162951535,0.30901699437494745,2.6397713766859487,0.06792278510731142,0.4339446695342226,0.5477382320560753,0.619067729630357,0.6764803767796822
2023-09-06,-0.006996014491431168,21.952570074456315,-0.030930746107753038,-0.005553964490221986,-1.0291320514107045,0.6764803767796822,0.45515756397982987,0.8236409132570179,-0.006996014491431168,0.0,0.5877852522924732,-0.8090169943749473,2.6706944013587965,0.0309230246728478,0.4493386257547133,0.5677716556102785,0.6224293029625058,0.36811281237084503
2023-09-07,-0.003216433115733608,22.04868429494699,0.09611422049067642,0.003734172904676249,-0.4465157420382511,0.36811281237084503,-0.30836756440883717,-0.763525128388667,-0.003216433115733608,0.0,-0.587785252292473,-0.8090169943749475,2.6672281800910014,-0.0034662212677951665,0.4445733523432714,0.5560869954394705,0.6196537944157826,0.3891826867702789
2023-09-08,0.0014256060622575006,21.904775217500806,-0.1439090774461853,0.0013897354537907758,-0.06548394828557584,0.3891826867702789,0.021069874399433863,0.32943743880827103,0.0,0.0014256060622575006,-0.9510565162951536,0.30901699437494723,2.62756296121466,-0.039665218876341335,0.4489809701595398,0.5532988939333627,0.6111141418760482,0.34983732596398376
2023-09-11,0.006700951498135765,21.93815484245325,0.0333796249524454,0.001445063274931746,0.7720507447436971,0.34983732596398376,-0.03934536080629514,-0.060415235205729,0.0,0.006700951498135765,0.0,1.0,2.624668605984526,-0.002894355230134149,0.40098720293692847,0.5193342765355684,0.6158856272845779,0.45190065938263446
2023-09-12,-0.005712169023004421,21.957498169113403,0.01934332666015237,-0.0025450267704113533,-0.9776433121766903,0.45190065938263446,0.1020633334186507,0.14140869422494584,-0.005712169023004421,0.0,0.9510565162951535,0.30901699437494745,2.655352379932845,0.030683773948319004,0.44710277225348494,0.5181795038356471,0.6014258729036198,0.40410000999322393
2023-09-13,0.0012408621175339363,21.984402222048946,0.02690405293554221,0.0010727864121647453,0.43545202211879225,0.40410000999322393,-0.04780064938941053,-0.14986398280806124,0.0,0.0012408621175339363,0.5877852522924732,-0.8090169943749473,2.601207071525431,-0.05414530840741394,0.39262669889619317,0.5191237506302814,0.5832793475695796,0.4658937425921609
2023-09-14,0.008394585533666898,22.017642258379034,0.03324003633008843,0.003852010511036098,1.6893628567241046,0.4658937425921609,0.061793732598936946,0.10959438198834748,0.0,0.008394585533666898,-0.587785252292473,-0.8090169943749475,2.551006427687861,-0.05020064383757017,0.4121828849404564,0.5188735344495556,0.590590654065769,0.45380051300511853
2023-09-15,-0.01223414584249305,22.659447387851188,0.6418051294721536,-0.010652438557844944,-1.7199614371548784,0.45380051300511853,-0.012093229587042342,-0.07388696218597929,-0.01223414584249305,0.0,-0.9510565162951536,0.30901699437494723,2.6239436890389327,0.07293726135107192,0.4251064501874243,0.5112188576613436,0.6217713670837712,0.3666499536008689
2023-09-18,0.0007210276941744809,21.87422702963346,-0.7852203582177282,0.0018879033814231854,0.3336968339047583,0.3666499536008689,-0.08715055940424965,-0.07505732981720731,0.0,0.0007210276941744809,0.0,1.0,2.6390573296152584,0.015113640576325693,0.42846897571480136,0.49857453438160926,0.6157468753630287,0.5297959644321238
2023-09-19,-0.002153327361533286,22.00832449726206,0.13409746762859953,-0.0003284737917887118,-0.1552369337647033,0.5297959644321238,0.16314601083125496,0.2502965702355046,-0.002153327361533286,0.0,0.9510565162951535,0.30901699437494745,2.6468837415328474,0.007826411917589038,0.44404803672469917,0.49207603802813876,0.6109990569117907,0.6334902229734691
2023-09-20,-0.009439204206291407,21.919745639015662,-0.08857885824639666,-0.011430910390843856,-1.2242249276695436,0.6334902229734691,0.10369425854134529,-0.059451752289909676,-0.009439204206291407,0.0,0.5877852522924732,-0.8090169943749473,2.7173402706858383,0.07045652915299083,0.4899260793207483,0.4884126722351874,0.6221365515463174,0.4124767721932353
2023-09-21,-0.016536918318488247,22.02136812460156,0.10162248558589582,-0.010192650125522281,-1.6975747398540428,0.4124767721932353,-0.22101345078023382,-0.3247077093215791,-0.016536918318488247,0.0,-0.587785252292473,-0.8090169943749475,2.8644840391405775,0.1471437684547392,0.47924268524096314,0.4879988298168288,0.6649851552192827,0.5899956954209479
2023-09-22,-0.0022982374027602503,21.932097816634357,-0.08927030796720103,-0.005005938793860633,0.10434532768232214,0.5899956954209479,0.17751892322771257,0.3985323740079464,-0.0022982374027602503,0.0,-0.9510565162951536,0.30901699437494723,2.844909428176351,-0.019574610964226302,0.5064817217241291,0.4923297712691347,0.6582645116192675,0.4414223176257001
2023-09-25,0.004014994203807021,21.885056347276638,-0.047041469357719023,0.006202526351539194,0.9682850855448918,0.4414223176257001,-0.14857337779524776,-0.32609230102296033,0.0,0.004014994203807021,0.0,1.0,2.8273135993568546,-0.017595828819496617,0.5214361945290953,0.47890387449014793,0.6565413769231394,0.5258554565035325
2023-09-26,-0.014844165482264415,21.96809455550532,0.08303820822868246,-0.009165733912827044,-1.2438421774086712,0.5258554565035325,0.08443313887783238,0.23300651667308014,-0.014844165482264415,0.0,0.9510565162951535,0.30901699437494745,2.941276115955272,0.11396251659841727,0.520648092943377,0.45751334251624537,0.684302774498168,0.8780475599335644
2023-09-27,0.00022928777229402897,22.07803857100135,0.10994401549602983,-0.0018978583868923217,0.5529563122408514,0.8780475599335644,0.35219210343003193,0.26775896455219955,0.0,0.00022928777229402897,0.5877852522924732,-0.8090169943749473,2.9025198541454498,-0.03875626180982206,0.569559560335396,0.4812745436767849,0.6784646008762836,0.7547837701326859
2023-09-28,0.005875877143001418,22.070359284977,-0.007679286024352194,0.007013464452743211,1.3178306775021396,0.7547837701326859,-0.12326378980087849,-0.4754558932309104,0.0,0.005875877143001418,-0.587785252292473,-0.8090169943749475,2.8530159801521586,-0.04950387399329115,0.6380209599232861,0.48866850436514,0.6758925694681498,0.762841059962672
2023-09-29,-0.0027132596482903892,22.07547587132621,0.005116586349210195,-0.009315132341169327,0.13254524637392623,0.762841059962672,0.008057289829986103,0.1313210796308646,-0.0027132596482903892,0.0,-0.9510565162951536,0.30901699437494723,2.8633431116363086,0.010327131484149987,0.672590032831631,0.5063304986763123,0.6727567889672738,0.6645405429642789
2023-10-02,7.936440615274876e-05,22.094106401139666,0.01863052981345703,0.0009028713423715279,0.5134383750486419,0.6645405429642789,-0.09830051699839315,-0.10635780682837925,0.0,7.936440615274876e-05,0.0,1.0,2.8684669571674872,0.005123845531178617,0.7172136778993468,0.5204922103560905,0.6632500379030244,0.9011461112530724
2023-10-03,-0.013839395863447734,22.097950566587453,0.003844165447787873,-0.009483270374274442,-1.095433697145336,0.9011461112530724,0.23660556828879353,0.3349060852871867,-0.013839395863447734,0.0,0.9510565162951535,0.30901699437494745,2.9846713609086963,0.1162044037412091,0.7922718088492547,0.5353179222216158,0.6776946560300956,0.6696463819432559
2023-10-04,0.008077047607828902,22.052354724560242,-0.04559584202721112,0.007042015548862954,1.2675342250190949,0.6696463819432559,-0.23149972930981655,-0.4681052975986101,0.0,0.008077047607828902,0.5877852522924732,-0.8090169943749473,2.922085729279452,-0.06258563162924435,0.750591573251193,0.5566666636093969,0.6825174973059343,0.6861785456623988
2023-10-05,-0.0013048811469964505,21.999039167884302,-0.053315556675940456,-0.000263015484345646,0.04861381902467252,0.6861785456623988,0.0165321637191429,0.24803189302895945,-0.0013048811469964505,0.0,-0.587785252292473,-0.8090169943749475,2.917230033020351,-0.004855696259101094,0.7368705283571356,0.5571284811752405,0.6781779063765142,1.358308181590505
2023-10-06,0.01174564209396145,22.084762767738994,0.08572359985469191,0.017256066375802917,1.3881064469224544,1.358308181590505,0.6721296359281062,0.6555974722089633,0.0,0.01174564209396145,-0.9510565162951536,0.30901699437494723,2.8593396923698937,-0.05789034065045717,0.8559639526827022,0.6042806416142719,0.6858761791202004,0.6712555937939848
2023-10-09,0.0062840681193883086,21.87845692738221,-0.20630584035678368,0.010815610647791579,0.7181244806129734,0.6712555937939848,-0.6870525877965201,-1.3591822237246263,0.0,0.0062840681193883086,0.0,1.0,2.8735646826837065,0.014224990313812746,0.8573069628486433,0.617712684805877,0.6855962526543657,0.6940797649665901
2023-10-10,0.005194476099985579,21.981795006334394,0.10333807895218428,0.0042516171505357254,0.44895511319255604,0.6940797649665901,0.022824171172605268,0.7098767589691254,0.0,0.005194476099985579,0.9510565162951535,0.30901699437494745,2.8349765349943556,-0.038588147689350816,0.8158936935913468,0.6341051819012392,0.6854551776491863,0.5193390137029426
2023-10-11,0.004283819500095376,22.00466068751818,0.022865681183784403,0.0023698310672666295,0.26590520066526196,0.5193390137029426,-0.17474075126364752,-0.1975649224362528,0.0,0.004283819500095376,0.5877852522924732,-0.8090169943749473,2.7781979704876907,-0.056778564506664964,0.7858322199432842,0.6373165321069683,0.6857234314124154,0.8735895680085439
2023-10-12,-0.006266024940655868,22.035143717059388,0.03048302954120885,-0.007177145383471729,-0.9813213595197086,0.8735895680085439,0.3542505543056014,0.5289913055692489,-0.006266024940655868,0.0,-0.587785252292473,-0.8090169943749475,2.814809769672402,0.03661179918471147,0.8233144244125132,0.6596731777267454,0.6812092186175392,0.9511587289256712
2023-10-13,-0.005031495660219321,21.994867383037278,-0.04027633402210995,-0.007529831300701021,-0.7705317763341648,0.9511587289256712,0.07756916091712729,-0.2766813933884741,-0.005031495660219321,0.0,-0.9510565162951536,0.30901699437494723,2.961140812988524,0.1463310433161218,0.7418845338795466,0.6827810342188173,0.6763559072150783,0.4918907697139294
2023-10-16,0.010538642302590162,21.94996639826102,-0.04490098477625892,0.007172992119288843,1.0341303834130122,0.4918907697139294,-0.4592679592117418,-0.5368371201288691,0.0,0.010538642302590162,0.0,1.0,2.8454905570260416,-0.11565025596248235,0.7060115690635353,0.6845948559668559,0.6803199701809831,0.8152363453787945
2023-10-17,-9.824987944462293e-05,22.05691072158466,0.10694432332364201,0.006416364010551362,-0.5488488717923619,0.8152363453787945,0.3233455756648651,0.7826135348766069,-9.824987944462293e-05,0.0,0.9510565162951535,0.30901699437494745,2.883682722808376,0.03819216578233453,0.7302428851459764,0.7059561127181856,0.6757164123296466,0.7709347459336788
2023-10-18,-0.01349040825115111,22.027815835336177,-0.02909488624848322,-0.009859453835194631,-1.8472505149707021,0.7709347459336788,-0.04430159944511569,-0.3676471751099808,-0.01349040825115111,0.0,0.5877852522924732,-0.8090169943749473,2.955951367816573,0.07226864500819685,0.7805620315921236,0.7174389118373072,0.6952587444159246,0.9611189303973252
2023-10-19,-0.008519032328058174,22.10196391950906,0.07414808417288299,-0.010084525228934604,-1.056360482226265,0.9611189303973252,0.19018418446364638,0.23448578390876207,-0.008519032328058174,0.0,-0.587785252292473,-0.8090169943749475,3.0633909042021177,0.10743953638554471,0.7980679040698798,0.7330402788574909,0.6997338928153266,0.514781994092435
2023-10-20,-0.012665149196156023,22.110567191128556,0.0086032716194957,-0.011694621737862797,-1.271082896349114,0.514781994092435,-0.44633693630489024,-0.6365211207685366,-0.012665149196156023,0.0,-0.9510565162951536,0.30901699437494723,3.077772941719433,0.014382037517315371,0.7107925571032326,0.7379119560907862,0.7084325436841655,1.1113309326000964
2023-10-23,-0.0016869920654354331,22.051957568194666,-0.05860962293388994,0.0015758375352462868,0.13758168387706654,1.1113309326000964,0.5965489385076614,1.0428858748125518,-0.0016869920654354331,0.0,0.0,1.0,3.014063271438193,-0.06370967028124008,0.8346805896804661,0.7627374435755075,0.7040813323474114,0.6431623482008614
2023-10-24,0.007239523519629643,22.063992586155727,0.0120350179610611,0.002803132256787341,1.2031604477325832,0.6431623482008614,-0.46816858439923503,-1.0647175229068964,0.0,0.007239523519629643,0.9510565162951535,0.30901699437494745,2.942858747750533,-0.07120452368766017,0.8002657902448794,0.7723441116981342,0.7049706072264814,0.529676377155806
2023-10-25,-0.014443434657238186,22.076357540297025,0.012364954141297346,-0.010844356768264497,-1.1704104726404263,0.529676377155806,-0.11348597104505542,0.3546826133541796,-0.014443434657238186,0.0,0.5877852522924732,-0.8090169943749473,3.0051874587763363,0.06232871102580351,0.7520141164893047,0.7725260603006234,0.7221279338548138,0.7498957327003212
2023-10-26,-0.011903081205584698,22.176667292826814,0.10030975252978891,-0.009325035010440642,-0.7785550507708903,0.7498957327003212,0.22021935554451522,0.33370532658957064,-0.011903081205584698,0.0,-0.587785252292473,-0.8090169943749475,3.0291670643972775,0.023979605620941147,0.7097694769499039,0.7664235923371356,0.7305880802269397,0.731577296149086
2023-10-27,-0.004811838578621774,22.114423353981078,-0.06224393884573587,-0.008599513071463482,0.01943358946972885,0.731577296149086,-0.018318436551235218,-0.23853779209575043,-0.004811838578621774,0.0,-0.9510565162951536,0.30901699437494723,3.0572976507337097,0.028130586336432284,0.7531285373612342,0.7653185221474404,0.7265748834821714,0.6369829790072492
2023-10-30,0.011938474300286828,22.08709472880628,-0.027328625174796173,0.006604645762366792,1.8365097231264746,0.6369829790072492,-0.09459431714183675,-0.07627588059060153,0.0,0.011938474300286828,0.0,1.0,2.9831534913471307,-0.07414415938657903,0.6582589466426647,0.7593252801971822,0.7353442088302353,0.636472517013955
2023-10-31,0.006454084821687189,22.17006010645928,0.08296537765300016,0.0053722490670035945,1.0935990012753765,0.636472517013955,-0.0005104619932941867,0.09408385514854256,0.0,0.006454084821687189,0.9510565162951535,0.30901699437494745,2.8981194110402666,-0.0850340803068641,0.6569209804052835,0.7579887075328811,0.7367838164037303,0.5943173580951183
2023-11-01,0.010451194990192647,22.16426142907308,-0.005798677386202655,0.008671527406284818,1.2093005772495338,0.5943173580951183,-0.0421551589188367,-0.04164469692554251,0.0,0.010451194990192647,0.5877852522924732,-0.8090169943749473,2.825536946304965,-0.0725824647353015,0.6698491765931459,0.7433778145253596,0.7392355356107277,0.45181097206941784
2023-11-02,0.018682938934086124,22.264377798523977,0.10011636945089819,0.011535136387163627,1.5232991724455853,0.45181097206941784,-0.14250638602570048,-0.10035122710686378,0.0,0.018682938934086124,-0.587785252292473,-0.8090169943749475,2.751109680818858,-0.0744272654861069,0.6102322244669652,0.7330046997694625,0.7608336166296381,0.5388690994102224
2023-11-03,0.009349883544551574,22.242989085656113,-0.021388712867864257,0.005547249109168095,0.5731790480848302,0.5388690994102224,0.08705812734080459,0.22956451336650507,0.0,0.009349883544551574,-0.9510565162951536,0.30901699437494723,2.7020321185427174,-0.049077562276140796,0.5716905851191927,0.7259899642336445,0.7628786777932816,0.39953607313677364
2023-11-06,0.0017514577241009022,22.0197284842996,-0.2232606013565146,0.00039173241530686154,-0.16008279969871408,0.39953607313677364,-0.1393330262734488,-0.22639115361425338,0.0,0.0017514577241009022,0.0,1.0,2.700689869753188,-0.0013422487895295987,0.5242012039450975,0.6803341495453716,0.7606148714908022,0.46814011685070894
2023-11-07,0.002836093401711537,22.055956341911937,0.03622785761233871,0.002783419222532132,-0.0182453503903834,0.46814011685070894,0.0686040437139353,0.2079370699873841,0.0,0.002836093401711537,0.9510565162951535,0.30901699437494745,2.6953026566130425,-0.005387213140145342,0.4905347239124483,0.6706619839766441,0.7592800812460624,0.5075999459998781
2023-11-08,0.001004411032420549,22.039542694948604,-0.016413646963332695,-0.000362793397263072,-0.40563275326532244,0.5075999459998781,0.03945982914916918,-0.029144214564766124,0.0,0.001004411032420549,0.5877852522924732,-0.8090169943749473,2.6706944013587965,-0.024608255254245925,0.4731912414934002,0.661781992597277,0.7549805667971539,0.49808924084535894
2023-11-09,-0.00811669069906884,22.084442370341037,0.04489967539243267,-0.01008390908267799,-1.6203676220844945,0.49808924084535894,-0.009510705154519183,-0.04897053430368836,-0.00811669069906884,0.0,-0.587785252292473,-0.8090169943749475,2.727199017446074,0.056504616087277526,0.4824468952485884,0.6607700986516777,0.8190761875200993,0.7514022021128639
2023-11-10,0.01549575927077207,22.022116000423324,-0.06232636991771301,0.01163882865870045,1.0788382212752072,0.7514022021128639,0.25331296126750497,0.26282366642202415,0.0,0.01549575927077207,-0.9510565162951536,0.30901699437494723,2.651127059086777,-0.07607195835929703,0.5249535157891166,0.6549516526566452,0.8472138043761952,0.44288842225635344
2023-11-13,-0.0008361884413705667,21.925108374163717,-0.09700762625960735,0.0011089890035031469,-0.8148000135138896,0.44288842225635344,-0.30851377985651046,-0.5618267411240154,-0.0008361884413705667,0.0,0.0,1.0,2.691920834679226,0.04079377559244879,0.5336239856130327,0.6307483047200111,0.8269618211323979,0.5952666597864441
2023-11-14,0.01889537047457779,22.27090281118767,0.3457944370239545,0.00820358199158976,1.3186930858242683,0.5952666597864441,0.15237823753009067,0.4608920173866011,0.0,0.01889537047457779,0.9510565162951535,0.30901699437494745,2.6504210774895927,-0.04149975718963317,0.5590492942001797,0.6356709661520357,0.8825964294296106,0.4042300301180428
2023-11-15,0.001595738207846864,22.192790895848837,-0.07811191533883388,-0.0005372721275907806,-0.4906866203910532,0.4042300301180428,-0.1910366296684013,-0.34341486719849196,0.0,0.001595738207846864,0.5877852522924732,-0.8090169943749473,2.6518325426255456,0.0014114651359529162,0.5383753110238126,0.6160992368539046,0.8598905062450591,0.3469897390320464
2023-11-16,0.0011897193967129738,22.100650625688594,-0.09214027016024318,0.0024785707950598815,-0.38919954079923974,0.3469897390320464,-0.05724029108599643,0.13379633858240486,0.0,0.0011897193967129738,-0.587785252292473,-0.8090169943749475,2.6616571402213416,0.009824597595796014,0.5081554106611501,0.5959113793823982,0.834692251837937,0.31482680815021813
2023-11-17,0.001281227937178997,22.052259421416778,-0.04839120427181598,0.0009907864174635175,-0.2829446060273439,0.31482680815021813,-0.032162930881828256,0.025077360204168175,0.0,0.001281227937178997,-0.9510565162951536,0.30901699437494723,2.624668605984526,-0.036988534236815696,0.42084033186862096,0.565135564037298,0.8103209816845274,0.5403330037973832
2023-11-20,0.007363103793794679,22.01656458785297,-0.035694833563809425,0.007877151252527576,0.41482619968108364,0.5403330037973832,0.22550619564716512,0.2576691265289934,0.0,0.007363103793794679,0.0,1.0,2.5960006859149227,-0.02866792006960317,0.440329248176827,0.5663522787851526,0.7556827652570176,0.25925007518052773
2023-11-21,-0.002022975931756932,21.979189519689122,-0.03737506816384695,-0.00012781330495805217,-0.6867503477277229,0.25925007518052773,-0.2810829286168555,-0.5065891242640206,-0.002022975931756932,0.0,0.9510565162951535,0.30901699437494745,2.5915164134207695,-0.004484272494153174,0.3731259312556437,0.5257769998604113,0.7602981155049628,0.3595093152721654
2023-11-22,0.004052905094313886,21.836047267857357,-0.14314225183176532,0.0007859960191500017,0.02009812714660388,0.3595093152721654,0.10025924009163767,0.3813421687084932,0.0,0.004052905094313886,0.5877852522924732,-0.8090169943749473,2.5533438410275884,-0.03817257239318117,0.3641817882864682,0.5122697125780924,0.7565674164271021,0.1063257732451331
2023-11-24,0.000596695609644371,21.21765715485892,-0.618390112998437,0.0007679497918860086,-0.5877261575147015,0.1063257732451331,-0.2531835420270323,-0.35344278211867,0.0,0.000596695609644371,-0.9510565162951536,0.30901699437494723,2.5225235164208617,-0.03082032460672668,0.3160489951290855,0.49211016001091756,0.7529565171154714,0.21206277760376732
2023-11-27,-0.001956069316898734,21.94821411022667,0.7305569553677493,-0.0009729921464262844,-0.7958275798889263,0.21206277760376732,0.10573700435863422,0.3589205463856665,-0.001956069316898734,0.0,0.0,1.0,2.540814248659574,0.01829073223871225,0.29549618901979535,0.4664990669110816,0.7485606034275052,0.4095813086909187
2023-11-28,0.0009796385280509412,22.00037013710678,0.05215602688011245,0.002052721708212318,-0.36070290344741524,0.4095813086909187,0.19751853108715137,0.09178152672851715,0.0,0.0009796385280509412,0.9510565162951535,0.30901699437494745,2.540814248659574,0.0,0.2693458499985025,0.45116592465116884,0.7465261995298986,0.5559041989437112
2023-11-29,-0.0009466966151023826,22.209124950916355,0.2087548138095734,-0.004661000983503629,-0.7655277857872058,0.5559041989437112,0.14632289025279255,-0.05119564083435882,-0.0009466966151023826,0.0,0.5877852522924732,-0.8090169943749473,2.5634096760090963,0.022595427349522357,0.32867667475113915,0.44730503036242897,0.7416378760427796,0.4754163323171307
2023-11-30,0.003776931264994232,22.409535152669573,0.20041020175321833,0.0028346298327937757,0.7987527729914098,0.4754163323171307,-0.08048786662658053,-0.22681075687937308,0.0,0.003776931264994232,-0.587785252292473,-0.8090169943749475,2.55877650425956,-0.00463317174953648,0.35185807816013226,0.43963568823400884,0.7377434987381175,0.49799358894914314
2023-12-01,0.0058565589538464025,22.204215618335105,-0.2053195343344676,0.007690550486899753,1.2187057040484053,0.49799358894914314,0.022577256632012432,0.10306512325859296,0.0,0.0058565589538464025,-0.9510565162951536,0.30901699437494723,2.5360749454234384,-0.02270155883612146,0.43019164130093424,0.4350488420842004,0.7364647211089731,0.3909149744724195
2023-12-04,-0.005423188063826245,22.198008251104994,-0.0062073672301110605,0.0011844930637393445,-1.6645981082838495,0.3909149744724195,-0.10707861447672362,-0.12965587110873605,-0.005423188063826245,0.0,0.0,1.0,2.5710843401961823,0.035009394772743896,0.46596208067466466,0.4321490326748196,0.7341037045637551,0.39376177326051354
2023-12-05,-0.0005690315939350654,22.086790423393893,-0.11121782771110134,0.0021766136647260914,-0.2966816491716242,0.39376177326051354,0.002846798788094018,0.10992541326481764,-0.0005690315939350654,0.0,0.9510565162951535,0.30901699437494745,2.5533438410275884,-0.017740499168593882,0.4627981735885836,0.4252391600010239,0.7292073677207742,0.4657228761617592
2023-12-06,-0.003913851944943758,22.169167832573464,0.08237740917957126,-0.00807619840722772,-1.1611352317988988,0.4657228761617592,0.07196110290124569,0.06911430411315167,-0.003913851944943758,0.0,0.5877852522924732,-0.8090169943749473,2.562639018916541,0.009295177888952733,0.44476190903219326,0.4283909125260232,0.7274311278777372,0.3253244386570674
2023-12-07,0.007936610684822654,22.063223023119793,-0.10594480945367124,0.003659434670215664,1.7394921247796145,0.3253244386570674,-0.14039843750469183,-0.21235954040593752,0.0,0.007936610684822654,-0.587785252292473,-0.8090169943749475,2.5695541559782002,0.006915137061659138,0.4147435303001806,0.42159016594537363,0.7285540385588658,0.3845294770661891
2023-12-08,0.004087134146503857,22.033491458980265,-0.029731564139527933,0.006136875885829849,0.7156748852876542,0.3845294770661891,0.059205038409121724,0.19960347591381356,0.0,0.004087134146503857,-0.9510565162951536,0.30901699437494723,2.5136560939622226,-0.05589806201597769,0.39205070792358976,0.4157296674247217,0.7260701450400507,0.2507753911860544
2023-12-11,0.003916813547780507,22.06435622109632,0.03086476211605671,0.006304348204356611,0.5466575926694387,0.2507753911860544,-0.1337540858801347,-0.19295912428925643,0.0,0.003916813547780507,0.0,1.0,2.5360749454234384,0.022418851461215805,0.36402279126631676,0.40395281744094536,0.7224037336822599,0.4288530288090151
2023-12-12,0.004588812795692121,22.060469739075394,-0.003886482020927673,0.005484874606656953,0.6056493087625069,0.4288530288090151,0.1780776376229607,0.3118317235030954,0.0,0.004588812795692121,0.9510565162951535,0.30901699437494745,2.4907230098256137,-0.04535193559782469,0.37104104237601704,0.388593332997905,0.720632947973409,0.5958362949383511
2023-12-13,0.013558345175020747,22.345353404273343,0.28488366519794894,0.013020126258728105,1.827181153111259,0.5958362949383511,0.166983266129336,-0.011094371493624688,0.0,0.013558345175020747,0.5877852522924732,-0.8090169943749473,2.5006159090701527,0.009892899244539066,0.39706372613133545,0.39587656503038104,0.7300553216741933,0.6628252328790998
2023-12-14,0.0026435651851546282,22.566041562348808,0.2206881580754647,-0.00031570789792636475,-0.11209266468934574,0.6628252328790998,0.06698893794074867,-0.09999432818858733,0.0,0.0026435651851546282,-0.587785252292473,-0.8090169943749475,2.5241273262614996,0.02351141719134686,0.4645638849757419,0.39909363993955516,0.721848507181085,0.3056171294589133
2023-12-15,-7.625240044895065e-05,22.829711950845425,0.2636703884966174,0.001051572268729573,-0.49286954866586813,0.3056171294589133,-0.3572081034201865,-0.42419704136093517,-7.625240044895065e-05,0.0,-0.9510565162951536,0.30901699437494723,2.5079719009739794,-0.01615542528752023,0.44878141545428674,0.3943977875272156,0.7163789883488032,0.29829725843707655
2023-12-18,0.004518122263400315,22.124532551142384,-0.7051793997030416,0.003164963281109792,0.17647244994957229,0.29829725843707655,-0.0073198710218367324,0.34988823239834976,0.0,0.004518122263400315,0.0,1.0,2.530517194449025,0.022545293475045636,0.4582857889044911,0.39207909797507423,0.721677662192062,0.1845057828420345
2023-12-19,0.00584926745082015,22.116280069321878,-0.008252481820505864,0.005182868678146788,0.3339230590864361,0.1845057828420345,-0.11379147559504205,-0.10647160457320531,0.0,0.00584926745082015,0.9510565162951535,0.30901699437494745,2.528125747596819,-0.0023914468522061583,0.40941633971109503,0.3858733348651607,0.7133399581049327,0.8197838093985117
2023-12-20,-0.01479314796530673,22.15866459881063,0.042384529488753486,-0.014029464198561338,-2.4759753311320005,0.8197838093985117,0.6352780265564772,0.7490695021515192,-0.01479314796530673,0.0,0.5877852522924732,-0.8090169943749473,2.615203656316981,0.08707790872016208,0.45420584260312713,0.3991805160842621,0.7292003775721033,0.526661696016062
2023-12-21,0.01024876930727281,21.956170062576863,-0.20249453623376823,0.004742879968356367,0.9087664753385967,0.526661696016062,-0.29312211338244964,-0.9284001399389269,0.0,0.01024876930727281,-0.587785252292473,-0.8090169943749475,2.6137394936844682,-0.0014641626325127,0.4269731352305196,0.41191440279071606,0.7315841665015228,0.5378147763845642
2023-12-22,0.0016586821527599938,21.83734785034643,-0.11882221223043388,0.00014933106591477957,-0.2071995991526767,0.5378147763845642,0.011153080368502155,0.3042751937509518,0.0,0.0016586821527599938,-0.9510565162951536,0.30901699437494723,2.5672543706433686,-0.04648512304109964,0.4734126646156498,0.42040513903416366,0.727822114134353,0.3295878484681624
2023-12-26,0.004222761046978718,21.64510514734876,-0.19224270299766744,0.003333501509123428,0.13083206228707792,0.3295878484681624,-0.2082269279164018,-0.21938000828490395,0.0,0.004222761046978718,0.9510565162951535,0.30901699437494745,2.564179813062659,-0.0030745575807094028,0.479670782621867,0.4310366664257364,0.7254213382452711,0.21998188439207128
2023-12-27,0.0014294356164228361,21.73430295372241,0.08919780637364738,0.0017016973346404675,-0.19951836312834756,0.21998188439207128,-0.10960596407609113,0.09862096384031066,0.0,0.0014294356164228361,0.5877852522924732,-0.8090169943749473,2.5201129300741707,-0.04406688298848849,0.4867660029318743,0.43141376674898896,0.7206529101091643,0.17749471211824763
2023-12-28,0.00037010611032783913,21.716095298944097,-0.018207654778311877,-0.0006457495608070346,-0.18976815002117262,0.17749471211824763,-0.04248717227382365,0.06711879180226749,0.0,0.00037010611032783913,-0.587785252292473,-0.8090169943749475,2.523325781105642,0.0032128510314715086,0.35830818347582155,0.42036202405505235,0.71362188617973,0.5127800915407599
2023-12-29,-0.002830477036734891,21.863039262939353,0.14694396399525544,-0.0027321697944683023,-0.584956464315993,0.5127800915407599,0.33528537942251224,0.3777725516963359,-0.002830477036734891,0.0,-0.9510565162951536,0.30901699437494723,2.5217206075906473,-0.0016051735149948954,0.3555318625807611,0.4183084951311023,0.7121676112205791,0.4714316711447758
2024-01-02,-0.005676660799721844,22.04316662431541,0.18012736137605856,-0.0004996015334045106,-0.8843385124807535,0.4714316711447758,-0.041348420395984076,-0.3766337998184963,-0.005676660799721844,0.0,0.9510565162951535,0.30901699437494745,2.5802168151427143,0.05849620755206697,0.3422552415328034,0.41811874936099,0.7138870503597403,0.3542738422545527
2024-01-03,-0.008048618327197943,22.09717380266837,0.05400717835295765,-0.004296936344729543,-0.9983044332864226,0.3542738422545527,-0.11715782889022308,-0.075809408494239,-0.008048618327197943,0.0,0.5877852522924732,-0.8090169943749473,2.641910395880644,0.06169358073792974,0.34719244029008145,0.41127495189934293,0.7175740573597237,0.5781428739213684
2024-01-04,-0.0034342716633180004,22.03577371296085,-0.061400089707518646,-0.0018622747528055084,-0.25155139521617836,0.5781428739213684,0.2238690316668157,0.3410268605570388,-0.0034342716633180004,0.0,-0.587785252292473,-0.8090169943749475,2.648300204795581,0.00638980891493679,0.41882463819594096,0.42019056615881667,0.7155238284501905,0.5856244023638013
2024-01-05,0.0018240216394342923,22.069875577584654,0.03410186462380338,0.001421079301173001,0.35202498053039144,0.5856244023638013,0.007481528442432883,-0.21638750322438283,0.0,0.0018240216394342923,-0.9510565162951536,0.30901699437494723,2.5915164134207695,-0.056783791374811265,0.5004505762450516,0.42932688183040185,0.6989434245943128,0.5638608281786768
2024-01-08,0.01401594543635376,22.04297157717623,-0.026904000408425333,0.012641622941152992,2.2291513346320375,0.5638608281786768,-0.021763574185124535,-0.029245102627557418,0.0,0.01401594543635376,0.0,1.0,2.5710843401961823,-0.020432073224587288,0.510666723572635,0.4340001176407312,0.7175582102904553,0.4870535533098257
2024-01-09,-0.001478993852318311,21.984552376665945,-0.05841920051028282,0.0030678407644807565,-0.24747584866933786,0.4870535533098257,-0.07680727486885108,-0.05504370068372655,-0.001478993852318311,0.0,0.9510565162951535,0.30901699437494745,2.5463152958540918,-0.024769044342090485,0.513791100005645,0.4417015040527673,0.7144870700368177,0.41099120956050295
2024-01-10,0.005649980650495934,21.975651591734206,-0.008900784931739736,0.0049270335027694605,0.8736520977146868,0.41099120956050295,-0.07606234374932275,0.0007449311195283359,0.0,0.005649980650495934,0.5877852522924732,-0.8090169943749473,2.540814248659574,-0.005501047194517827,0.5251345734668351,0.4429615865524966,0.7113707813976687,0.8598665493337857
2024-01-11,-0.0006712808369613299,22.047655538867087,0.07200394713288105,-0.0024841610606882824,-0.10296324215918927,0.8598665493337857,0.44887533977328276,0.5249376835226055,-0.0006712808369613299,0.0,-0.587785252292473,-0.8090169943749475,2.5209170535797867,-0.019897195079787267,0.5814793085493186,0.47196592741667426,0.7097562312204225,0.48448884228795164
2024-01-12,0.0007506937530337154,21.97211831256414,-0.07553722630294502,-0.0015352670973820654,0.11848119755876783,0.48448884228795164,-0.37537770704583406,-0.8242530468191168,0.0,0.0007506937530337154,-0.9510565162951536,0.30901699437494723,2.541601978446052,0.020684924866265497,0.5612521965341486,0.4746152518680521,0.7081042831146653,0.5160437145010348
2024-01-16,-0.0037383190523563314,22.172664097109905,0.20054578454576344,-0.00133568834007263,-0.5802445851315774,0.5160437145010348,0.031554872213083174,0.40693257925891724,-0.0037383190523563314,0.0,0.9510565162951535,0.30901699437494745,2.62756296121466,0.08596098276860786,0.5516887737986201,0.47081560518056087,0.7082553142062791,0.43970861869461664
2024-01-17,-0.005632731271107971,22.091548965518992,-0.08111513159091288,1.6897078248188495e-05,-0.8820795518646202,0.43970861869461664,-0.07633509580641817,-0.10788996801950135,-0.005632731271107971,0.0,0.5877852522924732,-0.8090169943749473,2.6939512741434677,0.06638831292880765,0.5422197868755785,0.46019100450510936,0.7047784594350227,0.6139544881758642
2024-01-18,0.008766720726242738,22.114298952662292,0.022749987143299677,0.00436847069211755,1.1592434577651631,0.6139544881758642,0.17424586948124754,0.2505809652876657,0.0,0.008766720726242738,-0.587785252292473,-0.8090169943749475,2.648300204795581,-0.045651069347886875,0.5828124425986505,0.47487373587258325,0.7077155868889691,0.6050878206130813
2024-01-19,0.012238308232548789,22.178899676378165,0.06460072371587344,0.009034903214007604,1.3488180514175039,0.6050878206130813,-0.00886666756278287,-0.1831125370440304,0.0,0.012238308232548789,-0.9510565162951536,0.30901699437494723,2.5877640495686753,-0.060536155226905475,0.5318566968545098,0.4894828102619167,0.709926126486811,0.35263375167855243
2024-01-22,0.002191921187231216,22.181324891403293,0.0024252150251271587,-0.0006161979334517359,-0.15151634596320038,0.35263375167855243,-0.2524540689345289,-0.243587401371746,0.0,0.002191921187231216,0.0,1.0,2.5794589349159778,-0.008305114652697565,0.50548567873263,0.4974889040160366,0.7044144781360601,0.30615426961203274
2024-01-23,0.0029171153407645534,22.087519067444994,-0.09380582395829862,0.0016047677744157334,0.14748572893401687,0.30615426961203274,-0.046479482066519695,0.20597458686800918,0.0,0.0029171153407645534,0.9510565162951535,0.30901699437494745,2.5297206807757897,-0.049738254140188065,0.4635077897548294,0.4730303545023947,0.7044813875366928,0.48318940902228014
2024-01-24,0.000811598976216743,22.18884030757422,0.10132124012922716,-0.004101682207265903,-0.2795138954368553,0.48318940902228014,0.1770351394102474,0.2235146214767671,0.0,0.000811598976216743,0.5877852522924732,-0.8090169943749473,2.5756610391845274,0.04594035840873767,0.4722039478203621,0.47096024559792893,0.7032653631498476,0.40609939356139046
2024-01-25,0.005246578134979529,22.114654699279832,-0.07418560829438903,0.0015336139976719384,0.547815630410784,0.40609939356139046,-0.07709001546088967,-0.25412515487113707,0.0,0.005246578134979529,-0.587785252292473,-0.8090169943749475,2.598979091866817,0.023318052682289814,0.4306329288974674,0.46468808451111115,0.701895413969982,0.3634386246438171
2024-01-26,-0.0006519977554262368,21.933240593766186,-0.181414105513646,0.00042128503540958534,-0.5448727701254583,0.3634386246438171,-0.042660768917573366,0.034429246543316305,-0.0006519977554262368,0.0,-0.9510565162951536,0.30901699437494723,2.58475200201879,-0.01422708984802723,0.3823030897036146,0.46630002623376143,0.7006916345487381,0.410497568557811
2024-01-29,0.007528365505246271,21.98319166253514,0.049951068768955054,0.007123623763127344,0.8135025963904403,0.410497568557811,0.0470589439139939,0.08971971283156727,0.0,0.007528365505246271,0.0,1.0,2.6100698207912507,0.025317818772460754,0.39387585307946626,0.4753722016702252,0.6996677931536694,0.21251600397609394
2024-01-30,-0.0006008303969800011,22.067729883122244,0.08453822058710259,-0.00018676985457992008,-0.7371548623740578,0.21251600397609394,-0.19798156458171706,-0.24504050849571096,-0.0006008303969800011,0.0,0.9510565162951535,0.30901699437494745,2.5885156639334435,-0.02155415685780726,0.3751481999522785,0.4770398822348846,0.6928510142898897,0.5758498304712484
2024-01-31,-0.016236851740732305,22.27000247302135,0.20227258989910624,-0.010988498252114716,-2.3831395798846753,0.5758498304712484,0.36333382649515444,0.5613153910768716,-0.016236851740732305,0.0,0.5877852522924732,-0.8090169943749473,2.663749968788886,0.07523430485544269,0.3936802842420722,0.4800432031363363,0.7137866303153394,0.5202158225956781
2024-02-01,0.012416286114049768,22.201704006795413,-0.0682984662259365,0.009230882460676144,1.2042935345453867,0.5202158225956781,-0.05563400787557027,-0.4189678343707247,0.0,0.012416286114049768,-0.587785252292473,-0.8090169943749475,2.630448963323681,-0.03330100546520498,0.41650357004892974,0.4823662579673317,0.7186716260422757,0.8003134242649205
2024-02-02,0.01062777072263188,22.10312704992056,-0.09857695687485446,0.008618023361349045,1.0299122870800619,0.8003134242649205,0.28009760166924236,0.3357316095448126,0.0,0.01062777072263188,-0.9510565162951536,0.30901699437494723,2.6282852601762876,-0.0021637031473935586,0.5038785299731504,0.5036062380630636,0.7223378235888961,0.5300365582758227
2024-02-05,-0.0031914247092839076,22.11545280276963,0.012325752849072558,-0.0029050288738146058,-0.622197041821274,0.5300365582758227,-0.2702768659890977,-0.5503744676583401,-0.0031914247092839076,0.0,0.0,1.0,2.615203656316981,-0.013081603859306679,0.5277863279167528,0.5013154611275613,0.7200949162874656,0.3232177077717174
2024-02-06,0.0023077459317484283,22.214118392175255,0.09866558940562342,0.0008218223215424242,0.05910561460204664,0.3232177077717174,-0.20681885050410537,0.06345801548499236,0.0,0.0023077459317484283,0.9510565162951535,0.30901699437494745,2.5695541559782002,-0.04564950033878068,0.5499266686758775,0.488819904242224,0.7170001739383393,0.3407012682267005
2024-02-07,0.008207682594008503,22.311600637024092,0.0974822448488375,0.004416141069672779,0.6728931752715632,0.3407012682267005,0.017483560454983116,0.22430241095908848,0.0,0.008207682594008503,0.5877852522924732,-0.8090169943749473,2.551786172681018,-0.017767983297182433,0.5028969562269678,0.47819325853022515,0.7169729122779371,0.18533815157153163
2024-02-08,0.0005704205400913764,22.19156866490711,-0.12003197211698335,0.0005503814110022019,-0.1829232622523102,0.18533815157153163,-0.15536311665516886,-0.17284667711015197,0.0,0.0005704205400913764,-0.587785252292473,-0.8090169943749475,2.548663612608189,-0.0031225600728288505,0.43592142202213857,0.4638258584474493,0.7137203524963527,0.3134629493785156
2024-02-09,0.005725917128794222,22.08756762484303,-0.10400104006408029,0.00447422420224655,0.3577219650578301,0.3134629493785156,0.12812479780698396,0.2834879144621528,0.0,0.005725917128794222,-0.9510565162951536,0.30901699437494723,2.5595502163859143,0.010886603777725323,0.3385513270448576,0.4591816555816403,0.7129260253266263,0.4391182000145086
2024-02-12,-0.0009494041426520994,22.059776290559977,-0.027791334283051583,-0.000993212997147798,-0.34395077388303846,0.4391182000145086,0.12565525063599298,-0.0024695471709909878,-0.0009494041426520994,0.0,0.0,1.0,2.6340448096995233,0.07449459331360897,0.32036765539259476,0.43914601989977,0.7114942995974441,0.7051324270308086
2024-02-13,-0.013768609419845035,22.18239003255354,0.12261374199356112,-0.002977495592071991,-1.4896568145531426,0.7051324270308086,0.2660142270163,0.14035897638030703,-0.013768609419845035,0.0,0.9510565162951535,0.30901699437494745,2.76316952439078,0.12912471469125686,0.396750599244413,0.44965285726847753,0.7213617003585227,0.5807209819818755
2024-02-14,0.009534168304217161,22.070195474804063,-0.11219455774947562,0.004847163990592699,0.8057293716865651,0.5807209819818755,-0.12441144504893309,-0.3904256720652331,0.0,0.009534168304217161,0.5877852522924732,-0.8090169943749473,2.66583836025124,-0.09733116413954024,0.444754541995448,0.4527327271485175,0.722926596561827,0.33401503120541515
2024-02-15,0.005804372674040437,22.143471166605977,0.07327569180191418,0.005300558204162093,0.4532498692831634,0.33401503120541515,-0.24670595077646035,-0.12229450572752726,0.0,0.005804372674040437,-0.587785252292473,-0.8090169943749475,2.6397713766859487,-0.026066983565291135,0.4744899179222247,0.44769969917284125,0.7217517870418487,0.45218837160044606
2024-02-16,-0.0048150435759612975,22.066984062032763,-0.07648710457321428,-0.005093330396731352,-0.8184860449062172,0.45218837160044606,0.11817334039503091,0.36487929117149126,-0.0048150435759612975,0.0,-0.9510565162951536,0.30901699437494723,2.656054889910667,0.016283513224718327,0.5022350023666108,0.439996550764488,0.7218449215351825,0.5223038425724142
2024-02-20,-0.006023426465818105,22.118242398696975,0.05125833666421187,-0.0027717618872936086,-0.9189289387984161,0.5223038425724142,0.07011547097196819,-0.04805786942306273,-0.006023426465818105,0.0,0.9510565162951535,0.30901699437494745,2.73566537308291,0.07961048317224284,0.518872130878192,0.43605445657207526,0.7202454381115486,0.47522305310044727
2024-02-21,0.001263401495103622,22.055206963939916,-0.06303543475705808,0.0037748342794798224,0.09766974840995042,0.47522305310044727,-0.04708078947196698,-0.11719626044393516,0.0,0.001263401495103622,0.5877852522924732,-0.8090169943749473,2.7304638058861697,-0.005201567196740253,0.47289025609211965,0.44189204235407026,0.718626825709099,0.501153770811011
2024-02-22,0.020902888666403996,22.12240485142317,0.06719788748325328,0.009520193193696735,2.00747022786735,0.501153770811011,0.02593071771056371,0.07301150718253069,0.0,0.020902888666403996,-0.587785252292473,-0.8090169943749475,2.6769034694817853,-0.0535603364043844,0.45697681385794675,0.45117773288735497,0.7308829469384271,0.3831657514044709
2024-02-23,0.0003478870265016809,22.02421742844949,-0.09818742297368033,-0.002378892300968829,-0.1529706707411333,0.3831657514044709,-0.11798801940654008,-0.1439187371171038,0.0,0.0003478870265016809,-0.9510565162951536,0.30901699437494723,2.6210388241125804,-0.05586464536920488,0.4668069578977579,0.4464147015722212,0.7317298403492183,0.2784330253286266
2024-02-26,-0.0037939392446677545,22.02724595434462,0.0030285258951323613,-0.0046189791455353525,-0.48644148250280483,0.2784330253286266,-0.10473272607584427,0.013255293330695805,-0.0037939392446677545,0.0,0.0,1.0,2.6203112701361366,-0.0007275539764437511,0.43205588864339395,0.4403353507039944,0.7304476791004563,0.32346486851853995
2024-02-27,0.0017048955387206632,22.090874197365537,0.06362824302091497,0.0007052409639456062,0.061839220011246504,0.32346486851853995,0.04503184318991332,0.1497645692657576,0.0,0.0017048955387206632,0.9510565162951535,0.30901699437494745,2.5974910332585845,-0.02282023687755208,0.3922880938326191,0.43843183850755246,0.7284176639291459,0.26351962800674755
2024-02-28,-0.0016595313211116292,22.055465615574487,-0.03540858179104944,0.0005049976278407797,-0.49288745133756456,0.26351962800674755,-0.0599452405117924,-0.10497708370170572,-0.0016595313211116292,0.0,0.5877852522924732,-0.8090169943749473,2.62756296121466,0.030071927956075495,0.3499474088138792,0.431432888957502,0.7261969665044207,0.5845421107914383
2024-02-29,0.00521547045579851,22.37571342936294,0.3202478137884519,0.0021431068603652726,0.4274602405468778,0.5845421107914383,0.3210224827846907,0.3809677232964831,0.0,0.00521547045579851,-0.587785252292473,-0.8090169943749475,2.5952546784889754,-0.032308282725684645,0.3666250768099647,0.44914841785347065,0.725852679159062,0.4331423153024412
2024-03-01,0.007975936433387787,22.281012481285615,-0.09470094807732465,0.007536545651637864,0.7405136418856252,0.4331423153024412,-0.15139979548899707,-0.47242227827368777,0.0,0.007975936433387787,-0.9510565162951536,0.30901699437494723,2.573375271587755,-0.021879406901220477,0.3766203895895587,0.44235282189305136,0.7261970831062236,0.3094850596761455
2024-03-04,-0.0011939745749618424,22.283185720591884,0.002173239306269892,-7.803409652328221e-06,-0.4797788204159751,0.3094850596761455,-0.1236572556262957,0.027742539862701365,-0.0011939745749618424,0.0,0.0,1.0,2.601948653252886,0.028573381665131237,0.3828307964590625,0.43231802365878785,0.724802997076459,0.7020713776790054
2024-03-05,-0.010245406275918967,22.209045740037737,-0.07413998055414694,-0.006255705099659946,-1.489043242829928,0.7020713776790054,0.3925863180028599,0.5162435736291556,-0.010245406275918967,0.0,0.9510565162951535,0.30901699437494745,2.671386219368722,0.06943756611583574,0.45855209829115556,0.4276398309642204,0.7265145265862099,0.49308706363266724
2024-03-06,0.0051279328530018375,22.240380105654314,0.03133436561657632,-0.0006403773673663854,0.3237611639993155,0.49308706363266724,-0.20898431404633816,-0.601570632049198,0.0,0.0051279328530018375,0.5877852522924732,-0.8090169943749473,2.6741486494265287,0.002762430057806853,0.5044655854163395,0.42588033121930835,0.7273173261054632,0.4160398878398387
2024-03-07,0.010251402284984223,22.143473583246966,-0.0969065224073482,0.004855327765081207,1.466386211853864,0.4160398878398387,-0.07704717579282855,0.1319371382535096,0.0,0.010251402284984223,-0.587785252292473,-0.8090169943749475,2.6700021044053517,-0.004146545021177062,0.47076514082601967,0.430300435032076,0.7284045099740788,0.8525699875393987
2024-03-08,-0.006549922992050483,22.160460040299203,0.016986457052237114,-0.00792566852859593,-1.1032180900867943,0.8525699875393987,0.43653009969956,0.5135772754923886,-0.006549922992050483,0.0,-0.9510565162951536,0.30901699437494723,2.6905648712332506,0.020562766827898926,0.5546506752734112,0.4546751359517283,0.7289871416860353,0.4583079436984326
2024-03-11,-0.001122868268028654,22.083326586502924,-0.07713345379627867,0.0011691182136627683,-0.3236189253122275,0.4583079436984326,-0.39426204384096614,-0.8307921435405261,-0.001122868268028654,0.0,0.0,1.0,2.722610369978139,0.0320454987448886,0.5844152520778685,0.4676736974815807,0.7276796274106563,0.7503086192117245
2024-03-12,0.011139512586668232,22.1294878177957,0.04616123129277483,0.007948038806784383,1.2880233674018606,0.7503086192117245,0.29200067551329195,0.6862627193542581,0.0,0.011139512586668232,0.9510565162951535,0.30901699437494745,2.62756296121466,-0.09504740876347917,0.5940627003844124,0.48847587223554306,0.729822023862241,0.35997252234790506
2024-03-13,-0.0019263840021217504,22.177893852550795,0.04840603475509653,-0.0015824229613537618,-0.5273708134353906,0.35997252234790506,-0.3903360968638195,-0.6823367723771114,-0.0019263840021217504,0.0,0.5877852522924732,-0.8090169943749473,2.6210388241125804,-0.0065241371020796635,0.56743979212746,0.4847070304418952,0.7283272832899019,0.6726550618307091
2024-03-14,-0.0028752210514948473,22.268265490096553,0.09037163754575772,-0.00477650792016134,-0.5440432408751592,0.6726550618307091,0.31268253948280406,0.7030186363466235,-0.0028752210514948473,0.0,-0.587785252292473,-0.8090169943749475,2.6672281800910014,0.046189355978421,0.618762826925634,0.4831604892418905,0.7275545818812726,0.44253525954114803
2024-03-15,-0.006504022859738612,22.77143211673908,0.5031666266425283,-0.0012148384180437732,-0.8563432452377202,0.44253525954114803,-0.23011980228956108,-0.5428023417723651,-0.006504022859738612,0.0,-0.9510565162951536,0.30901699437494723,2.667922399422403,0.0006942193314016798,0.5367558813259838,0.47658021674471296,0.7275570519782818,0.4077706764469644
2024-03-18,0.006298184238481497,22.11857444761521,-0.6528576691238719,-0.0010384315831601717,0.7989723219330809,0.4077706764469644,-0.03476458309418362,0.19535521919537746,0.0,0.006298184238481497,0.0,1.0,2.662355236516009,-0.005567162906394252,0.5266484278756902,0.4800923903276439,0.7319165423633891,0.4699973804268574
2024-03-19,0.005633253044342368,22.117468842382372,-0.0011056052328370924,0.0076413342595168686,0.5618270639016154,0.4699973804268574,0.062226703979892994,0.09699128707407662,0.0,0.005633253044342368,0.9510565162951535,0.30901699437494745,2.6261167962573397,-0.03623844025866907,0.4705861801187168,0.48094043836699685,0.7279600287584017,0.5378992233116542
2024-03-20,0.008864765516360507,22.12564267914236,0.008173836759986841,0.008250843782983686,0.9536882536731559,0.5378992233116542,0.06790184288479678,0.005675138904903787,0.0,0.008864765516360507,0.5877852522924732,-0.8090169943749473,2.5680215535731254,-0.05809524268421429,0.5061715203114666,0.4816830755450559,0.7305916279859397,0.2364259716588152
2024-03-21,0.003231309094529067,22.160189147062813,0.03454646792045324,-0.0022678306100561594,0.2561090916783845,0.2364259716588152,-0.301473251652839,-0.3693750945376358,0.0,0.003231309094529067,-0.587785252292473,-0.8090169943749475,2.55877650425956,-0.009245049313565623,0.4189257022770878,0.4703117859525972,0.7292197561360675,0.19556544328752562
2024-03-22,-0.0014031718343261446,21.93957226872749,-0.22061687833532417,-0.0015844374638604014,-0.6161754656901366,0.19556544328752562,-0.04086052837128959,0.2606127232815494,-0.0014031718343261446,0.0,-0.9510565162951536,0.30901699437494723,2.5695541559782002,0.010777651718640424,0.3695317390263634,0.45575996083243125,0.7279067817028704,0.17529793512416453
2024-03-25,-0.0030596403820322138,21.926646466271336,-0.012925802456152269,-0.00025486014406942515,-0.8484501713478949,0.17529793512416453,-0.020267508163361092,0.020593020207928497,-0.0030596403820322138,0.0,0.0,1.0,2.5794589349159778,0.009904778937777525,0.32303719076180337,0.4458614933905119,0.7285128225497269,0.3070068011813421
2024-03-26,-0.0028037219828060955,22.076982769611032,0.15033630333969583,-0.0048445220390863335,-0.6612074052734455,0.3070068011813421,0.13170886605717758,0.15197637422053867,-0.0028037219828060955,0.0,0.9510565162951535,0.30901699437494745,2.583242533221714,0.00378359830573638,0.2904390749127003,0.44722214938349836,0.7261978047649364,0.39859264018104545
2024-03-27,0.008593595582706115,22.071468847203285,-0.005513922407747174,0.004234965500225512,1.2576230240591753,0.39859264018104545,0.09158583899970335,-0.040123027057474225,0.0,0.008593595582706115,0.5877852522924732,-0.8090169943749473,2.5478814280551156,-0.03536110516659852,0.2625777582865786,0.45079966231980817,0.7236014071496536,0.24488196857425434
2024-03-28,0.0011158627007610278,22.10912760476131,0.037658757558023837,0.0012035963912015912,-0.16477667907319418,0.24488196857425434,-0.1537106716067911,-0.24529651060649446,0.0,0.0011158627007610278,-0.587785252292473,-0.8090169943749475,2.565718310117176,0.017836882062060244,0.2642689576696664,0.4499121547277846,0.7154128625540568,0.43714404755270464
2024-04-01,-0.002015614526957421,21.925015171494476,-0.1841124332668329,-0.0027043525453947404,-0.9487850637848529,0.43714404755270464,0.1922620789784503,0.3459727505852414,-0.002015614526957421,0.0,0.0,1.0,2.6137394936844682,0.04802118356729235,0.3125846785227022,0.44289319933546406,0.7086348207992887,0.33004477251734443
2024-04-02,-0.007265388203672174,22.08079800370593,0.15578283221145384,0.0002920278436890028,-1.554279720316642,0.33004477251734443,-0.10709927503536021,-0.2993613540138105,-0.007265388203672174,0.0,0.9510565162951535,0.30901699437494745,2.681706202263446,0.06796670857897791,0.3435340460013382,0.43798379253617364,0.7151973771135618,0.4192477774650227
2024-04-03,0.0010905275233383804,22.03247664969647,-0.04832135400945958,0.0032904790293311896,0.08873814007232574,0.4192477774650227,0.08920300494767824,0.19630227998303845,0.0,0.0010905275233383804,0.5877852522924732,-0.8090169943749473,2.662355236516009,-0.019350965747437332,0.3659822412580743,0.44321058862135826,0.7099787941283081,0.9570677859611338
2024-04-04,-0.012411035619262378,22.128303441128796,0.09582679143232653,-0.01863925060220792,-1.9086291500984982,0.9570677859611338,0.5378200084961111,0.44861700354843287,-0.012411035619262378,0.0,-0.587785252292473,-0.8090169943749475,2.794227920674744,0.131872684158735,0.477677270414092,0.4553532747300311,0.7265924756657844,0.6980265395146875
2024-04-05,0.011038050135699251,21.943145454730907,-0.18515798639788983,0.008759754577455576,1.713673274058153,0.6980265395146875,-0.2590412464464463,-0.7968612549425574,0.0,0.011038050135699251,-0.9510565162951536,0.30901699437494723,2.774462009456489,-0.01976591121825466,0.5683061846021786,0.4651122973910797,0.7267431359154599,0.2819712469504927
2024-04-08,-0.00037470119004190394,21.910554227596936,-0.032591227133970335,-0.0017246378782728334,0.03422002462651568,0.2819712469504927,-0.4160552925641948,-0.1570140461177485,-0.00037470119004190394,0.0,0.0,1.0,2.7206372889831454,-0.053824720473343746,0.5372716244817362,0.4587280763963489,0.6919672040480972,0.8677750659448858
2024-04-09,0.0014444494736345348,21.947241248865254,0.036687021268317466,-0.0013656221389443928,0.23501590653745538,0.8677750659448858,0.5858038189943932,1.001859111558588,0.0,0.0014444494736345348,0.9510565162951535,0.30901699437494745,2.7067159475307503,-0.013921341452395097,0.6448176831672445,0.45945212774899113,0.6745589385122494,0.5375833324228745
2024-04-10,-0.00950198183221218,22.07028128347935,0.12304003461409607,-0.0014018944177392417,-1.1699248937653888,0.5375833324228745,-0.33019173352201137,-0.9159955525164045,-0.00950198183221218,0.0,0.5877852522924732,-0.8090169943749473,2.7600099521047476,0.053294004573997356,0.6684847941588149,0.4632271462596788,0.7192071056074391,0.9472122157657349
2024-04-11,0.007417221983342159,21.978705220930138,-0.09157606254921191,0.005034688126019045,1.1527697529649303,0.9472122157657349,0.4096288833428604,0.7398206168648718,0.0,0.007417221983342159,-0.587785252292473,-0.8090169943749475,2.7020321185427174,-0.057977833562030234,0.6665136801197351,0.472603508000346,0.7090174539912855,0.7169843552722962
2024-04-12,-0.014657587802247463,22.100322663366086,0.12161744243594796,-0.00934440670467769,-1.4473060990158262,0.7169843552722962,-0.23022786049343869,-0.6398567438362991,-0.014657587802247463,0.0,-0.9510565162951536,0.30901699437494723,2.8512843383355686,0.1492522197928512,0.6703052432712567,0.4896040714729361,0.7254157763416583,1.1961973559601464
2024-04-15,-0.012094195787460293,22.09703457925637,-0.0032880841097160385,-0.01720655208556103,-0.9615052090409185,1.1961973559601464,0.4792130006878502,0.7094408611812889,-0.012094195787460293,0.0,0.0,1.0,2.956471535796025,0.10518719746045635,0.8531504650731876,0.5145346569076712,0.728361821431723,0.5351671879805919
2024-04-16,-0.002058624527503383,22.111108998305767,0.01407441904939688,-0.002605712723847145,0.10801955358200356,0.5351671879805919,-0.6610301679795545,-1.1402431686674048,-0.002058624527503383,0.0,0.9510565162951535,0.30901699437494745,2.9123506438828892,-0.04412089191313573,0.7866288894803288,0.5189457011190732,0.7261471489825946,0.8070950808989704
2024-04-17,-0.005797375076005196,22.00312410445962,-0.1079848938461474,-0.009267615436979635,-0.2403712467681894,0.8070950808989704,0.2719278929183785,0.932958060897933,-0.005797375076005196,0.0,0.5877852522924732,-0.8090169943749473,2.9019708434634395,-0.010379800419449747,0.840531239175548,0.5379611489501211,0.7248821434377296,0.7274886398221708
2024-04-18,-0.0022106017004848155,22.00967356251998,0.006549458060359115,-0.00406266283064548,0.05736458059304879,0.7274886398221708,-0.0796064410767996,-0.3515343339951781,-0.0022106017004848155,0.0,-0.587785252292473,-0.8090169943749475,2.8903717578961645,-0.011599085567274958,0.7965865239868352,0.5502226374927551,0.7232902803065973,0.7968116141054976
2024-04-19,-0.00879712965405588,22.07877877398468,0.06910521146470217,-0.007662972546847219,-0.6115135250195279,0.7968116141054976,0.06932297428332679,0.14892941536012638,-0.00879712965405588,0.0,-0.9510565162951536,0.30901699437494723,2.9290580913534825,0.03868633345731798,0.8125519757534756,0.5625517989591287,0.7238162161517291,0.9376136475532731
2024-04-22,0.008693351156837892,22.063581702711403,-0.01519707127327763,0.0046549758083033735,1.573913277043485,0.9376136475532731,0.14080203344777553,0.07147905916444874,0.0,0.008693351156837892,0.0,1.0,2.8296777207503316,-0.09938037060315086,0.7608352340721009,0.5959416882874361,0.7254735959483195,0.4369826642789189
2024-04-23,0.011893566567723113,22.045394940857083,-0.01818676185432011,0.008257905301940437,1.578912035883622,0.4369826642789189,-0.5006309832743543,-0.6414330167221298,0.0,0.011893566567723113,0.9510565162951535,0.30901699437494745,2.753023540000728,-0.07665418074960373,0.7411983293317661,0.6074377464298836,0.7297388903402349,0.5698328881715812
2024-04-24,0.00021298737793173927,22.01983787733244,-0.025557063524644263,-0.002605228436671469,0.21787017045634782,0.5698328881715812,0.13285022389266227,0.6334812071670166,0.0,0.00021298737793173927,0.5877852522924732,-0.8090169943749473,2.7707119789475727,0.017688438946844798,0.6937458907862883,0.6262251251464271,0.7259237838281296,0.8772503070435724
2024-04-25,-0.004586934270118803,22.099017316942394,0.07917943960995544,0.0056693018797970025,-0.19636386474764592,0.8772503070435724,0.30741741887199125,0.174567194979329,-0.004586934270118803,0.0,-0.587785252292473,-0.8090169943749475,2.7324175501047714,-0.03829442884280132,0.7236982242305686,0.6533795778065333,0.7246621714547797,0.5446435279576437
2024-04-26,0.010157381332325244,22.005349021942454,-0.09366829499994012,0.0030065108691861306,1.294204461150227,0.5446435279576437,-0.3326067790859287,-0.64002419795792,0.0,0.010157381332325244,-0.9510565162951536,0.30901699437494723,2.7100481859984953,-0.0223693641062761,0.6732646070009979,0.6603343819863713,0.730196343235663,0.48184604006467036
2024-04-29,0.0031734080766394612,21.960900664553392,-0.0444483573890615,0.00039882293353834484,0.29447043020646024,0.48184604006467036,-0.06279748789297335,0.2698092911929554,0.0,0.0031734080766394612,0.0,1.0,2.685804597355568,-0.024243588642927083,0.5821110855032774,0.6716183853906769,0.7241159185584269,0.6412841271065661
2024-04-30,-0.015855551118928446,22.129968034588387,0.16906737003499472,-0.01343085370960082,-1.7406725030659662,0.6412841271065661,0.15943808704189577,0.22223557493486912,-0.015855551118928446,0.0,0.9510565162951535,0.30901699437494745,2.7504708926110997,0.06466629525553147,0.6229713780688068,0.6813393415599084,0.7306203141729589,1.148968003149781
2024-05-01,-0.0034413534856305716,22.237110929857344,0.10714289526895726,-0.0021178874770229074,-0.38245518857943633,1.148968003149781,0.507683876043215,0.3482457890013192,-0.0034413534856305716,0.0,0.5877852522924732,-0.8090169943749473,2.733717970158959,-0.016752922452140773,0.7387984010644467,0.7203356858757386,0.7298318816030668,0.852341350492241
2024-05-02,0.009087024725083381,22.20069348519615,-0.03641744466119334,0.002942671157584785,0.8722162494990376,0.852341350492241,-0.29662665265754007,-0.804310528700755,0.0,0.009087024725083381,-0.587785252292473,-0.8090169943749475,2.6864860439749103,-0.04723192618404859,0.7338166097541804,0.7409591893532254,0.729204264378264,0.5198700346189495
2024-05-03,0.012478557659509448,22.090629640661614,-0.11006384453453677,0.00097755625124413,1.017326710613188,0.5198700346189495,-0.3324713158732915,-0.035844663215751416,0.0,0.012478557659509448,-0.9510565162951536,0.30901699437494723,2.601948653252886,-0.08453739072202415,0.7288619110864416,0.7201402488131212,0.7538498902683735,0.25769702105306136
2024-05-06,0.010273173691247806,22.02706135182324,-0.06356828883837551,0.007424177854985672,0.7489906727928651,0.25769702105306136,-0.2621730135658882,0.0702983023074033,0.0,0.010273173691247806,0.0,1.0,2.601948653252886,0.0,0.6840321072841198,0.6991721765054247,0.7589848961790884,0.2897525273312167
2024-05-07,0.0013425282288253015,22.106528106168106,0.0794667543448675,9.638646764040202e-05,-0.10745771696394452,0.2897525273312167,0.032055506278155343,0.2942285198440435,0.0,0.0013425282288253015,0.9510565162951535,0.30901699437494745,2.582486943526435,-0.019461709726451115,0.6137257873290499,0.6995427136664116,0.7258621721947032,0.27672416321346355
2024-05-08,-5.835635194628708e-06,22.069284929324684,-0.03724317684342182,0.0036092678369316115,-0.2586623847880477,0.27672416321346355,-0.013028364117753155,-0.0450838703959085,-5.835635194628708e-06,0.0,0.5877852522924732,-0.8090169943749473,2.5649493574615367,-0.017537586064898303,0.4392770193417864,0.671397432583963,0.7317009875224236,0.3683525349401599
2024-05-09,0.005078032639108443,22.038968728341075,-0.03031620098360932,0.0048159332573324476,0.21867646084492434,0.3683525349401599,0.09162837172669636,0.10465673584444951,0.0,0.005078032639108443,-0.587785252292473,-0.8090169943749475,2.540814248659574,-0.02413510880196279,0.3424792562313702,0.6633388231800241,0.7306148775400989,0.4043704416707551
2024-05-10,0.0016480400801661688,22.00915958423406,-0.029809144107016294,-0.0005379044466529213,-0.09006256745327282,0.4043704416707551,0.036017906730595184,-0.05561046499610117,0.0,0.0016480400801661688,-0.9510565162951536,0.30901699437494723,2.5297206807757897,-0.011093567883784239,0.3193793376417313,0.637489214889787,0.7296758381146092,0.3249218086854049
2024-05-13,-0.00024133317386620945,22.171527447801413,0.16236786356735422,-0.0022306492103647524,-0.2798982417703697,0.3249218086854049,-0.07944863298535021,-0.1154665397159454,-0.00024133317386620945,0.0,0.0,1.0,2.6100698207912507,0.080349140015461,0.3328242951682,0.6188195698142207,0.7251409452681858,0.31495633805450035
2024-05-14,0.004826148527454777,22.284265323553896,0.11273787575248306,0.00488740274928007,0.1394986459244469,0.31495633805450035,-0.009965470630904527,0.06948316235444568,0.0,0.004826148527454777,0.9510565162951535,0.30901699437494745,2.5967461372286285,-0.013323683562622257,0.33786505731285676,0.5768557118187138,0.7254240188056984,0.3769090913452047
2024-05-15,0.011647827787300002,22.19592365709825,-0.08834166645564778,0.008492794801521885,1.2259685489147245,0.3769090913452047,0.06195275329070438,0.0719182239216089,0.0,0.011647827787300002,0.5877852522924732,-0.8090169943749473,2.5217206075906473,-0.07502552963798115,0.35790204293920497,0.5693196119789334,0.7280990529307764,0.35929053140058803
2024-05-16,-0.002083837474089023,22.062853736741967,-0.13306992035628085,-0.002445465307258612,-1.2416841749420517,0.35929053140058803,-0.017618559944616696,-0.07957131323532107,-0.002083837474089023,0.0,-0.587785252292473,-0.8090169943749475,2.5193080826481626,-0.002412524942484673,0.3560896422312906,0.5479955858123438,0.7273167021469246,0.2919483753743327
2024-05-17,0.0011640956878942177,21.998103360039565,-0.06475037670240269,3.204147566741077e-05,-0.4823771805007973,0.2919483753743327,-0.06734215602625532,-0.04972359608163862,0.0,0.0011640956878942177,-0.9510565162951536,0.30901699437494723,2.4840729499500287,-0.03523513269813394,0.3336052289720061,0.5272555732195896,0.7255599293294356,0.3032495396634008
2024-05-20,0.0009159703084904436,21.95293562765192,-0.045167732387643156,0.0005238216353028537,-0.3880481323316747,0.3032495396634008,0.011301164289068077,0.0786433203153234,0.0,0.0009159703084904436,0.0,1.0,2.4973291383898717,0.013256188439842997,0.3292707751676053,0.5037526172937754,0.7147786302354003,0.23083748185938857
2024-05-21,0.002498749766893127,22.02134081928167,0.06840519162974701,0.004278726056692315,-0.011862535276252705,0.23083748185938857,-0.07241205780401222,-0.0837132220930803,0.0,0.002498749766893127,0.9510565162951535,0.30901699437494745,2.4731713646216233,-0.024157773768248347,0.31244700392858293,0.47009660940359055,0.7102925145055902,0.47424162735484854
2024-05-22,-0.002709791209351664,22.070593252971182,0.04925243368951371,-0.0023093714745519686,-1.1974725933028083,0.47424162735484854,0.24340414549545997,0.3158162032994722,-0.002709791209351664,0.0,0.5877852522924732,-0.8090169943749473,2.50878592047404,0.035614555852416796,0.3319135111305117,0.4718708457405395,0.707967098218692,0.7514656648347613
2024-05-23,-0.007408162283471853,22.076396305546297,0.005803052575114265,-0.013653915336115593,-1.6822324051459605,0.7514656648347613,0.27722403747991275,0.03381989198445279,-0.007408162283471853,0.0,-0.587785252292473,-0.8090169943749475,2.54709870589125,0.03831278541720984,0.4103485378173463,0.4805200255816434,0.721188800272522,0.3501649755859736
2024-05-24,0.006976649076673169,21.823713108004082,-0.2526831975422148,0.004396312568010931,1.0111373540076363,0.3501649755859736,-0.4013006892487877,-0.6785247267287005,0.0,0.006976649076673169,-0.9510565162951536,0.30901699437494723,2.4790562616903595,-0.06804244420089045,0.4219918578596745,0.4554207240836624,0.7313997762889106,0.4528689367576106
2024-05-28,0.00024877090688590897,22.045432259561476,0.2217191515573944,-0.001858438393475868,-0.2543624137029363,0.4528689367576106,0.10270396117163699,0.5040046504204247,0.0,0.00024877090688590897,0.9510565162951535,0.30901699437494745,2.55877650425956,0.0797202425692003,0.4519157372785165,0.45105050545508946,0.7278617008687522,0.22271832339439074
2024-05-29,-0.007394317215743129,21.990987788717717,-0.05444447084375881,-0.0022340503143064975,-1.3200825421996019,0.22271832339439074,-0.23015061336321985,-0.33285457453485684,-0.007394317215743129,0.0,0.5877852522924732,-0.8090169943749473,2.6588599382119416,0.10008343395238173,0.45029190558551696,0.43871109037555234,0.7290844238955205,0.42613792882782797
2024-05-30,-0.0059929575357529075,22.063188981146045,0.07220119242832723,-0.00462877633814915,-0.9905131271511154,0.42613792882782797,0.20341960543343723,0.4335702187966571,-0.0059929575357529075,0.0,-0.587785252292473,-0.8090169943749475,2.6720775590973527,0.013217620885411119,0.4406711658801129,0.42846603331466004,0.729869122855941,1.1265412101373369
2024-05-31,0.007995824231928239,22.416522702854497,0.35333372170845223,0.0065204524222575175,1.5203180992977992,1.1265412101373369,0.7004032813095089,0.4969836758760717,0.0,0.007995824231928239,-0.9510565162951536,0.30901699437494723,2.55877650425956,-0.11330105483779285,0.5156862749406279,0.4273980907902579,0.7323316301403335,0.8954447917601358
2024-06-03,0.0011154602235343702,22.121221935162676,-0.29530076769182045,-0.002599110253125036,0.2709863259552036,0.8954447917601358,-0.23109641837720107,-0.93149969968671,0.0,0.0011154602235343702,0.0,1.0,2.573375271587755,0.014598767328195095,0.6247422381754604,0.42945063561253866,0.7292250569087368,0.5295907036575184
2024-06-04,0.0015016810037842276,22.03373151583976,-0.0874904193229149,0.0024787391713454957,0.32944277979831954,0.5295907036575184,-0.36585408810261744,-0.13475766972541636,0.0,0.0015016810037842276,0.9510565162951535,0.30901699437494745,2.5771819143023467,0.003806642714591746,0.6400865915554419,0.42991352461437526,0.7276981502548262,0.5922491197622046
2024-06-05,0.011778015849955636,22.00182464228778,-0.03190687355198207,0.0074143412220373855,1.6667830890773643,0.5922491197622046,0.06265841610468625,0.4285125042073037,0.0,0.011778015849955636,0.5877852522924732,-0.8090169943749473,2.5360749454234384,-0.0411069688789083,0.7139927508290047,0.4458445769338583,0.7299087335468879,0.35235675510310177
2024-06-06,-0.0001998366016362496,22.00697083948127,0.005146197193489854,-0.000903734970312614,-0.160711001343874,0.35235675510310177,-0.23989236465910285,-0.3025507807637891,-0.0001998366016362496,0.0,-0.587785252292473,-0.8090169943749475,2.532108245207593,-0.003966700215845442,0.6992365160840595,0.44882573063728143,0.7280901336569406,0.5767143411653995
2024-06-07,-0.0011158420502788147,22.029639983161054,0.02266914367978501,0.0005949369154604667,-0.43417945514637474,0.5767143411653995,0.22435758606229778,0.46424995072140063,-0.0011158420502788147,0.0,-0.9510565162951536,0.30901699437494723,2.5030739755952336,-0.02903426961235933,0.589271142289672,0.4631109772064212,0.7254607873761609,0.39191296253800745
2024-06-10,0.002577529978241344,22.010369499051954,-0.01927048410910004,0.0036572280472855316,0.2671563006354592,0.39191296253800745,-0.1848013786273921,-0.4091589646896899,0.0,0.002577529978241344,0.0,1.0,2.54474663217841,0.041672656583176426,0.48856477644524626,0.46423290233012826,0.7243414861990796,0.5892251499726133
2024-06-11,0.0027067148552095688,21.995279459980843,-0.015090039071111505,0.004160923012530326,0.24611861065822307,0.5892251499726133,0.19731218743460588,0.382113566061998,0.0,0.0027067148552095688,0.9510565162951535,0.30901699437494745,2.5533438410275884,0.008597208849178362,0.5004916657082653,0.47303550748735956,0.7227083199425931,0.4774232790963303
2024-06-12,0.008467720241887022,22.10022677713757,0.10494731715672856,0.002197549712565461,1.068373046849915,0.4774232790963303,-0.11180187087628302,-0.3091140583108889,0.0,0.008467720241887022,0.5877852522924732,-0.8090169943749473,2.4882344367123217,-0.06510940431526668,0.47752649757509047,0.48029748226883223,0.7200612599505243,0.5054859106319938
2024-06-13,0.002341911437117261,21.984671351106375,-0.11555542603119662,-0.001506103558772464,-0.3256627106382578,0.5054859106319938,0.028062631535663463,0.13986450241194648,0.0,0.002341911437117261,-0.587785252292473,-0.8090169943749475,2.479894072820678,-0.008340363891643499,0.5081523286808689,0.48937031905823664,0.7227528633360363,0.36372642333999056
2024-06-14,-0.00039393828099854034,21.958344789736604,-0.026326561369771184,0.0013854536265550089,-0.7961731666203231,0.36372642333999056,-0.14175948729200322,-0.16982211882766668,-0.00039393828099854034,0.0,-0.9510565162951536,0.30901699437494723,2.538447404663274,0.058553331842595924,0.46555474511578704,0.48874257296275025,0.6958046621426986,0.7408623335344616
2024-06-17,0.007635164372320702,21.961013785248912,0.002668995512308925,0.007725424422914933,0.9522618784551988,0.7408623335344616,0.37713591019447107,0.5188953974864743,0.0,0.007635164372320702,0.0,1.0,2.545531271604435,0.00708386694116081,0.5353446193150779,0.506912658778649,0.6955446106172494,0.21272008943992773
2024-06-18,0.0025181541815175734,21.988614980760595,0.027601195511682164,0.001984804900467873,-0.260768766318476,0.21272008943992773,-0.5281422440945339,-0.9052781542890049,0.0,0.0025181541815175734,0.9510565162951535,0.30901699437494745,2.509599277885271,-0.035931993719164,0.4600436072085408,0.5031398832579631,0.6815893157120103,0.5686431304196679
2024-06-20,-0.002529127395412445,22.07057505742364,0.08196007666304439,-0.004888357688459725,-1.3221067624065685,0.5686431304196679,0.35592304097974015,0.8840652850742741,-0.002529127395412445,0.0,-0.587785252292473,-0.8090169943749475,2.5862591239406965,0.07665984605542553,0.47828757747320827,0.5157776732939757,0.6731629609388818,0.33914593397973397
2024-06-21,-0.0015633517188238244,22.636328066400672,0.5657530089770333,-0.00039334473375853734,-0.9796914141185471,0.33914593397973397,-0.22949719643993388,-0.585420237419674,-0.0015633517188238244,0.0,-0.9510565162951536,0.30901699437494723,2.5802168151427143,-0.006042308797982177,0.44501958214275633,0.5209352186330397,0.6649055144096966,0.5406347268474792
2024-06-24,-0.003069879155868094,22.030719892488378,-0.6056081739122945,-0.0021471499253520173,-1.2554962213901022,0.5406347268474792,0.20148879286774518,0.43098598930767906,-0.003069879155868094,0.0,0.0,1.0,2.5900171284671405,0.009800313324426213,0.480401242844254,0.5240967947993556,0.660229098577556,0.32664735862400796
2024-06-25,0.003925873679182956,22.0019638517453,-0.02875604074307958,0.0015681249078568773,0.4824593652086914,0.32664735862400796,-0.2139873682234712,-0.4154761610912164,0.0,0.003925873679182956,0.9510565162951535,0.30901699437494745,2.552565310145607,-0.03745181832153355,0.3975582478621633,0.5038673516464625,0.6537632278004155,0.3541049522107972
2024-06-26,0.0015711962247202393,21.99412689989452,-0.00783695185077704,0.0031429872299708196,-0.08024398271858628,0.3541049522107972,0.02745759358678923,0.24144496181026043,0.0,0.0015711962247202393,0.5877852522924732,-0.8090169943749473,2.5297206807757897,-0.022844629369817238,0.4258352204163372,0.504054969580978,0.6410581037652671,0.2812461909978755
2024-06-27,0.0009069098567984213,22.001287111934463,0.007160212039941882,0.0016940281240310846,-0.07021650626918158,0.2812461909978755,-0.07285876121292167,-0.1003163547997109,0.0,0.0009069098567984213,-0.587785252292473,-0.8090169943749475,2.5047092583846835,-0.02501142239110621,0.3683558325319788,0.4958824578781334,0.630471575931561,0.8787812997958343
2024-06-28,-0.004092013462368982,22.69723852390551,0.6959514119710484,-0.005114652193284482,-1.2760151150440144,0.8787812997958343,0.5975351087979588,0.6703938700108805,-0.004092013462368982,0.0,-0.9510565162951536,0.30901699437494723,2.5209170535797867,0.01620779519510318,0.4762829056951988,0.5271235519924878,0.6260161194519671,0.42496225290644285
2024-07-01,0.0026719909814296727,21.972812209453476,-0.7244263144520353,0.0007326335755745108,0.5152252364021146,0.42496225290644285,-0.45381904688939145,-1.0513541556873502,0.0,0.0026719909814296727,0.0,1.0,2.5030739755952336,-0.01784307798455309,0.45314841090699154,0.5270675674248029,0.6146225148790574,0.38883576333877495
2024-07-02,0.006176205771184939,21.926223126111328,-0.046589083342148285,0.008599190440738988,1.6483965368957907,0.38883576333877495,-0.0361264895676679,0.41769255732172356,0.0,0.006176205771184939,0.9510565162951535,0.30901699437494745,2.487403507789679,-0.01567046780555481,0.4655860918499449,0.4919387366248713,0.6157075327774811,0.23541949772193277
2024-07-03,0.005071562269533203,21.5023475653819,-0.423875560729428,0.005356558665127927,1.157568267532441,0.23541949772193277,-0.15341626561684218,-0.11728977604917429,0.0,0.005071562269533203,0.5877852522924732,-0.8090169943749473,2.4923786772477015,0.004975169458022677,0.44184900095217206,0.46050896071829023,0.6072432198675637,0.36825779498385824
2024-07-05,0.0054339743609688185,21.902868077126307,0.40052051174440706,0.005273226309913988,1.0266769660566628,0.36825779498385824,0.13283829726192548,0.28625456287876766,0.0,0.0054339743609688185,-0.9510565162951536,0.30901699437494723,2.5241273262614996,0.03174864901379815,0.45925132174936867,0.4528264412576397,0.6058950736299481,0.2613825513616226
2024-07-08,0.0010161824764054472,21.881928465229162,-0.020939611897144772,1.796182446443436e-05,-0.27283372322842714,0.2613825513616226,-0.10687524362223566,-0.23971354088416114,0.0,0.0010161824764054472,0.0,1.0,2.5152741771529077,-0.008853149108591918,0.3357715720625262,0.43707089038142155,0.5902496066918916,0.1883144145811729
2024-07-09,0.0007407974780644366,21.896651590873812,0.014723125644650281,-0.0013009787085143754,-0.5283041806947528,0.1883144145811729,-0.07306813678044968,0.03380710684178598,0.0,0.0007407974780644366,0.9510565162951535,0.30901699437494745,2.52652834277473,0.011254165621822132,0.2884420043974723,0.42925935035656776,0.5717701730935849,0.39684230158607625
2024-07-10,0.010156314878106087,21.928068297312574,0.03141670643876182,0.007599100265490028,1.8406161289475709,0.39684230158607625,0.20852788700490335,0.28159602378535303,0.0,0.010156314878106087,0.5877852522924732,-0.8090169943749473,2.5533438410275884,0.02681549825285856,0.29004331204693257,0.4206940151385048,0.6178225063881342,0.6126696645110864
2024-07-11,-0.008801649969266023,22.114784030315203,0.18671573300262878,-0.009032334295948371,-1.9843733406643744,0.6126696645110864,0.21582736292501015,0.007299475920106796,-0.008801649969266023,0.0,-0.587785252292473,-0.8090169943749475,2.55877650425956,0.005432663231971446,0.3654933454047633,0.43120623904198474,0.6560861620711792,0.7721473578383623
2024-07-12,0.00550186402496422,22.031674329679255,-0.0831097006359478,0.004388743605216405,0.5657272025974363,0.7721473578383623,0.1594776933272759,-0.05634966959773424,0.0,0.00550186402496422,-0.9510565162951536,0.30901699437494723,2.5225235164208617,-0.036252987838698125,0.4462712579756641,0.43991682036892515,0.6516006258970668,0.6497365375421071
2024-07-15,0.002822216423354007,22.009869688886706,-0.02180464079254918,-0.0012316457613494398,-0.051212750582265605,0.6497365375421071,-0.12241082029625516,-0.28188851362353107,0.0,0.002822216423354007,0.0,1.0,2.574137774793312,0.05161425837245037,0.523942055211761,0.4481222136282479,0.6380346374857362,0.2870776348580387
2024-07-16,0.0063690499714521565,22.119946077866135,0.1100763889794294,0.0040862507529498505,0.5709542460452737,0.2870776348580387,-0.3626589026840684,-0.24024808238781326,0.0,0.0063690499714521565,0.9510565162951535,0.30901699437494745,2.5794589349159778,0.005321160122665702,0.5436946992671342,0.43772181954377387,0.6380985358210479,0.40929276072307863
2024-07-17,-0.014025441523644488,22.16934917694806,0.04940309908192475,-0.0038934042955538527,-2.088967577574673,0.40929276072307863,0.12221512586503991,0.4848740285491083,-0.014025441523644488,0.0,0.5877852522924732,-0.8090169943749473,2.6727683553440564,0.09330942042807866,0.5461847910945347,0.4398916451334448,0.7099653047574345,0.913289721101458
2024-07-18,-0.007847112145350721,22.111435938015674,-0.05791323893238598,-0.011471363139674581,-1.0225539424956185,0.913289721101458,0.5039969603783794,0.38178183451333947,-0.007847112145350721,0.0,-0.587785252292473,-0.8090169943749475,2.7682041430792563,0.0954357877351999,0.6063088024126089,0.4481024731128255,0.721278180457025,0.6417913010822227
2024-07-19,-0.007165879226405991,22.047836378869338,-0.0635995591463363,-0.006945870032340174,-0.7673849253634974,0.6417913010822227,-0.2714984200192353,-0.7754953803976147,-0.007165879226405991,0.0,-0.9510565162951536,0.30901699437494723,2.804571795802497,0.03636765272324061,0.580237591061381,0.4685344355719824,0.7219989330641421,0.4772197600885715
2024-07-22,0.010734217246220368,21.939714493478345,-0.1081218853909931,0.0035773206339645824,1.2481349819137535,0.4772197600885715,-0.16457154099365123,0.10692687902558407,0.0,0.010734217246220368,0.0,1.0,2.7020321185427174,-0.10253967725977953,0.5457342355706739,0.4641809417466921,0.7358747267859964,0.42410783624833115
2024-07-23,-0.0015593176939461273,21.97608880392755,0.03637431044920447,-0.0017191868086882062,-0.13497233921200247,0.42410783624833115,-0.05311192384024033,0.1114596171534109,-0.0015593176939461273,0.0,0.9510565162951535,0.30901699437494745,2.689207131441274,-0.01282498710144342,0.5731402758487324,0.4682267466166253,0.7175518206275746,0.7055834596139431
2024-07-24,-0.023421242222893213,22.09585419876358,0.11976539483602977,-0.014398891207069464,-1.8744273723994815,0.7055834596139431,0.28147562336561194,0.33458754720585226,-0.023421242222893213,0.0,0.5877852522924732,-0.8090169943749473,2.892591565384329,0.20338443394305505,0.6323984156269054,0.4760814481769331,0.9004866650136356,1.2633289798055694
2024-07-25,-0.005155889019716753,22.247607628244175,0.15175342948059622,-0.005445192094590598,-0.17180188725240628,1.2633289798055694,0.5577455201916263,0.2762698968260143,-0.005155889019716753,0.0,-0.587785252292473,-0.8090169943749475,2.9156061794795076,0.023014614095178576,0.7024062673677276,0.5206853348998647,0.8614902679347635,0.6875512485877275
2024-07-26,0.01102942040957089,22.014911549676814,-0.2326960785673613,0.0046691928566700725,1.2569286476468589,0.6875512485877275,-0.5757777312178418,-1.1335232514094682,0.0,0.01102942040957089,-0.9510565162951536,0.30901699437494723,2.796671355516472,-0.11893482396303545,0.7115582568688286,0.5365637299654327,0.8650301797497115,0.5402892096505434
2024-07-29,0.0008129795718279098,21.941132670958165,-0.07377887871864885,-0.00237836652960359,0.35115711650820075,0.5402892096505434,-0.14726203893718415,0.42851569228065767,0.0,0.0008129795718279098,0.0,1.0,2.8094027183426014,0.012731362826129189,0.7241721467812229,0.548899111806036,0.8212818852468055,1.0328097720734613
2024-07-30,-0.004972514361366365,22.05239178444106,0.11125911348289463,-0.007748894607240733,-0.07827820717864503,1.0328097720734613,0.49252056242291786,0.639782601360102,-0.004972514361366365,0.0,0.9510565162951535,0.30901699437494745,2.8729995383614964,0.063596820018895,0.8459125339462489,0.5562338009621135,0.8009060114856754,0.7151640555201869
2024-07-31,0.01566998070191694,22.237713718543038,0.18532193410197806,0.003030493459535768,1.469610428188323,0.7151640555201869,-0.31764571655327434,-0.8101662789761922,0.0,0.01566998070191694,0.5877852522924732,-0.8090169943749473,2.794839368482153,-0.07816016987934349,0.8478286531274977,0.5700529344199107,0.8657382426036383,1.7211960549248424
2024-08-01,-0.013788123791989904,22.271598262179346,0.033884543636307995,-0.016598223805672527,-1.0008897935179388,1.7211960549248424,1.0060319994046556,1.3236777159579298,-0.013788123791989904,0.0,-0.587785252292473,-0.8090169943749475,2.9226238099414155,0.1277844414592626,0.9394020681513524,0.633498662590676,0.9229151380452562,1.0257830026193302
2024-08-02,-0.018552906608553243,22.363514195367756,0.09191593318841029,-0.005608387653500152,-1.1972371024690123,1.0257830026193302,-0.6954130523055122,-1.7014450517101678,-0.018552906608553243,0.0,-0.9510565162951536,0.30901699437494723,3.152308554501536,0.22968474456012045,1.0070484189576727,0.6711350199667424,1.0607057719473656,1.7446017737421673
2024-08-05,-0.03042704139239305,22.397226645583515,0.033712450215759304,0.0068082570692579655,-1.5951574378558142,1.7446017737421673,0.7188187711228371,1.4142318234283493,-0.03042704139239305,0.0,0.0,1.0,3.6524747643078785,0.5001662098063426,1.2479109317759975,0.7366752094314238,1.4921100009897632,1.548155869795197
2024-08-06,0.010300849493599884,22.26873893052431,-0.12848771505920453,0.006434718051291683,1.0349997861385163,1.548155869795197,-0.19644590394697037,-0.9152646750698075,0.0,0.010300849493599884,0.9510565162951535,0.30901699437494745,3.3217933258352854,-0.3306814384725931,1.3509801513203448,0.7979501293568322,1.395803233694855,1.4368353549649104
2024-08-07,-0.007764715388770327,22.24020680892495,-0.028532121599361915,-0.017847264057143725,-0.24192972002034888,1.4368353549649104,-0.11132051483028649,0.08512538911668388,-0.007764715388770327,0.0,0.5877852522924732,-0.8090169943749473,3.32683298007059,0.005039654235304614,1.4953144112092895,0.8574035074703433,1.310982444151635,0.9871635480067059
2024-08-08,0.022781139590899002,22.11375887153758,-0.12644793738736837,0.012626159539446458,1.451737541394748,0.9871635480067059,-0.4496718069582045,-0.33835129212791804,0.0,0.022781139590899002,-0.587785252292473,-0.8090169943749475,3.1692653627985705,-0.1575676172720195,1.348507909825662,0.8855140430141828,1.4404616639314827,0.6857909526026482
2024-08-09,0.004660798434381164,21.98070357622568,-0.13305529531190174,0.005535335892389497,0.416342394743637,0.6857909526026482,-0.3013725954040577,0.14829921155414683,0.0,0.004660798434381164,-0.9510565162951536,0.30901699437494723,3.014063271438193,-0.15520209136037755,1.2805094998223256,0.8889960091137811,1.3205189656568836,0.6130629683582557
2024-08-12,4.3033051721153015e-05,21.935254429132996,-0.04544914709268255,-0.001400440958234952,0.13798010441210398,0.6130629683582557,-0.07272798424439253,0.22864461115966517,0.0,4.3033051721153015e-05,0.0,1.0,3.030616631200474,0.016553359762280895,1.0542017387455433,0.8814205619956808,1.2055826402746692,0.41185710337493964
2024-08-13,0.016707233419049672,22.017713513706063,0.08245908457306683,0.010627796972176029,0.9681811781515512,0.41185710337493964,-0.20120586498331605,-0.12847788073892352,0.0,0.016707233419049672,0.9510565162951535,0.30901699437494745,2.8970163469301413,-0.13360028427033255,0.826941985461492,0.8700929698924822,1.2422228824331105,0.5972800879262982
2024-08-14,0.003816436561198344,21.941156339527186,-0.07655717417887686,0.0023583429735825334,0.3056457711064293,0.5972800879262982,0.18542298455135853,0.3866288495346746,0.0,0.003816436561198344,0.5877852522924732,-0.8090169943749473,2.7843938006764253,-0.11262254625371604,0.6590309320537695,0.8848645152766851,1.1408627415681007,0.330009055824459
2024-08-15,0.016004489931304988,22.03787889482232,0.09672255529513407,0.007622093728160546,0.8555225758132434,0.330009055824459,-0.26727103210183917,-0.4526940166531977,0.0,0.016004489931304988,-0.587785252292473,-0.8090169943749475,2.7232671368503616,-0.06112666382606369,0.5276000336173202,0.8810891007577033,1.1760985346131658,0.3866835233133905
2024-08-16,0.0019878023683954638,21.93451907478285,-0.10335982003947208,0.004285173114928124,-0.12105559952772053,0.3866835233133905,0.05667446748893151,0.3239454995907707,0.0,0.0019878023683954638,-0.9510565162951536,0.30901699437494723,2.69462719365756,-0.02863994319280172,0.46777854775946864,0.8560126151487478,1.078696778615599,0.45770857974855395
2024-08-19,0.009675327436177383,21.893283640202757,-0.04123543458009138,0.009138948745772335,0.2040885812006337,0.45770857974855395,0.07102505643516344,0.014350588946231924,0.0,0.009675327436177383,0.0,1.0,2.6844403094241867,-0.010186884233373217,0.4367076700375282,0.8472467712757159,1.0349912685680156,0.4371804200998965
2024-08-20,-0.001986527237608726,21.820016394000525,-0.07326724620223146,-0.0010285296665640171,-0.900021748307509,0.4371804200998965,-0.02052815964865745,-0.09155321608382089,-0.001986527237608726,0.0,0.9510565162951535,0.30901699437494745,2.7650604630255966,0.08062015360140995,0.44177233338251964,0.8453401360381598,0.9518823821500666,0.4791780865696018
2024-08-21,0.004230714721005668,21.86099306426362,0.04097667026309537,0.003164712003444582,-0.4351598119278269,0.4791780865696018,0.04199766646970532,0.06252582611836277,0.0,0.004230714721005668,0.5877852522924732,-0.8090169943749473,2.78932294936639,0.0242624863407932,0.4181519331111804,0.8479625289106013,0.8803940015750871,0.7239404507503734
2024-08-22,-0.00897294225665668,21.815702428861513,-0.045290635402107426,-0.01197862757812088,-1.725330526735642,0.7239404507503734,0.24476236418077157,0.20276469771106626,-0.00897294225665668,0.0,-0.587785252292473,-0.8090169943749475,2.8650539064395404,0.07573095707315058,0.49693821209636324,0.8488366713456695,0.9014489080885146,0.6189959225566404
2024-08-23,0.011417937401663636,21.91474289389648,0.09904046503496744,0.005716726931701057,0.7502004849648123,0.6189959225566404,-0.10494452819373301,-0.3497068923745046,0.0,0.011417937401663636,-0.9510565162951536,0.30901699437494723,2.7638001945596176,-0.10125371187992283,0.5434006919450132,0.8181541448100061,0.9106958234465861,0.5656843867490371
2024-08-26,-0.003158710169605783,21.801188905751275,-0.11355398814520612,-0.0040546073403840786,-0.9620392322265842,0.5656843867490371,-0.05331153580760328,0.05163299238612973,-0.003158710169605783,0.0,0.0,1.0,2.781920026048249,0.018119831488631277,0.5649958533451098,0.8123509609129256,0.8578723927799053,0.40161704056284947
2024-08-27,0.0015939251127239373,21.75252447512608,-0.048664430625194655,0.004080565030717355,-0.25205546881071084,0.40161704056284947,-0.16406734618618762,-0.11075581037858434,0.0,0.0015939251127239373,0.9510565162951535,0.30901699437494745,2.73631368615315,-0.04560633989509899,0.5578831774377004,0.8057475242897022,0.796483430708115,0.7545447717860921
2024-08-28,-0.005993900794734941,21.839537936168856,0.08701346104277619,-0.005764566826617904,-1.061626210565052,0.7545447717860921,0.35292773122324267,0.5169950774094303,-0.005993900794734941,0.0,0.5877852522924732,-0.8090169943749473,2.8396631235763143,0.10334943742316449,0.6129565144809985,0.7924968099903035,0.7881744182644476,0.7779426675783665
2024-08-29,-3.937984343771461e-05,21.843522193998588,0.003984257829731774,-0.0027394405816502303,-0.14246858592837824,0.7779426675783665,0.02339789579227436,-0.3295298354309683,-3.937984343771461e-05,0.0,-0.587785252292473,-0.8090169943749475,2.7504708926110997,-0.08919223096521467,0.6237569578465971,0.7954862677073598,0.7408522573191122,0.782579837738613
2024-08-30,0.01004245707914464,22.15497562683559,0.311453432837002,0.006333246319324785,1.1859567938673117,0.782579837738613,0.004637170160246451,-0.018760725632027908,0.0,0.01004245707914464,-0.9510565162951536,0.30901699437494723,2.70805020110221,-0.04242069150888961,0.6564737408829917,0.7507902573651585,0.7654394584486681,1.0902060136637817
2024-09-03,-0.021377963372398057,22.07557674674383,-0.07939888009175888,-0.01702928104334499,-2.092013619821467,1.0902060136637817,0.3076261759251687,0.30298900576492227,-0.021377963372398057,0.0,0.9510565162951535,0.30901699437494745,3.0310993842520197,0.3230491831498097,0.7613780662659405,0.7538580197958465,1.0427453607955688,0.6126457197285514
2024-09-04,-0.0016038290273812095,21.969763505374857,-0.10581324136897408,0.0024285768732393203,-0.022824564399384024,0.6126457197285514,-0.47756029393523025,-0.785186469860399,-0.0016038290273812095,0.0,0.5877852522924732,-0.8090169943749473,3.0596455849835826,0.028546200731562887,0.8035838020990809,0.699955350557103,0.9775277029318031,0.8221766082671276
2024-09-05,-0.0030225810146742305,21.982195467011415,0.012431961636558242,-0.003024438581163904,-0.09759594280715041,0.8221766082671276,0.20953088853857615,0.6870911824738064,-0.0030225810146742305,0.0,-0.587785252292473,-0.8090169943749475,2.9907197125611136,-0.06892587242246906,0.8171101693952879,0.6653849095319568,0.9260995378935539,1.06692721126193
2024-09-06,-0.01741094450742331,22.064248975617886,0.08205350860647087,-0.01812296240216484,-1.3966134928877048,1.06692721126193,0.24475060299480234,0.03521971445622618,-0.01741094450742331,0.0,-0.9510565162951536,0.30901699437494723,3.1081676653845203,0.1174479528234067,0.8749070781320007,0.6477702360222911,1.0589776908965418,0.5528034669224667
2024-09-09,0.011513534435817263,22.065070025928286,0.0008210503103995848,0.005311047541779349,1.3949715637061249,0.5528034669224667,-0.5141237443394632,-0.7588743473342655,0.0,0.011513534435817263,0.0,1.0,2.9678471092901333,-0.14032055609438698,0.8289518039687713,0.6270864226373273,1.0462566128066495,0.7241826675690671
2024-09-10,0.004462699977795026,22.07086614646248,0.005796120534192539,0.000912113721078158,0.6255440923889499,0.7241826675690671,0.1713792006466004,0.6855029449860636,0.0,0.004462699977795026,0.9510565162951535,0.30901699437494745,2.948640662021506,-0.01920644726862708,0.7557471347498286,0.6289145995404901,0.9845558733039075,1.8693153286879458
2024-09-11,0.010608555649842089,22.068594964381557,-0.0022711820809213634,0.010444817064924347,1.0486227652010358,1.8693153286879458,1.1451326611188786,0.9737534604722782,0.0,0.010608555649842089,0.5877852522924732,-0.8090169943749473,2.8729995383614964,-0.07564112366000986,1.0070810565417074,0.6887361405085706,0.9713681598930983,0.7097697357534718
2024-09-12,0.007467352156803386,22.019381082085136,-0.04921388229642076,0.006864361627261686,0.6429047802078391,0.7097697357534718,-1.159545592934474,-2.3046782540533526,0.0,0.007467352156803386,-0.587785252292473,-0.8090169943749475,2.8373225189284472,-0.03567701943304913,0.9845996820389764,0.7029224563361197,0.9321717445756936,0.3560580190935517
2024-09-13,0.005393142234355608,21.976254494543507,-0.04312658754162868,0.004039447821960776,0.4112458529253628,0.3560580190935517,-0.3537117166599201,0.8058338762745539,0.0,0.005393142234355608,-0.9510565162951536,0.30901699437494723,2.806990116707257,-0.030332402221190158,0.8424258436053007,0.691435691153608,0.8864994420120538,0.343833132300091
2024-09-16,0.0012558408673104537,21.957885201496435,-0.018369293047072688,0.0031791289674142566,0.13674988739284327,0.343833132300091,-0.012224886793460732,0.34148682986645934,0.0,0.0012558408673104537,0.0,1.0,2.841414877559857,0.034424760852600045,0.8006317766808255,0.6920939805095905,0.8315965943658892,0.6729624338191584
2024-09-17,0.0002645150938960228,21.959783273038468,0.0018980715420333638,-0.003707625318391027,-0.1945382101204033,0.6729624338191584,0.32912930151906744,0.3413541883125282,0.0,0.0002645150938960228,0.9510565162951535,0.30901699437494745,2.8684669571674872,0.02705207960763012,0.7903877299308437,0.7057263095812937,0.7798039851206351,0.8976258390851711
2024-09-18,-0.0029006587083131308,22.0292689181054,0.06948564506693344,-0.004159958943440501,-0.5525771435599008,0.8976258390851711,0.2246634052660127,-0.10446589625305475,-0.0029006587083131308,0.0,0.5877852522924732,-0.8090169943749473,2.903068563580112,0.034601606412624886,0.5960498320102888,0.7266747505020851,0.7502118258602355,0.5714522319027067
2024-09-19,0.016834356892726277,22.11567397106091,0.08640505295550938,0.0019288712164464983,1.382817021693098,0.5714522319027067,-0.32617360718246446,-0.5508370124484772,0.0,0.016834356892726277,-0.587785252292473,-0.8090169943749475,2.7930039023103626,-0.11006466126974956,0.5683863312401358,0.7330686463022188,0.8733557414554328,0.4987953428663831
2024-09-20,-0.0019429136300157523,22.785975681321563,0.6703017102606523,-0.00124258936802837,-1.1340755475891016,0.4987953428663831,-0.07265688903632356,0.2535167181461409,-0.0019429136300157523,0.0,-0.9510565162951536,0.30901699437494723,2.781920026048249,-0.011083876262113712,0.5969337959947021,0.7340028013639702,0.8311085319572298,0.2513086140935191
2024-09-23,0.0028053344257124024,21.98443622129529,-0.8015394600262731,0.0011670426135733782,-0.26883188738600877,0.2513086140935191,-0.24748672877286398,-0.17482983973654043,0.0,0.0028053344257124024,0.0,1.0,2.765690002154839,-0.016230023893409662,0.5784288923533877,0.7114965234279296,0.7861773111302934,0.44568106643937305
2024-09-24,0.0025080311033462976,22.07722035757774,0.09278413628245019,0.000919676866552338,-0.28430795565284084,0.44568106643937305,0.19437245234585393,0.4418591811187179,0.0,0.0025080311033462976,0.9510565162951535,0.30901699437494745,2.733717970158959,-0.03197203199588028,0.5329726188774306,0.7032434350413931,0.74523454167003,0.3356865384249491
2024-09-25,-0.0018629832062124763,22.0110952976345,-0.06612505994323925,-0.0019885178570917096,-0.8245349420203235,0.3356865384249491,-0.10999452801442394,-0.3043669803602779,-0.0018629832062124763,0.0,0.5877852522924732,-0.8090169943749473,2.7350166394301496,0.001298669271190711,0.4205847587453862,0.6922911565497699,0.7171060924864183,0.5408928744052186
2024-09-26,0.004030542158199424,22.202863820853636,0.1917685232191353,-0.0029285209522760484,0.24498394513694133,0.5408928744052186,0.2052063359802695,0.31520086399469344,0.0,0.004030542158199424,-0.587785252292473,-0.8090169943749475,2.7324175501047714,-0.0025990893253782232,0.4144728872458886,0.6989233391136922,0.6877030734472511,0.4081177329493925
2024-09-27,-0.0012540029000724928,22.08386539620824,-0.11899842464539745,-0.002991240209900422,-0.5650171836090823,0.4081177329493925,-0.13277514145582608,-0.3379814774360956,-0.0012540029000724928,0.0,-0.9510565162951536,0.30901699437494723,2.8308575763821904,0.09844002627741899,0.3963373652624905,0.6824268134548017,0.661990628543403,0.6525455844884458
2024-09-30,0.004227603658440771,22.210701073777326,0.12683567756908687,0.006259914416617613,0.340373800173272,0.6525455844884458,0.24442785153905328,0.37720299299487936,0.0,0.004227603658440771,0.0,1.0,2.817203487636887,-0.013654088745303383,0.4765847593414758,0.6764555237838531,0.6370544794244394,0.7819276111858061
2024-10-01,-0.009367848694454395,22.115835467562338,-0.09486560621498796,-0.008543210899608088,-1.5635660076745432,0.7819276111858061,0.12938202669736032,-0.11504582484169296,-0.009367848694454395,0.0,0.9510565162951535,0.30901699437494745,2.9580304182537716,0.14082693061688456,0.5438340682907624,0.6764244653765766,0.7156484366048959,0.5525854173810462
2024-10-02,0.00013838132698751338,22.065882567857223,-0.04995289970511507,0.0019986370520348917,-0.22035952805266842,0.5525854173810462,-0.22934219380475995,-0.3587242205021203,0.0,0.00013838132698751338,0.5877852522924732,-0.8090169943749473,2.939161901882013,-0.01886851637175857,0.5872138440819819,0.6508234846012082,0.6841689671937229,0.5135240420964335
2024-10-03,-0.0016828286544594562,22.00349109836653,-0.06239146949069152,0.0003070679193417786,-0.35683586652127813,0.5135240420964335,-0.03906137528461262,0.19028081852014733,-0.0016828286544594562,0.0,-0.587785252292473,-0.8090169943749475,3.0199369510803917,0.08077504919837875,0.5817400776202248,0.6461034047139645,0.6622382934597695,0.604296226332977
2024-10-04,0.008930255699185707,21.97012570236213,-0.03336539600440247,0.00236580775112926,1.6480303252924977,0.604296226332977,0.09077218423654343,0.12983355952115605,0.0,0.008930255699185707,-0.9510565162951536,0.30901699437494723,2.9554309291215706,-0.06450602195882116,0.6209757762969417,0.6357281484313859,0.6826733475767889,0.4636352738382711
2024-10-07,-0.009632263829388421,22.014642191626947,0.04451648926481866,-0.007322197502402789,-1.5812935356808413,0.4636352738382711,-0.1406609524947059,-0.23143313673124932,-0.009632263829388421,0.0,0.0,1.0,3.1197182263759906,0.16428729725442004,0.5831937141669068,0.6069999609350212,0.7448494859976634,0.401647324885298
2024-10-08,0.009642706804694257,21.945098205867804,-0.06954398575914311,0.005577868520903112,1.4089802740887654,0.401647324885298,-0.061987948952973104,0.07867300354173279,0.0,0.009642706804694257,0.9510565162951535,0.30901699437494745,3.0643250685814114,-0.055393157794579206,0.5071376569068052,0.5998020494094417,0.753999394755333,0.46344268447819703
2024-10-09,0.0070882310169952945,22.018086151161434,0.07298794529362951,0.00697175253821443,0.8527400447201983,0.46344268447819703,0.06179535959289906,0.12378330854587216,0.0,0.0070882310169952945,0.5877852522924732,-0.8090169943749473,3.0378334788320487,-0.02649158974936272,0.48930911032623536,0.5873858597384479,0.7367748418497996,0.3698751107833181
2024-10-10,-0.0020722685059819668,21.889159756297087,-0.12892639486434732,0.0002924176364807334,-0.38845770798355317,0.3698751107833181,-0.09356757369487895,-0.155362933287778,-0.0020722685059819668,0.0,-0.587785252292473,-0.8090169943749475,3.041183551038691,0.003350072206642185,0.4605793240636122,0.5159839446001323,0.710613454240789,0.38151904474455806
2024-10-11,0.006033608707298299,21.88913794098243,-2.181531465694775e-05,0.006892094436252171,0.667168438742468,0.38151904474455806,0.011643933961239972,0.10521150765611892,0.0,0.006033608707298299,-0.9510565162951536,0.30901699437494723,3.0184717157762972,-0.02271183526239362,0.41602388774592847,0.5003529593139936,0.6932599154738784,0.3920293940929719
2024-10-14,0.007678114574593664,21.82362659648139,-0.06551134450104001,0.005139602826407226,0.8236981193726438,0.3920293940929719,0.010510349348413828,-0.001133584612826144,0.0,0.007678114574593664,0.0,1.0,2.9806186744718333,-0.037853041304463986,0.4017027117968686,0.5020658819330135,0.6915028792187724,0.5803277301467406
2024-10-15,-0.007638566037513783,22.07964723337414,0.25602063689274956,-0.008813696628172952,-1.3531010404749428,0.5803277301467406,0.18829833605376867,0.17778798670535484,-0.007638566037513783,0.0,0.9510565162951535,0.30901699437494745,3.0272309110420648,0.0466122365702315,0.4374387928491571,0.5133275294495208,0.7206261861321299,0.37207249790699903
2024-10-16,0.004668232782780279,21.96662184151235,-0.11302539186178961,0.004441215814973007,0.3364239802382813,0.37207249790699903,-0.20825523223974152,-0.3965535682935102,0.0,0.004668232782780279,0.5877852522924732,-0.8090169943749473,2.97450863320584,-0.05272227783622485,0.4191647555349175,0.4989994372632274,0.6964954621817819,0.28526254942944484
2024-10-17,-0.00017117512853737082,21.97030100457924,0.003679163066891533,-0.0058290920479943985,-0.3772318788639947,0.28526254942944484,-0.08680994847755419,0.12144528376218733,-0.00017117512853737082,0.0,-0.587785252292473,-0.8090169943749475,2.9502117901910383,-0.024296843014801617,0.40224224326414293,0.46983928061295477,0.6700768290562266,0.30955926569799364
2024-10-18,0.003963686942773492,21.9395100390377,-0.030790965541541482,0.0008938419834297177,0.30371151085743125,0.30955926569799364,0.02429671626854879,0.11110666474610298,0.0,0.003963686942773492,-0.9510565162951536,0.30901699437494723,2.8920370752987252,-0.05817471489231307,0.38785028745482997,0.4573681869841589,0.6510348602062122,0.5079673378835728
2024-10-21,-0.0018244327564183038,21.949100911047996,0.00959087201029618,-0.000655722254755199,-0.837142485685258,0.5079673378835728,0.1984080721855792,0.17411135591703042,-0.0018244327564183038,0.0,0.0,1.0,2.9107189449120305,0.018681869613305313,0.4110378762129502,0.4578049486516441,0.6343382020310089,0.46700077637248805
2024-10-22,-0.00047496666719659686,21.929859204894143,-0.01924170615385279,0.0031667533686232513,-0.4454083559846978,0.46700077637248805,-0.0409665615110848,-0.239374633696664,-0.00047496666719659686,0.0,0.9510565162951535,0.30901699437494745,2.901421636002499,-0.009297308909531399,0.3883724854580997,0.4680760039982617,0.6136967346895126,0.7895082579636145
2024-10-23,-0.009233824267679935,21.98531413474952,0.05545492985537592,-0.006375594738820362,-1.659536590762453,0.7895082579636145,0.3225074815911264,0.3634740431022112,-0.009233824267679935,0.0,0.5877852522924732,-0.8090169943749473,2.956991433341415,0.05556979733891598,0.4718596374694227,0.48444872740417794,0.688498629192281,0.39166993077068435
2024-10-24,0.002143473130557183,21.98824813047665,0.0029339957271297123,-0.0013656991805858255,0.2910249193907597,0.39166993077068435,-0.3978383271929301,-0.7203458087840565,0.0,0.002143473130557183,-0.587785252292473,-0.8090169943749475,2.948640662021506,-0.008350771319908912,0.4931411137376706,0.4871146032301653,0.6646916706105616,0.7355393525075473
2024-10-25,-0.0002994920131857981,21.976394453155933,-0.011853677320715406,-0.0032024248739277754,-0.03439031947026244,0.7355393525075473,0.34386942173686297,0.7417077489297931,-0.0002994920131857981,0.0,-0.9510565162951536,0.30901699437494723,3.012097623887479,0.0634569618659726,0.5783371310995815,0.4963834831398001,0.6431034531694619,0.21336011852291065
2024-10-28,0.0026479346267329618,22.02923911858843,0.05284466543249522,-0.0017860096063554041,0.7069753202055968,0.21336011852291065,-0.5221792339846367,-0.8660486557214997,0.0,0.0026479346267329618,0.0,1.0,2.9856818991681933,-0.02641572471928555,0.5194156872274489,0.48710931102425326,0.6239590495464462,0.5279741252309016
2024-10-29,0.0016128259449015303,22.078869005169903,0.04962988658147438,0.0022724115957187276,0.3323675710728864,0.5279741252309016,0.31461400670799095,0.8367932406926277,0.0,0.0016128259449015303,0.9510565162951535,0.30901699437494745,2.9621754979149046,-0.023506401253288622,0.5316103569991316,0.48117733677389407,0.6014140461408136,0.4361920743732587
2024-10-30,-0.003305691672489175,22.071629852290833,-0.007239152879069621,-0.003259398257701304,-0.7474468795955584,0.4361920743732587,-0.0917820508576429,-0.40639605756563385,-0.003305691672489175,0.0,0.5877852522924732,-0.8090169943749473,3.013080930634045,0.050905432719140276,0.4609471202810605,0.46471373978282027,0.6046152605195402,0.4742074500521961
2024-10-31,-0.018790134928744706,22.210685257052496,0.13905540476166323,-0.012175209466038287,-2.3850306898296756,0.4742074500521961,0.038015375678937424,0.12979742653658033,-0.018790134928744706,0.0,-0.587785252292473,-0.8090169943749475,3.142426646116371,0.1293457154823261,0.47745462413736284,0.46098145562430365,0.857328833894833,0.6034617297925446
2024-11-01,0.004084158004525662,22.057332256769218,-0.15335300028327836,0.0009744290135233675,0.9312307332021554,0.6034617297925446,0.12925427974034853,0.09123890406141111,0.0,0.004084158004525662,-0.9510565162951536,0.30901699437494723,3.0855729391975917,-0.056853706918779334,0.4510390995943624,0.46526420265745183,0.8153955393141261,0.5386489093062438
2024-11-04,-0.0028160448131906435,22.00477174125161,-0.052560515517608764,-0.0021787271087043824,-0.05402554651554178,0.5386489093062438,-0.06481282048630088,-0.1940671002266494,-0.0028160448131906435,0.0,0.0,1.0,3.0901329281491026,0.004559988951510885,0.5160968577510289,0.46213813994189307,0.7833442408253796,0.37894493506838306
2024-11-05,0.012191031029562538,22.049892462303973,0.04512072105236342,0.010487465762070543,1.6067558293040838,0.37894493506838306,-0.1597039742378607,-0.09489115375155982,0.0,0.012191031029562538,0.9510565162951535,0.30901699437494745,3.0199369510803917,-0.07019597706871084,0.48629101971852523,0.45810526666713647,0.812680622685612,0.5214583131962149
2024-11-06,0.02498128095718677,22.568491820898792,0.5185993585948196,0.010878567878331892,2.0334267203183045,0.5214583131962149,0.14251337812783188,0.3022173523656926,0.0,0.02498128095718677,0.5877852522924732,-0.8090169943749473,2.78932294936639,-0.23061400171400193,0.5033442674831166,0.4638105518247992,1.0849813362843306,0.34003579341921325
2024-11-07,0.007403754173996191,22.317740354293612,-0.25075146660518044,0.004343876510279673,0.4100139606736308,0.34003579341921325,-0.1814225197770017,-0.32393589790483357,0.0,0.007403754173996191,-0.587785252292473,-0.8090169943749475,2.721295415303884,-0.06802753406250561,0.47650993615651993,0.4579340332029428,1.0124286173675263,0.3731164359968082
2024-11-08,0.003749794035718068,22.26372659227009,-0.054013762023522816,0.0031372901026117356,0.051016832810493934,0.3731164359968082,0.033080642577594965,0.21450316235459665,0.0,0.003749794035718068,-0.9510565162951536,0.30901699437494723,2.704042151617877,-0.017253263686006992,0.43044087739737263,0.45808838202263286,0.9463866891332424,0.3522691459651017
2024-11-11,0.0009685941909562956,22.18952597993497,-0.07420061233511888,-0.0012505637500328534,-0.18094589618328058,0.3522691459651017,-0.02084729003170649,-0.053927932609301454,0.0,0.0009685941909562956,0.0,1.0,2.7060482162691324,0.0020060646512551905,0.3931649247291442,0.4566955296998016,0.8937700215816019,0.552619170600295
2024-11-12,-0.002896851476936746,22.16863067187895,-0.020895308056019246,-0.003271696851509332,-0.4774940031216287,0.552619170600295,0.20035002463519325,0.22119731466689974,-0.002896851476936746,0.0,0.9510565162951535,0.30901699437494745,2.688527537206614,-0.01752067906251842,0.42789977183552663,0.4643426619144361,0.876293969888375,0.4993370914207872
2024-11-13,0.0002322007641417656,22.163143618350066,-0.0054870535288849,-6.183496315575864e-05,-0.2375918590905519,0.4993370914207872,-0.05328207917950778,-0.253632103814701,0.0,0.0002322007641417656,0.5877852522924732,-0.8090169943749473,2.640484914257205,-0.048042622949409086,0.4234755274804411,0.4604859648322478,0.8318456640968045,0.4425697837515568
2024-11-14,-0.006068108582244491,22.154669787938694,-0.008473830411372063,-0.006786316780375411,-1.1324999784535494,0.4425697837515568,-0.05676730766923038,-0.0034852284897226027,-0.006068108582244491,0.0,-0.587785252292473,-0.8090169943749475,2.6609586228916786,0.02047370863447373,0.4439823255469098,0.46384297844389344,0.8210557145339789,0.6023226762288308
2024-11-15,-0.013291430866793519,22.2473549896946,0.09268520175590567,-0.0071575378175434985,-1.4836412597406343,0.6023226762288308,0.15975289247727403,0.21652020014650442,-0.013291430866793519,0.0,-0.9510565162951536,0.30901699437494723,2.78130062502572,0.12034200213404134,0.48982357359331435,0.4789410797200546,0.8928923593391791,0.46297533479250025
2024-11-18,0.003910159746206787,22.105517035740082,-0.14183795395451781,0.0033056696218556523,0.07581323737400554,0.46297533479250025,-0.1393473414363306,-0.29910023391360463,0.0,0.003910159746206787,0.0,1.0,2.7459880355456865,-0.03531258948003346,0.511964811358794,0.486246606819793,0.8551525472281849,0.6526477167537168
2024-11-19,0.003955750520596268,22.118752816432803,0.013235780692721022,0.007963061878124024,0.16667099373165928,0.6526477167537168,0.18967238196121655,0.32901972339754715,0.0,0.003955750520596268,0.9510565162951535,0.30901699437494745,2.794227920674744,0.0482398851290573,0.5319705205894784,0.4931361486707523,0.820450025493578,0.7209752248498897
2024-11-20,2.195062133480974e-05,22.051035557510573,-0.06771725892222946,0.0004682468590836503,0.03732762894507556,0.7209752248498897,0.06832750809617294,-0.12134487386504361,0.0,2.195062133480974e-05,0.5877852522924732,-0.8090169943749473,2.842581085167748,0.0483531644930042,0.5762981472752988,0.505230170026819,0.7851832279967921,0.9037023742203273
2024-11-21,0.00532625184428781,22.165496198632937,0.11446064112236343,0.0013675979058321974,1.0025328173454284,0.9037023742203273,0.18272714937043755,0.11439964127426461,0.0,0.00532625184428781,-0.587785252292473,-0.8090169943749475,2.825536946304965,-0.017044138862782887,0.6685246653690531,0.5106679850866624,0.760293278924682,0.2162754985184541
2024-11-22,0.003461959591536612,22.144304561384782,-0.02119163724815465,0.004193494496239618,0.6843919344364797,0.2162754985184541,-0.6874268757018732,-0.8701540250723108,0.0,0.003461959591536612,-0.9510565162951536,0.30901699437494723,2.723923535240007,-0.10161341106495803,0.5913152298269776,0.5023158692651277,0.7341090388368788,0.6687888860102389
2024-11-25,0.003015927820126052,22.45193462547657,0.3076300640917893,-0.0008196680677073203,0.5611125633315969,0.6687888860102389,0.4525133874917848,1.1399402631936582,0.0,0.003015927820126052,0.0,1.0,2.6810215548423537,-0.04290198039765336,0.6324779400705254,0.4991372756223987,0.7071481648048924,0.31983578277982455
2024-11-26,0.005705697155262257,22.067479599596698,-0.38445502587987335,0.00359353392080746,0.8483453319638293,0.31983578277982455,-0.34895310323041434,-0.8014664907221991,0.0,0.005705697155262257,0.9510565162951535,0.30901699437494745,2.6461748244387127,-0.03484673040364106,0.5659155532757469,0.5042075453489184,0.6940036138897078,0.3840998616070696
2024-11-27,-0.003808481083577675,21.936200365099733,-0.1312792344969651,-0.002558866075533566,-0.65548962677393,0.3840998616070696,0.06426407882724505,0.4132171820576594,-0.003808481083577675,0.0,0.5877852522924732,-0.8090169943749473,2.6461748244387127,0.0,0.49854048062718287,0.4973563899382598,0.6890742823919898,0.36949300634405524
2024-11-29,0.005592120396801903,21.617073713327603,-0.3191266517721303,0.004719027242447942,0.709234557691635,0.36949300634405524,-0.014606855263014362,-0.07887093409025941,0.0,0.005592120396801903,-0.9510565162951536,0.30901699437494723,2.603430168913768,-0.04274465552494444,0.39169860705192844,0.49418024384163106,0.679323076032377,0.20084597829092107
2024-12-02,0.0024454638805817552,22.20770046054249,0.5906267472148876,0.0011648694567789968,-0.17691337697081275,0.20084597829092107,-0.16864702805313417,-0.1540401727901198,0.0,0.0024454638805817552,0.0,1.0,2.5907670519258503,-0.012663116987917888,0.3886127030064218,0.48116303090061796,0.6616549365921028,0.2067244809975712
2024-12-03,0.00045134724202178234,22.133032554495646,-0.07466790604684448,0.0011427692669482023,-0.7212059569955281,0.2067244809975712,0.005878502706650135,0.1745255307597843,0.0,0.00045134724202178234,0.9510565162951535,0.30901699437494745,2.5877640495686753,-0.0030030023571749886,0.2961998220038883,0.46227078095800017,0.6413790344246668,0.28569498735619037
2024-12-04,0.00603318162813693,22.110407339390743,-0.022625215104902452,0.002813471079681489,1.0113811950708476,0.28569498735619037,0.07897050635861916,0.07309200365196902,0.0,0.00603318162813693,0.5877852522924732,-0.8090169943749473,2.598979091866817,0.011215042298141853,0.2893716629191615,0.4502253561032357,0.6414518595235135,0.20757177243706293
2024-12-05,-0.0018715258393822154,22.161208179782363,0.05080084039162003,-0.002288682694121013,-1.3230622613140384,0.20757177243706293,-0.07812321491912744,-0.1570937212777466,-0.0018715258393822154,0.0,-0.587785252292473,-0.8090169943749475,2.605648264666775,0.006669172799957934,0.2540660450851602,0.4420647293112681,0.6360923614475187,0.21361256686182398
2024-12-06,0.0024923453675373963,22.090588875395664,-0.07061930438669961,0.0014607942835985863,0.04294253570571636,0.21361256686182398,0.006040794424761048,0.08416400934388849,0.0,0.0024923453675373963,-0.9510565162951536,0.30901699437494723,2.54709870589125,-0.058549558775525146,0.2228899571887139,0.4274054080572495,0.6169851130349538,0.3471253629573376
2024-12-09,-0.0061631672852264785,22.239811843413555,0.1492229680178916,-0.004970349097324435,-1.8002002205211496,0.3471253629573376,0.13351279609551361,0.12747200167075257,-0.0061631672852264785,0.0,0.0,1.0,2.6525374616006543,0.10543875570940431,0.2521458341219972,0.427743006606684,0.6490296738716518,0.3435559777705921
2024-12-10,-0.0029682843142797566,22.12159004863463,-0.11822179477892547,-0.003751038096749116,-0.8619817357938624,0.3435559777705921,-0.0035693851867454884,-0.1370821812822591,-0.0029682843142797566,0.0,0.9510565162951535,0.30901699437494745,2.6518325426255456,-0.0007049189751087148,0.2795121334766014,0.42633536573876896,0.6416414979752196,0.2862886347827444
2024-12-11,0.008132626411368804,22.174867954750706,0.05327790611607597,0.003959057597591311,1.5047112727809948,0.2862886347827444,-0.05726734298784769,-0.0536979578011022,0.0,0.008132626411368804,0.5877852522924732,-0.8090169943749473,2.608598116512439,-0.04323442611310657,0.2796308629619122,0.42319343663484715,0.6654787429229473,0.23251288660243813
2024-12-12,-0.005428731461464054,22.025637682265682,-0.14923027248502407,-0.0038002541275398895,-1.2790105418462487,0.23251288660243813,-0.05377574818030628,0.0034915948075414094,-0.005428731461464054,0.0,-0.587785252292473,-0.8090169943749475,2.6333266603871603,0.024728543874721343,0.28461908579498724,0.40795028025399677,0.6763380582557299,0.468049728927877
2024-12-13,-2.6466989371698446e-05,22.000013153613576,-0.025624528652105738,-0.002818668757596531,-0.07244914301398524,0.468049728927877,0.23553684232543887,0.28931259050574515,-2.6466989371698446e-05,0.0,-0.9510565162951536,0.30901699437494723,2.6253929978061894,-0.007933662580970946,0.3355065182081979,0.40646040584957244,0.6512163698292742,0.2844592780566462
2024-12-16,0.0037921550087851585,22.202845602350017,0.2028324487364408,0.0016955267156942469,0.7081790485144217,0.2844592780566462,-0.18359045087123077,-0.41912729319666964,0.0,0.0037921550087851585,0.0,1.0,2.687166961621,0.061773963814810706,0.32297330122805956,0.3989313341498148,0.6325282310915954,0.26225900210633185
2024-12-17,-0.003871479480656248,22.237183547743147,0.03433794539312984,-0.0003205677651261801,-0.7892836790576296,0.26225900210633185,-0.022200275950314374,0.1613901749209164,-0.003871479480656248,0.0,0.9510565162951535,0.30901699437494745,2.76443052732717,0.07726356570616977,0.30671390609520754,0.3827378258582673,0.6335730111509892,1.557947829147644
2024-12-18,-0.029936505304517524,22.380914698408663,0.14373115066551634,-0.02944718517849975,-2.5659991263247344,1.557947829147644,1.2956888270413123,1.3178891029916266,-0.029936505304517524,0.0,0.5877852522924732,-0.8090169943749473,3.318540178366135,0.5541096510389649,0.5610457449681874,0.4348793732085123,1.1792770281640004,0.6788135312707269
2024-12-19,-0.0008654867505377695,22.3118641047717,-0.06905059363696253,-0.007747185795705078,0.2544246122106788,0.6788135312707269,-0.8791342978769172,-2.1748231249182295,-0.0008654867505377695,0.0,-0.587785252292473,-0.8090169943749475,3.1817968229608558,-0.13674335540527904,0.6503058739018451,0.43612536437598887,1.0797396792105676,1.5277086985944435
2024-12-20,0.010810479402397988,22.83022769692484,0.5183635921531398,0.015094354192317383,1.2094280349567683,1.5277086985944435,0.8488951673237166,1.7280294652006338,0.0,0.010810479402397988,-0.9510565162951536,0.30901699437494723,2.910174418435893,-0.27162240452496267,0.8622376678351585,0.4745412440781105,1.0493156065323286,0.8288797483954194
2024-12-23,0.007260849585616569,22.002331271626744,-0.8278964252980963,0.005677187712497557,0.7475291186623118,0.8288797483954194,-0.698828950199024,-1.5477241175227405,0.0,0.007260849585616569,0.0,1.0,2.8201877419595305,-0.0899866764763626,0.9711217619029131,0.47097826189597203,0.991479736378188,0.3848466644286267
2024-12-24,0.010982233165126587,21.287283352193313,-0.7150479194334309,0.009216144610810734,0.9025350006883491,0.3848466644286267,-0.44403308396679275,0.25479586623223127,0.0,0.010982233165126587,0.9510565162951535,0.30901699437494745,2.6581594635674883,-0.16202827839204215,0.9956392943673722,0.47900546027264695,0.9754094369934659,0.4797751425770413
2024-12-26,-0.00040574108825808253,21.789537424487946,0.5022540722946331,0.002092364050251039,0.030933547594920525,0.4797751425770413,0.0949284781484146,0.5389615621152073,-0.00040574108825808253,0.0,-0.587785252292473,-0.8090169943749475,2.689886199397575,0.03172673583008656,0.7800047570532516,0.4700048058234471,0.9117577352402991,0.7859893486019256
2024-12-27,-0.011117304964912478,21.873714439523614,0.08417701503566732,-0.005899666325966797,-0.8067973035849645,0.7859893486019256,0.3062142060248843,0.2112857278764697,-0.011117304964912478,0.0,-0.9510565162951536,0.30901699437494723,2.7694588172725547,0.07957261787497982,0.8014399205194913,0.4922025946721186,0.9436951550244871,0.8455368192389366
2024-12-30,-0.010759673941729275,21.956773171665933,0.08305873214231951,-0.0023216840586993202,-0.669880391595863,0.8455368192389366,0.059547470637011046,-0.24666673538787326,-0.010759673941729275,0.0,0.0,1.0,2.8564701842969358,0.08701136702438106,0.66500554464839,0.5141757831307788,0.9686103972387725,0.609405206675922
2024-12-31,-0.00429400645898248,21.863771546272744,-0.0930016253931889,-0.0064586541499136105,-0.0875114574854736,0.609405206675922,-0.23613161256301463,-0.29567908320002567,-0.00429400645898248,0.0,0.9510565162951535,0.30901699437494745,2.8535925283795955,-0.0028776559173402383,0.6211106363044905,0.5256001736227726,0.930315103213907,1.214875988409554
2025-01-02,-0.0022263631494485736,22.01020384380228,0.14643229752953602,-0.005897149681307681,0.06750241025492824,1.214875988409554,0.6054707817336319,0.8416023942966465,-0.0022263631494485736,0.0,-0.587785252292473,-0.8090169943749475,2.886475304637442,0.0328827762578463,0.7871165011006759,0.573887316961755,0.8830080228959207,0.48369525090500975
2025-01-03,0.012517356707824945,22.022732440853893,0.012528597051613133,0.008687292850069138,1.287702063472502,0.48369525090500975,-0.7311807375045442,-1.336651519238176,0.0,0.012517356707824945,-0.9510565162951536,0.30901699437494723,2.780680840107767,-0.10579446452967467,0.7879005227662697,0.5870764012430616,0.9040072135296637,0.7162401146906058
2025-01-06,0.005522766496818932,22.32065545955161,0.2979230186977162,-0.0012426925435788385,0.416792274653268,0.7162401146906058,0.23254486378559602,0.9637256012901402,0.0,0.005522766496818932,0.0,1.0,2.7750856595161313,-0.005595180591635884,0.7739506759840056,0.6075785501637482,0.8676756876193799,0.9683158402794915
2025-01-07,-0.011166021516636704,22.231186948510633,-0.08946851104097675,-0.014153812383215164,-1.1853617753519132,0.9683158402794915,0.2520757255888857,0.019530861803289667,-0.011166021516636704,0.0,0.9510565162951535,0.30901699437494745,2.8803214049171983,0.10523574540106706,0.7985064801921166,0.6438044581562447,0.912368914352087,0.6313625542779322
2025-01-08,0.0015591440938305112,22.214312028738004,-0.016874919772629227,0.0012832703421216535,0.28548415174274766,0.6313625542779322,-0.33695328600155927,-0.589029011590445,0.0,0.0015591440938305112,0.5877852522924732,-0.8090169943749473,2.8735646826837065,-0.006756722233491885,0.8028979497125187,0.6636973146998688,0.8592730407532722,0.7384858671110195
2025-01-10,-0.015531637650232355,22.281816688468968,0.06750465973096453,-0.010806275790597612,-1.364248138003736,0.7384858671110195,0.10712331283308729,0.44407659883464656,-0.015531637650232355,0.0,-0.9510565162951536,0.30901699437494723,2.972463693468645,0.09889901078493857,0.7076199254528117,0.6823335291833775,0.9728446256549722,0.5442500831655133
2025-01-13,0.0015742043780537784,22.20967698962726,-0.07213969884170979,0.009330257838115433,0.5608535366252559,0.5442500831655133,-0.19423578394550622,-0.3013590967785935,0.0,0.0015742043780537784,0.0,1.0,2.954389337849604,-0.01807435561904125,0.7197308919049125,0.6918903913450405,0.9108272635006177,0.7864012194040757
2025-01-14,0.0011456233341640143,22.14451219806957,-0.06516479155768806,-0.0027960386344638524,0.3891901302797046,0.7864012194040757,0.24215113623856244,0.43638692018406866,0.0,0.0011456233341640143,0.9510565162951535,0.30901699437494745,2.9290580913534825,-0.025331246496121285,0.7337631128476064,0.7157052763270085,0.8612269873007254,0.46507287110356366
2025-01-15,0.018147132504516605,22.23719895085919,0.09268675278962135,0.007541114169432942,1.7357071981272025,0.46507287110356366,-0.32132834830051205,-0.5634794845390745,0.0,0.018147132504516605,0.5877852522924732,-0.8090169943749473,2.780060789140106,-0.1489973022133766,0.6331145190124209,0.7267795613032527,0.9779760295839564,0.29632983052862244
2025-01-16,-0.002114924340865798,22.17857540287053,-0.058623547988663205,-0.0044147841719395405,-0.3076201224360276,0.29632983052862244,-0.16874304057494122,0.15258530772557083,-0.002114924340865798,0.0,-0.587785252292473,-0.8090169943749475,2.8094027183426014,0.029341929202495454,0.566107974262559,0.7186024232842406,0.928691083602668,0.430432552823749
2025-01-17,0.009941478308393314,22.197303182595025,0.018727779724496685,0.00021018138747334083,0.7593184520712689,0.430432552823749,0.13410272229512654,0.30284576287006776,0.0,0.009941478308393314,-0.9510565162951536,0.30901699437494723,2.7707119789475727,-0.03869073939502865,0.5044973114051048,0.7255535316064836,0.9288696808722033,0.3781628541712934
2025-01-21,0.008730009440595765,22.271449429558395,0.07414624696336958,0.005822625767109936,0.702871554676559,0.3781628541712934,-0.052269698652455565,-0.1863724209475821,0.0,0.008730009440595765,0.9510565162951535,0.30901699437494745,2.7120422502347417,-0.05866972871283105,0.4712798656062609,0.731072762657196,0.9039027395879233,0.2820815416074965
2025-01-22,0.006119181086994274,22.1872246956541,-0.0842247339042963,0.0008185533973208988,0.4315983387411266,0.2820815416074965,-0.09608131256379693,-0.04381161391134136,0.0,0.006119181086994274,0.5877852522924732,-0.8090169943749473,2.714694769083774,0.0026525188490325036,0.370415930046945,0.6703172251552842,0.8659769396905842,0.27283678199035516
2025-01-23,0.005299419459529275,22.212173192968383,0.024948497314284168,0.006952062962675453,0.20547951892971886,0.27283678199035516,-0.00924475961714133,0.0868365529466556,0.0,0.005299419459529275,-0.587785252292473,-0.8090169943749475,2.7093826768129303,-0.005312092270843838,0.33196871222430324,0.650984998999076,0.8290010261314176,0.40777306546952485
2025-01-24,-0.002859215984466701,22.161737476861983,-0.0504357161063993,-0.0033036904525946555,-0.6534282380168073,0.40777306546952485,0.1349362834791697,0.14418104309631102,-0.002859215984466701,0.0,-0.9510565162951536,0.30901699437494723,2.6979998909369054,-0.011382785876024926,0.35425735921248375,0.5976547307550323,0.7997813444529649,0.45702582049544516
2025-01-27,-0.014688059032112122,22.371684049213748,0.20994657235176462,0.0072178915934440774,-2.0143807187107146,0.45702582049544516,0.0492527550259203,-0.08568352845324939,-0.014688059032112122,0.0,0.0,1.0,2.8848006915355513,0.1868008005986459,0.359576012746823,0.5799474008550336,0.9060430823314533,0.8375840203359797
2025-01-28,0.009175644177716435,22.221468232092047,-0.15021581712170118,0.006735220234623424,0.5859331348313501,0.8375840203359797,0.3805581998405345,0.3313054448146142,0.0,0.009175644177716435,0.9510565162951535,0.30901699437494745,2.79789089580353,-0.08690979573202151,0.45146024597976026,0.6015063225649074,0.8920613767697944,0.5526228546100208
2025-01-29,-0.0046898760569202835,22.137980002624342,-0.0834882294677044,-0.0030404456142077174,-0.8506733062158155,0.5526228546100208,-0.28496116572595886,-0.6655193655664934,-0.0046898760569202835,0.0,0.5877852522924732,-0.8090169943749473,2.806990116707257,0.009099220903727279,0.5055685085802651,0.6049752612331446,0.8620377869600188,0.6583841890900585
2025-01-30,0.005261548152180495,22.256820047921533,0.1188400452971905,0.003369093563031381,0.41047611985938726,0.6583841890900585,0.10576133448003766,0.3907225002059965,0.0,0.005261548152180495,-0.587785252292473,-0.8090169943749475,2.7625383960193535,-0.044451720687903595,0.5826779900002057,0.5988988250659129,0.8310771782420474,0.8744198837094926
2025-01-31,-0.005059603990266837,22.300959180296115,0.04413913237458189,-0.009270688696391397,-0.8346974577577065,0.8744198837094926,0.21603569461943417,0.11027436013939651,-0.005059603990266837,0.0,-0.9510565162951536,0.30901699437494723,2.7991089506234785,0.03657055460412506,0.6760073536481993,0.6002742090883202,0.8180853261389297,1.1333484130508298
2025-02-03,-0.007637690729495716,22.29130033607744,-0.009658844218673579,0.004165747283440949,-0.9442675371558318,1.1333484130508298,0.25892852934133714,0.04289283472190297,-0.007637690729495716,0.0,0.0,1.0,2.924236316920531,0.12512736629705268,0.8112718721592763,0.6252238855823635,0.8287659740480671,0.4465984369060585
2025-02-04,0.007198907403029864,22.20717680715291,-0.08412352892453256,0.006603493586284217,0.9375315196746854,0.4465984369060585,-0.6867499761447713,-0.9456785054861084,0.0,0.007198907403029864,0.9510565162951535,0.30901699437494745,2.8454905570260416,-0.07874575989448962,0.7330747554732919,0.5886392402726732,0.8125847409882105,0.4992568376627775
2025-02-05,0.0039010539156141277,22.28272537978452,0.07554857263161097,0.006791951664442638,0.5590347885579505,0.4992568376627775,0.052658400756719015,0.7394083769014903,0.0,0.0039010539156141277,0.5877852522924732,-0.8090169943749473,2.7581094300024462,-0.08738112702359535,0.7224015520838434,0.5893802682135193,0.7788379875326306,0.4178561038554079
2025-02-06,0.003637674355266185,22.301650551291505,0.018925171506985805,0.0018673591163656242,0.5550469183645981,0.4178561038554079,-0.08140073380736962,-0.13405913456408863,0.0,0.003637674355266185,-0.587785252292473,-0.8090169943749475,2.740840023925201,-0.017269406077245364,0.6742959350369133,0.5751715057927955,0.7518188717977116,0.7457515305347159
2025-02-07,-0.009509845693660424,22.28496203560483,-0.016688515686674066,-0.00943752675474741,-1.0222581860398166,0.7457515305347159,0.327895426679308,0.4092961604866776,-0.009509845693660424,0.0,-0.9510565162951536,0.30901699437494723,2.805781744947862,0.06494172102266127,0.648562264401958,0.5645732053287587,0.7897997443406387,0.2619905559193204
2025-02-10,0.006690112295453687,22.218136537640188,-0.06682549796464343,0.003308894958657399,0.8428211262477762,0.2619905559193204,-0.48376097461539547,-0.8116564012947034,0.0,0.006690112295453687,0.0,1.0,2.760642677762601,-0.04513906718526117,0.474290692975656,0.5469840625497773,0.7732274030437376,0.34374685045816034
2025-02-11,0.00033952514367463493,22.187650231511817,-0.030486306128370444,0.003165617590744119,0.05239176265275184,0.34374685045816034,0.08175629453883992,0.5655172691542354,0.0,0.00033952514367463493,0.9510565162951535,0.30901699437494745,2.773837970214724,0.01319529245212303,0.4537203756860764,0.5281869665186887,0.7385330628596727,0.6464909118715995
2025-02-12,-0.002727583189647831,22.255382003414216,0.06773177190239821,0.004453104111133345,-0.48196800681247526,0.6464909118715995,0.3027440614134391,0.2209877668745992,-0.002727583189647831,0.0,0.5877852522924732,-0.8090169943749473,2.765690002154839,-0.008147968059884825,0.4831671905278408,0.5330555774094546,0.7244325927104014,0.527592822159749
2025-02-13,0.010372313214235263,22.284311506240005,0.028929502825789655,0.00894905829214064,1.4311394293751025,0.527592822159749,-0.11889808971185045,-0.4216421511252896,0.0,0.010372313214235263,-0.587785252292473,-0.8090169943749475,2.714694769083774,-0.050995233071065016,0.505114534188709,0.5207313680168676,0.7544252302375413,0.22926246303091213
2025-02-14,-7.194639557361882e-05,22.190031275745536,-0.09428023049446921,-0.00014556431890528384,-0.20027647675426447,0.22926246303091213,-0.2983303591288369,-0.17943226941698642,-7.194639557361882e-05,0.0,-0.9510565162951536,0.30901699437494723,2.692598127536089,-0.022096641547685092,0.40181672068794827,0.5095023009657891,0.7257594091322027,0.33877723858666636
2025-02-18,0.0024420036555508062,22.267627483897698,0.07759620815216195,0.001302728632315092,0.03803635025988984,0.33877723858666636,0.10951477555575423,0.4078451346845911,0.0,0.0024420036555508062,0.9510565162951535,0.30901699437494745,2.731115498884654,0.03851737134856492,0.4171740572214174,0.5115236061114101,0.7002598997795869,0.3218865424212362
2025-02-19,0.0023741488668242994,22.241099295106054,-0.026528188791644425,0.0043044155730541074,0.11711321644943494,0.3218865424212362,-0.016890696165430152,-0.12640547172118438,0.0,0.0023741488668242994,0.5877852522924732,-0.8090169943749473,2.725890149208515,-0.005225349676138968,0.41280199561403264,0.5063547484731953,0.6779985601056241,0.5513669005538602
2025-02-20,-0.004343604884288865,22.294729778928467,0.05363048382241331,-0.0027717864177220527,-0.934482488689455,0.5513669005538602,0.22948035813262396,0.24637105429805412,-0.004343604884288865,0.0,-0.587785252292473,-0.8090169943749475,2.751109680818858,0.025219531610343182,0.3937771933504847,0.5146025602056984,0.673828939744775,0.6821707414263074
2025-02-21,-0.01721139667253979,22.416044397664688,0.12131461873622129,-0.016652203052830297,-2.02801623344228,0.6821707414263074,0.13080384087244723,-0.09867651726017673,-0.01721139667253979,0.0,-0.9510565162951536,0.30901699437494723,2.9019708434634395,0.15086116264458127,0.42469277720379645,0.533654426863737,0.8762073647762152,0.63040664090379
2025-02-24,-0.004981493566251771,22.330725794717274,-0.08531860294741378,-0.007234029654878177,-0.5692370289186919,0.63040664090379,-0.05176410052251745,-0.18256794139496468,-0.004981493566251771,0.0,0.0,1.0,2.943385769063569,0.04141492560012949,0.504921612778372,0.550681563002472,0.8481850466725913,0.9582789763156614
2025-02-25,-0.004690715138396584,22.404966735064356,0.07424094034708162,-0.004603798808529404,-0.3997872398518466,0.9582789763156614,0.32787233541187144,0.3796364359343889,-0.004690715138396584,0.0,0.9510565162951535,0.30901699437494745,2.966818279095771,0.023432510032201925,0.628821960324171,0.5768961301856214,0.8267729172708196,0.9002360056732815
2025-02-26,0.0001360150295841578,22.30627352822739,-0.09869320683696614,-0.002483466573101342,0.28260093157228233,0.9002360056732815,-0.05804297064237984,-0.3859153060542513,0.0,0.0001360150295841578,0.5877852522924732,-0.8090169943749473,2.949688355024821,-0.01712992407094971,0.7444918529745801,0.5980013770988517,0.7857020695997647,0.9984053723774599
2025-02-27,-0.015991742678524545,22.34417371727743,0.03790018905004189,-0.02031742443034319,-1.5236626303940353,0.9984053723774599,0.0981693667041783,0.15621233734655815,-0.015991742678524545,0.0,-0.587785252292473,-0.8090169943749475,3.0506937919103403,0.1010054368855191,0.8338995473393,0.6056595367198745,0.9187915340971645,1.0350859922256932
2025-02-28,0.01572978042066353,22.585971380185516,0.24179766290808402,0.01655406141221446,1.9434735220481902,1.0350859922256932,0.03668061984823334,-0.061488746855944965,0.0,0.01572978042066353,-0.9510565162951536,0.30901699437494723,2.9770589655357758,-0.07363482637456453,0.9044825974991773,0.6286339718444304,0.9918295903242496,1.6894609726950789
2025-03-03,-0.017753402648310157,22.448502595790284,-0.13746878439523158,-0.02007333579124055,-1.2667758336342902,1.6894609726950789,0.6543749804693857,0.6176943606211523,-0.017753402648310157,0.0,0.0,1.0,3.1258829881615076,0.1488240226257318,1.1162934638574349,0.6777328663018123,1.1344408630621228,1.574380801827289
2025-03-04,-0.012310288231505595,22.537782714293243,0.08928011850295903,-0.005837755839272333,-0.61114291785398,1.574380801827289,-0.11508017086778999,-0.7694551513371757,-0.012310288231505595,0.0,0.9510565162951535,0.30901699437494745,3.157425872287488,0.031542884125980386,1.2395138289597605,0.7110643385931359,1.1533727768327784,1.2836503201997869
2025-03-05,0.011097472528735608,22.388321977932684,-0.14946073636055957,0.010542092398419904,1.3958165703377512,1.2836503201997869,-0.29073048162750204,-0.17565031075971205,0.0,0.011097472528735608,0.5877852522924732,-0.8090169943749473,3.087855576345701,-0.06957029594178676,1.3161966918650614,0.7182215722668959,1.1254442921068233,1.1218630900601685
2025-03-06,-0.01797967710745496,22.365186428459047,-0.023135549473636274,-0.008217417761968287,-0.9457179119731707,1.1218630900601685,-0.16178723013961838,0.12894325148788366,-0.01797967710745496,0.0,-0.587785252292473,-0.8090169943749475,3.2136622915601216,0.12580671521442044,1.3408882354016032,0.750377031940901,1.2522157958778448,1.360287619384447
2025-03-07,0.005505435045455087,22.464633360011934,0.09944693155288675,0.007687863650240285,0.7940924493278666,1.360287619384447,0.2384245293242786,0.400211759463897,0.0,0.005505435045455087,-0.9510565162951536,0.30901699437494723,3.1514531844614804,-0.06220910709864125,1.405928560833354,0.7913784977371711,1.1527510094829867,1.4670878585768194
2025-03-10,-0.02734354178842935,22.58102681927347,0.11639345926153766,-0.01604462311648202,-1.4789132891552725,1.4670878585768194,0.10680023919237236,-0.13162429013190624,-0.02734354178842935,0.0,0.0,1.0,3.3271919902594687,0.17573880579798828,1.3614539380097022,0.8413419146286668,1.5178831553172873,1.3207495947743806
2025-03-11,-0.00759664691853601,22.551235080902472,-0.029791738370999354,-0.005651566602207462,-0.06671180176472748,1.3207495947743806,-0.14633826380243886,-0.2531385029948112,-0.00759664691853601,0.0,0.9510565162951535,0.30901699437494745,3.292869507610626,-0.034322482648842634,1.3107276965991204,0.8687227748305556,1.4137761877942385,1.1813584263450934
2025-03-12,0.004874967940491359,22.37573067145241,-0.1755044094500633,-0.004550920416560709,0.7617879110823464,1.1813584263450934,-0.13939116842928723,0.006947095373151635,0.0,0.004874967940491359,0.5877852522924732,-0.8090169943749473,3.1875915159360004,-0.10527799167462559,1.2902693178281819,0.9125021972317829,1.292744383056419,0.8615000610625034
2025-03-13,-0.013988366806465535,22.33649256295297,-0.03923810849943976,-0.01312188154845455,-0.5575381555028305,0.8615000610625034,-0.31985836528258993,-0.1804671968533027,-0.013988366806465535,0.0,-0.587785252292473,-0.8090169943749475,3.2051824915485305,0.01759097561253009,1.2381967120286488,0.937157112022466,1.3123781929656348,0.6008686964858132
2025-03-14,0.021042905953198243,22.30495838207745,-0.03153418087551785,0.013405761965663102,1.7280561340023308,0.6008686964858132,-0.2606313645766902,0.0592270007058997,0.0,0.021042905953198243,-0.9510565162951536,0.30901699437494723,3.080532896273726,-0.12464959527480435,1.086312927448922,0.9349846255755235,1.4330995697919664,0.7920744829551383
2025-03-17,0.006395634974605713,22.33903764802649,0.034079265949038984,0.0069880926422573875,0.6253123886531092,0.7920744829551383,0.19120578646932507,0.4518371510460153,0.0,0.006395634974605713,0.0,1.0,3.0209125832438133,-0.059620313029912886,0.9513102523245858,0.9475789903753041,1.3240917134095473,0.5618523106180513
2025-03-18,-0.010710667074320668,22.26362587449516,-0.07541177353133222,-0.007075893735698576,-0.523653071554984,0.5618523106180513,-0.23022217233708697,-0.42142795880641204,-0.010710667074320668,0.0,0.9510565162951535,0.30901699437494745,3.0773122957049135,0.056399712461100204,0.79953079549332,0.9634166021651678,1.2905860346868778,1.0615743928626684
2025-03-19,0.01074060817295397,22.262300598416775,-0.0013252760783828421,0.007591336739680534,0.9136718718446294,1.0615743928626684,0.4997220822446171,0.7299442545817041,0.0,0.01074060817295397,0.5877852522924732,-0.8090169943749473,2.9907197125611136,-0.08659258314379992,0.7755739887968349,0.997835514273549,1.236115152083833,0.9668742272988016
2025-03-20,-0.00218728351378239,22.266226283250088,0.003925684833312459,0.002824136811413366,-0.061608726209734975,0.9668742272988016,-0.09470016556386684,-0.594422247808484,-0.00218728351378239,0.0,-0.587785252292473,-0.8090169943749475,2.9856818991681933,-0.0050378133929203095,0.7966488220440946,1.028549213553433,1.136322997154012,0.7469064459463218
2025-03-21,0.0008243136078327495,22.96050781864702,0.6942815353969323,0.006519607560727457,0.1899080142288805,0.7469064459463218,-0.21996778135247974,-0.1252676157886129,0.0,0.0008243136078327495,-0.9510565162951536,0.30901699437494723,2.9590683247967924,-0.026613574371400883,0.8258563719361962,1.0378606204768837,1.035602749694029,0.4539663665280418
2025-03-24,0.017492117128638185,22.231333041842362,-0.7291747768046584,0.008617719118058626,1.2662367937143102,0.4539663665280418,-0.29294007941828004,-0.0729722980658003,0.0,0.017492117128638185,0.0,1.0,2.861057344039536,-0.09801098075725623,0.758234748650777,1.0269937454817282,1.152454055191402,0.3248336525325646
2025-03-25,0.0015730954906540973,22.220058990366592,-0.011274051475769653,0.00011944338383031595,-0.1824441649788003,0.3248336525325646,-0.1291327139954772,0.16380736542280283,0.0,0.0015730954906540973,0.9510565162951535,0.30901699437494745,2.841998151368816,-0.019059192670720204,0.7108310170336797,1.012442650797384,1.0594269091163464,0.891041274500293
2025-03-26,-0.011219640357598593,22.154327997887755,-0.06573099247883718,-0.010355488567605518,-1.0956748156869407,0.891041274500293,0.5662076219677284,0.6953403359632057,-0.011219640357598593,0.0,0.5877852522924732,-0.8090169943749473,2.908539057689369,0.0665409063205531,0.6767243933612045,1.0092408554728425,1.0846707676192944,0.7603114689202535
2025-03-27,-0.003312461007132228,22.205656432712193,0.05132843482443761,-0.0004091822542993952,-0.5846040030181222,0.7603114689202535,-0.13072980558003955,-0.696937427547768,-0.003312461007132228,0.0,-0.587785252292473,-0.8090169943749475,2.9279886500419825,0.019449592352613454,0.6354118416854948,1.002577782294127,1.0142835830482562,0.9247013952148891
2025-03-28,-0.019934601126852414,22.230301077431285,0.024644644719092668,-0.017453201645794843,-1.703106766125061,0.9247013952148891,0.16438992629463567,0.2951197318746752,-0.019934601126852414,0.0,-0.9510565162951536,0.30901699437494723,3.0750054368286497,0.1470167867866672,0.6709708315392084,0.9990680690959094,1.2232684040911406,1.4974660503590307
2025-03-31,0.005523240357645065,22.3828739134833,0.15257283605201621,0.01507061699977835,0.6020548887979754,1.4974660503590307,0.5727646551441415,0.4083747288495059,0.0,0.005523240357645065,0.0,1.0,3.1036894458780013,0.028684009049351644,0.8796707683054062,1.0210861671022589,1.1410280802671504,1.0927390830919406
2025-04-01,0.003774104555212432,22.212680707006285,-0.1701932064770162,0.00632916477091653,0.325818257586333,1.0927390830919406,-0.4047269672670901,-0.9774916224112317,0.0,0.003774104555212432,0.9510565162951535,0.30901699437494745,3.080532896273726,-0.023156549604275156,1.0332518544172813,0.9926708390259188,1.0636971713989811,1.1928243994566452
2025-04-02,0.006705661429483811,22.168732000581073,-0.04394870642521198,0.016035290991811883,0.6643682783674884,1.1928243994566452,0.10008531636470464,0.5048122836317948,0.0,0.006705661429483811,0.5877852522924732,-0.8090169943749473,3.0685179539203564,-0.01201494235336975,1.0936084794085517,0.9745014865320786,1.0052717969385583,0.8866363395594777
2025-04-03,-0.049605911828995986,22.698799973497305,0.5300679729162319,-0.01767295793953299,-2.3895805701993704,0.8866363395594777,-0.30618805989716746,-0.4062733762618721,-0.049605911828995986,0.0,-0.587785252292473,-0.8090169943749475,3.401863841453939,0.33334588753358263,1.1188734535363967,0.9555960588825401,2.140828320818254,1.5373225899942176
2025-04-04,-0.06160906189823123,22.904078698123495,0.20527872462619,-0.042077483660334015,-1.9633911403166424,1.5373225899942176,0.6506862504347398,0.9568743103319073,-0.06160906189823123,0.0,-0.9510565162951536,0.30901699437494723,3.8135277889878307,0.4116639475338917,1.2413976924922623,0.9753798445936853,3.3850150597073365,5.616962065894947
2025-04-07,-0.002334194605962736,22.88566659848659,-0.0184120996369046,0.02165810043106675,0.44611832553974345,5.616962065894947,4.07963947590073,3.42895322546599,-0.002334194605962736,0.0,0.0,1.0,3.8497219694869678,0.03619418049913703,2.0652968955994457,1.1780786277608521,2.99970605921344,4.2428143171440045
2025-04-08,-0.015825083277055896,22.725845232734823,-0.15982136575176753,-0.04143532291521531,-0.04439774979521507,4.2428143171440045,-1.3741477487509428,-5.4537872246516725,-0.015825083277055896,0.0,0.9510565162951535,0.30901699437494745,3.9575698553746506,0.10784788588768279,2.6953119424098584,1.310256078168813,2.7945111008691383,4.227635618053357
2025-04-09,0.09089487983303712,22.973462299154114,0.24761706641929138,0.09441119765208134,2.3335491852291863,4.227635618053357,-0.015178699090647285,1.3589690496602955,0.0,0.09089487983303712,0.5877852522924732,-0.8090169943749473,3.515121096210236,-0.4424487591644146,3.3022741861292007,1.4486792221344786,4.651358845677561,3.055940771682978
2025-04-10,-0.03522060702411167,22.62195558925247,-0.35150670990164556,-0.016024916416860623,-0.6532734377555126,3.055940771682978,-1.1716948463703791,-1.1565161472797318,-0.03522060702411167,0.0,-0.587785252292473,-0.8090169943749475,3.7067194022202417,0.19159830601000571,3.7361350725539006,1.5379450481029493,4.492420643671942,1.7327495913427644
2025-04-11,0.017930380835776916,22.44648768836526,-0.17546790088720954,0.020304043888710297,0.515277516136386,1.7327495913427644,-1.3231911803402137,-0.15149633396983453,0.0,0.017930380835776916,-0.9510565162951536,0.30901699437494723,3.625939690902655,-0.08077971131758677,3.77522047282361,1.5794331209734382,4.113331987557358,1.2604532700234752
2025-04-14,0.007913319326343426,22.338972062592013,-0.10751562577324592,-0.006635344725905458,0.27361875088304966,1.2604532700234752,-0.4722963213192892,0.8508948590209244,0.0,0.007913319326343426,0.0,1.0,3.430432487171618,-0.19550720373103703,2.9039187136493156,1.6108419101895175,3.7532537233196983,0.8159194021226067
2025-04-15,-0.0017292752253013077,22.185852034084625,-0.15312002850738793,-0.002842242901772601,0.06019275865003141,0.8159194021226067,-0.44453386790086846,0.027762453418420763,-0.0017292752253013077,0.0,0.9510565162951535,0.30901699437494745,3.405189430794687,-0.025243056376930806,2.2185397306450363,1.6119773825308255,3.39600432542753,1.825364833242236
2025-04-16,-0.022663253964902097,22.251005505613033,0.06515347152840789,-0.011318046940511152,-0.361732911471211,1.825364833242236,1.0094454311196293,1.4539792990204976,-0.022663253964902097,0.0,0.5877852522924732,-0.8090169943749473,3.4855385113964097,0.08034908060172263,1.738085573682812,1.672144645512929,3.2564507537394887,0.934407416058962
2025-04-17,0.0013259586237737153,22.273989302230763,0.02298379661772998,-0.004297263293404942,0.08640837749000835,0.934407416058962,-0.890957417183274,-1.9004028483029032,0.0,0.0013259586237737153,-0.587785252292473,-0.8090169943749475,3.3894621125779762,-0.09607639881843344,1.3137789025580087,1.6660890751889432,2.90794402510505,1.5587612720603077
2025-04-21,-0.02384964833401959,22.164602207470946,-0.10938709475981767,-0.01438553113800352,-0.7226029552463316,1.5587612720603077,0.6243538560013456,1.5153112731846197,-0.02384964833401959,0.0,0.0,1.0,3.5210523344469045,0.13159022186892821,1.2789812387015176,1.6942741725585388,2.8818882733963185,0.9895684375493998
2025-04-22,0.024806952125450366,22.26377159055051,0.09916938307956258,0.01526214757476314,0.5683690003620896,0.9895684375493998,-0.5691928345109079,-1.1935466905122536,0.0,0.024806952125450366,0.9510565162951535,0.30901699437494745,3.4200191259198913,-0.10103320852701314,1.2248042722067025,1.7058295054920183,2.824472285525816,1.4648204786882677
2025-04-23,0.016523864366879693,22.404352557596273,0.14058096704576428,-0.0037245621770736256,0.25219796035385517,1.4648204786882677,0.4752520411388679,1.0444448756497757,0.0,0.016523864366879693,0.5877852522924732,-0.8090169943749473,3.348148187389192,-0.07187093853069948,1.3545844875198347,1.7539654155948865,2.647180922043122,0.9692600026087002
2025-04-24,0.020056628082583572,22.270340993095665,-0.13401156450060725,0.019030338784204345,0.9272183967721933,0.9692600026087002,-0.49556047607956755,-0.9708125172184354,0.0,0.020056628082583572,-0.587785252292473,-0.8090169943749475,3.2760119902984917,-0.07213619709070018,1.1833635213931275,1.7846523846461313,2.5192557263018176,0.8396707181270641
2025-04-25,0.007346084795701202,22.167022177172875,-0.10331881592279046,0.00644217823499876,0.1521210591575086,0.8396707181270641,-0.1295892844816361,0.36597119159793146,0.0,0.007346084795701202,-0.9510565162951536,0.30901699437494723,3.2124552632081076,-0.06355672709038407,1.164416181806748,1.7822061676759775,2.2632839851482047,1.0908561246873436
2025-04-28,0.0006405015390011926,22.172037221010246,0.00501504383737128,-8.504541699749895e-05,-0.14668172607063762,1.0908561246873436,0.25118540656027954,0.38077469104191564,0.0,0.0006405015390011926,0.0,1.0,3.224857881377966,0.012402618169858215,1.070835152332155,1.797946389379172,2.007408856855975,0.6122901128216898
2025-04-29,0.005785641545557496,22.280810275131582,0.10877305412133609,0.009387850010434321,0.18187482686355635,0.6122901128216898,-0.47856601186565384,-0.7297514184259334,0.0,0.005785641545557496,0.9510565162951535,0.30901699437494745,3.185112197871947,-0.039745683506018814,0.9953794873866132,1.7830696616461625,1.709272416561402,1.74040450938811
2025-04-30,0.0014788972519319543,22.418787863444724,0.13797758831314155,0.012580030779599181,-0.10276816902014439,1.74040450938811,1.1281143965664202,1.606680408432074,0.0,0.0014788972519319543,0.5877852522924732,-0.8090169943749473,3.206803274522168,0.021691076650220964,1.0504962935265816,1.7946381596951664,1.4674965886958011,0.737674025426299
2025-05-01,0.006279345716452056,22.319673219784075,-0.09911464366064848,-0.003740226260258417,0.017849927390141913,0.737674025426299,-1.002730483961811,-2.1308448805282314,0.0,0.006279345716452056,-0.587785252292473,-0.8090169943749475,3.2027464584452163,-0.00405681607695163,1.0041790980901013,1.7777302998063265,1.2715007325158203,0.5747578115280964
2025-05-02,0.014619191109114027,22.303147227342368,-0.01652599244170716,0.007198770959434041,0.5339138224867888,0.5747578115280964,-0.16291621389820266,0.8398142700636083,0.0,0.014619191109114027,-0.9510565162951536,0.30901699437494723,3.1214834923152734,-0.08126296612994288,0.9511965167703078,1.7482985575240144,1.3797164335182386,0.608609597888494
2025-05-05,-0.00640204702931868,22.195338732313356,-0.10780849502901191,-0.0008738851815697645,-1.6019131147593892,0.608609597888494,0.03385178636039765,0.1967680002586003,-0.00640204702931868,0.0,0.0,1.0,3.162940166719303,0.04145667440402967,0.8547472114105379,1.7350591888730154,1.3274681121841,0.7996959995594799
2025-05-06,-0.007722985278391548,22.274493959721006,0.07915522740765013,0.0001855095774856282,-1.4631704406410588,0.7996959995594799,0.1910864016709859,0.15723461531058824,-0.007722985278391548,0.0,0.9510565162951535,0.30901699437494745,3.2092294570604114,0.04628929034110829,0.8922283887580958,1.6999341131380277,1.3112811508287903,0.939106928397071
2025-05-07,0.004336938106709098,22.330188589215346,0.05569462949434012,0.0030411601861423925,-0.03589104372494349,0.939106928397071,0.1394109288375911,-0.0516754728333948,0.0,0.004336938106709098,0.5877852522924732,-0.8090169943749473,3.1591257880658463,-0.05010366899456509,0.7319688725598881,1.47717910659051,1.147764375973332,1.055120098269629
2025-05-08,0.005783021147466982,22.450913360884925,0.12072477166957896,6.0003098453940185e-05,0.38882786632675564,1.055120098269629,0.11601316987255794,-0.023397758965033155,0.0,0.005783021147466982,-0.587785252292473,-0.8090169943749475,3.1126260046623373,-0.04649978340350902,0.795458087128554,1.3253841437869682,1.038344737253836,0.5522101850834327
2025-05-09,-0.0007117341348763517,22.259076584912556,-0.19183677597236937,-0.0034815752870725573,-0.4773441714368054,0.5522101850834327,-0.5029099131861963,-0.6189230830587542,-0.0007117341348763517,0.0,-0.9510565162951536,0.30901699437494723,3.086486619403746,-0.026139385258591386,0.7909485618396214,1.1503638850741147,0.9445889713974402,0.6032751504491166
2025-05-12,0.03203997667701941,22.517452358664997,0.2583757737524408,0.006349434690753085,2.3325448873342753,0.6032751504491166,0.051064965365683945,0.5539748785518802,0.0,0.03203997667701941,0.0,1.0,2.911807005426911,-0.17467961397683496,0.7898816723517459,1.0335702840629784,1.668557599837441,0.6574398738341521
2025-05-13,0.007222059020246974,22.43097137000599,-0.08648098865900522,0.005519259567139316,0.13455018140395975,0.6574398738341521,0.05416472338503553,0.003099758019351584,0.0,0.007222059020246974,0.9510565162951535,0.30901699437494745,2.9025198541454498,-0.009287151281461181,0.7614304472066802,0.9823650594197111,1.5140405929551486,0.4111737996885528
2025-05-14,0.0010238912422764201,22.378336553568786,-0.052634816437205245,-0.000705750002952095,-0.4058958984508168,0.4111737996885528,-0.24626607414559937,-0.3004307975306349,0.0,0.0010238912422764201,0.5877852522924732,-0.8090169943749473,2.924236316920531,0.021716462775081435,0.6558438214649767,0.941923179879953,1.3701232124636233,0.5048857873974488
2025-05-15,0.004123817438756561,22.330960230534487,-0.04737632303429962,0.007993823985348258,-0.11471999787116084,0.5048857873974488,0.09371198770889605,0.3399780618544954,0.0,0.004123817438756561,-0.587785252292473,-0.8090169943749475,2.880882427596084,-0.04335388932444717,0.5457969592905406,0.9271120553692311,1.2859518016313465,0.5286142363177999
2025-05-16,0.00698084936809984,22.30241978447807,-0.028540446056418034,0.004927894498970546,0.21108741643870438,0.5286142363177999,0.023728448920351086,-0.06998353878854496,0.0,0.00698084936809984,-0.9510565162951536,0.30901699437494723,2.8472322519593383,-0.03365017563674577,0.541077769537414,0.865362026944258,1.2046294380152711,0.5924031016708169
2025-05-19,0.0008757295660490882,22.144929755269406,-0.15749002920866317,0.010233994394618518,-0.43587016061803163,0.5924031016708169,0.06378886535301698,0.04006041643266589,0.0,0.0008757295660490882,0.0,1.0,2.8981194110402666,0.050887159080928335,0.5389033597817541,0.8490761072114891,1.0894828079151118,0.5203338737941066
2025-05-20,-0.003887777069571996,22.20869260950941,0.06376285424000372,-0.0007067989967189101,-0.9774493210936425,0.5203338737941066,-0.07206922787671033,-0.1358580932297273,-0.003887777069571996,0.0,0.9510565162951535,0.30901699437494745,2.895359307842134,-0.0027601031981325796,0.511482159773745,0.7996271834845272,1.0169146606387134,1.0893217061837739
2025-05-21,-0.01626671926775991,22.382303110062118,0.17361050055270866,-0.011156471938951133,-1.6491579091521438,1.0893217061837739,0.5689878323896673,0.6410570602663777,-0.01626671926775991,0.0,0.5877852522924732,-0.8090169943749473,3.0383127613015377,0.1429534534594037,0.6471117410727892,0.8043773391337832,1.2086686621011382,0.6314284177124918
2025-05-22,-0.00044497002242138706,22.363630547721574,-0.018672562340544374,0.00012838871841894383,-0.29114880892957495,0.6314284177124918,-0.4578932884712821,-1.0268811208609494,-0.00044497002242138706,0.0,-0.587785252292473,-0.8090169943749475,3.009635212581242,-0.02867754872029593,0.6724202671357978,0.7646920028968415,1.1125266446672986,0.7232296632019762
2025-05-23,-0.00673089959147255,22.262886252483465,-0.10074429523810835,0.0036133334960270947,-0.7371566211412576,0.7232296632019762,0.09180124548948443,0.5496945339607665,-0.00673089959147255,0.0,-0.9510565162951536,0.30901699437494723,3.104138188471233,0.09450297588999135,0.7113433525126331,0.7529762724489022,1.0956589850742586,0.45211372560068214
2025-05-27,0.020252580802184283,22.4034194028793,0.1405331503958358,0.01145944099163092,1.9627963030580797,0.45211372560068214,-0.2711159376012941,-0.36291718309077853,0.0,0.020252580802184283,0.9510565162951535,0.30901699437494745,2.9423314485395675,-0.1618067399316656,0.6832854772986061,0.7345211775666934,1.3177195690423698,0.5749842443046783
2025-05-28,-0.005586802576445393,22.26336438951625,-0.1400550133630496,-0.006262074478992819,-0.583843483490364,0.5749842443046783,0.12287051870399618,0.3939864563052903,-0.005586802576445393,0.0,0.5877852522924732,-0.8090169943749473,2.9606230687833737,0.01829162024380615,0.6942155514007204,0.7099558499294237,1.2277801030625901,0.7768540298236456
2025-05-29,0.004003170870632289,22.24272433597982,-0.02064005353643239,-0.004689467676285257,0.378208905892977,0.7768540298236456,0.20186978551896728,0.0789992668149711,0.0,0.004003170870632289,-0.587785252292473,-0.8090169943749475,2.9538680853664383,-0.006754983416935367,0.6317220161286948,0.7177922269295168,1.152641792736674,0.9395384902007342
2025-05-30,-8.118845699556232e-05,22.576205068146596,0.33348073216677676,0.0013575584418536292,0.0007710954664467641,0.9395384902007342,0.1626844603770886,-0.03918532514187867,-8.118845699556232e-05,0.0,-0.9510565162951536,0.30901699437494723,2.921547358930808,-0.03232072643563022,0.6933440306263433,0.6796557498253561,1.094534808626433,0.8118306013137009
2025-06-02,0.004093651490626016,22.298575965426583,-0.27762910272001307,0.006635877650534972,0.47459332549386807,0.8118306013137009,-0.12770788888703333,-0.29039234926412194,0.0,0.004093651490626016,0.0,1.0,2.910174418435893,-0.011372940494914996,0.7110642182486882,0.6831870153438038,1.060704394814517,0.5254901219332866
2025-06-03,0.005783533535369756,22.338025563573424,0.03944959814684168,0.005342232052355427,0.5894706785766035,0.5254901219332866,-0.2863404793804143,-0.15863259049338096,0.0,0.005783533535369756,0.9510565162951535,0.30901699437494745,2.8729995383614964,-0.03717488007439673,0.7257394975152092,0.6808409348869081,0.9925196363105669,0.2755625485670656
2025-06-04,7.368474471824982e-05,22.284993502100875,-0.053032061472549685,-0.0013606785191048747,-0.04580494448274928,0.2755625485670656,-0.249927573366221,0.03641290601419328,0.0,7.368474471824982e-05,0.5877852522924732,-0.8090169943749473,2.8684669571674872,-0.004532581194009122,0.6658551583676866,0.6649815515858877,0.9182139120283253,0.7960215061163323
2025-06-05,-0.005291357978697064,22.350907059430778,0.06591355732990323,-0.0077770177977252745,-0.8782402589500554,0.7960215061163323,0.5204589575492666,0.7703865309154876,-0.005291357978697064,0.0,-0.587785252292473,-0.8090169943749475,2.916689041442776,0.04822208427528896,0.6696886536262239,0.6648065757076426,0.9468300224630125,0.42922353899494736
2025-06-06,0.010228196215376073,22.194753465191205,-0.15615359423957287,0.0022189612495928787,0.9145201796839001,0.42922353899494736,-0.3667979671213849,-0.8872569246706515,0.0,0.010228196215376073,-0.9510565162951536,0.30901699437494723,2.8195916031316988,-0.09709743831107742,0.5676256633850665,0.6405264143075414,0.9743527750768666,0.3190549058436649
2025-06-09,0.000919525186391823,22.258488694785978,0.06373522959477285,0.00020815103253830588,-0.3306411036426599,0.3190549058436649,-0.11016863315128245,0.25662933397010246,0.0,0.000919525186391823,0.0,1.0,2.842581085167748,0.022989482036049225,0.46907052429105933,0.605475690858686,0.9251391417043224,0.40357774268061
2025-06-10,0.0054680125416464165,22.309001046872442,0.05051235208646432,0.004797182978956772,0.7055465532158597,0.40357774268061,0.08452283683694506,0.1946914699882275,0.0,0.0054680125416464165,0.9510565162951535,0.30901699437494745,2.8302678788376356,-0.012313206330112347,0.44468804844052406,0.5983979555061707,0.889890315777754,0.6081160760737944
2025-06-11,-0.002747660318286549,22.354768522173558,0.04576747530111547,-0.004496446027934272,-1.0960068096826594,0.6081160760737944,0.2045383333931844,0.12001549655623933,-0.002747660318286549,0.0,0.5877852522924732,-0.8090169943749473,2.8483916989161067,0.01812382007847102,0.5111987539418698,0.5986284757740125,0.8588845126884804,0.3238591416291235
2025-06-12,0.0038151330716758025,22.264317836728203,-0.0904506854453544,0.005866361900114029,0.3494109445002324,0.3238591416291235,-0.2842569344446709,-0.48879526783785526,0.0,0.0038151330716758025,-0.587785252292473,-0.8090169943749475,2.891482277583281,0.04309057866717447,0.41676628104442803,0.5827436790023444,0.8510666342488734,0.7010194449641518
2025-06-13,-0.011360668590102208,22.383189618077655,0.11887178134945131,-0.0039390214364574,-1.9902564074534965,0.7010194449641518,0.3771603033350283,0.6614172377796992,-0.011360668590102208,0.0,-0.9510565162951536,0.30901699437494723,3.0359140485290044,0.14443177094572324,0.47112546223826895,0.5965458525868967,0.9865109522749891,0.4598493415666236
2025-06-16,0.009348823148188856,22.354799823343633,-0.02838979473402148,0.004836695911333558,1.1459179846449694,0.4598493415666236,-0.2411701033975282,-0.6183304067325566,0.0,0.009348823148188856,0.0,1.0,2.9502117901910383,-0.08570225833796608,0.4992843493828607,0.5944012599282861,0.9911966622387826,0.48282888175514305
2025-06-17,-0.008387259723644291,22.323804266395268,-0.030995556948365532,-0.004907055477224549,-1.1868830387130886,0.48282888175514305,0.022979540188519443,0.26414964358604764,-0.008387259723644291,0.0,0.9510565162951535,0.30901699437494745,3.0726933323507546,0.1224815421597163,0.5151345771977672,0.5922210049491119,1.033532050913503,0.5418697464928769
2025-06-18,-0.00030928803471930166,22.353774200295632,0.02996993390036451,-0.0011797438740362085,-0.06594847696431756,0.5418697464928769,0.059040864737733845,0.0360613245492144,-0.00030928803471930166,0.0,0.5877852522924732,-0.8090169943749473,3.002707856984976,-0.0699854753657787,0.5018853112815838,0.5898146547025432,0.975013306898437,0.7014645052926495
2025-06-20,-0.002181035215588878,22.731681191487322,0.3779069911916899,-0.0053194279853524444,-0.37757082101421274,0.7014645052926495,0.15959475879977258,0.10055389406203874,-0.002181035215588878,0.0,-0.9510565162951536,0.30901699437494723,3.026261519288784,0.023553662303807954,0.5774063840142889,0.5984399228691406,0.9457627939790458,0.8308100502172115
2025-06-23,0.009560655071259916,22.4454965770343,-0.28618461445302046,0.009254045372039485,1.3170293161363755,0.8308100502172115,0.12934554492456207,-0.030249213875210512,0.0,0.009560655071259916,0.0,1.0,2.9871959386843043,-0.03906558060447951,0.6033645050649008,0.58612984401359,0.9731063658669944,0.3795305737549556
2025-06-24,0.01106032861695816,22.41772297687404,-0.027773600160262646,0.005096566724660944,1.247106495871238,0.3795305737549556,-0.45127947646225597,-0.580625021386818,0.0,0.01106032861695816,0.9510565162951535,0.30901699437494745,2.861057344039536,-0.12613859464476818,0.5873007515025673,0.5741347085870407,1.0230203838576097,0.30594498720067953
2025-06-25,-3.286108348987682e-06,22.366353202808767,-0.051369774065271656,-0.0019792459938815887,-0.11617372256172641,0.30594498720067953,-0.07358558655427605,0.3776938899079799,-3.286108348987682e-06,0.0,0.5877852522924732,-0.8090169943749473,2.818995108710371,-0.04206223532916509,0.5519239725916746,0.554264009729836,0.9753976860559942,0.34505108283675506
2025-06-26,0.007988131032517387,22.392507328539534,0.026154125730766253,0.004722103998374311,0.7750905208146307,0.34505108283675506,0.03910609563607553,0.11269168219035158,0.0,0.007988131032517387,-0.587785252292473,-0.8090169943749475,2.8088001133999354,-0.010194995310435662,0.5125602398604502,0.5491657886458395,0.965271919004991,0.5937072158461492
2025-06-27,0.005205399256150045,22.78877958577431,0.3962722572347772,0.003630326343113989,0.39732965452580016,0.5937072158461492,0.2486561330093941,0.20955003737331857,0.0,0.005205399256150045,-0.9510565162951536,0.30901699437494723,2.7923913308364643,-0.016408782563471114,0.4910087819711501,0.5500573587192429,0.9319952241589773,0.44282677587923464
2025-06-30,0.005151137506128833,22.478171124082962,-0.3106084616913485,0.0018696637449426288,0.22457875572082928,0.44282677587923464,-0.15088043996691453,-0.3995365729763086,0.0,0.005151137506128833,0.0,1.0,2.817203487636887,0.024812156800422702,0.4134121271035548,0.5341512990076043,0.9180402249960733,0.3586255466544128
2025-07-01,-0.0011191571098798647,22.559888723293795,0.08171759921083321,0.0017375119352431843,-0.6255050613028491,0.3586255466544128,-0.08420122922482182,0.06667921074209271,-0.0011191571098798647,0.0,0.9510565162951535,0.30901699437494745,2.8231630036695035,0.005959516032616463,0.4092311216834463,0.5064887778863509,0.8845695578943473,0.29635326511363674
2025-07-02,0.004733874306490193,22.45416180183829,-0.10572692145550633,0.0054004204237610804,0.154224830900525,0.29635326511363674,-0.062272281540776075,0.02192894768404574,0.0,0.004733874306490193,0.5877852522924732,-0.8090169943749473,2.8118093987132804,-0.011353604956223062,0.4073127772660377,0.48194223806730024,0.8689895543504144,0.28146551490847854
2025-07-03,0.00830437821066532,21.940582218744986,-0.5135795830933034,0.005251590460843974,0.7447468892458906,0.28146551490847854,-0.014887750205158201,0.047384531335617874,0.0,0.00830437821066532,-0.587785252292473,-0.8090169943749475,2.7960610271896718,-0.01574837152360864,0.39459566368038235,0.4703220186851665,0.8870575211119485,0.6297303478090035
2025-07-07,-0.007893368104245013,22.37896500445796,0.4383827857129745,-0.004653705574074898,-2.107151230833751,0.6297303478090035,0.34826483290052496,0.36315258310568316,-0.007893368104245013,0.0,0.0,1.0,2.8786365531407747,0.08257552595110296,0.40180029007295326,0.48718715198240164,0.9288662489181863,0.2701490394292916
2025-07-08,-0.0007161432504698695,22.47055604362475,0.09159103916679001,-0.0013659830542196445,-0.7045981728492395,0.2701490394292916,-0.3595813083797119,-0.7078461412802368,-0.0007161432504698695,0.0,0.9510565162951535,0.30901699437494745,2.8219739156502905,-0.05666263749048417,0.3672647427829646,0.46214560594968546,0.8815923066374816,0.3781017000285095
2025-07-09,0.006043802776780183,22.29465706699133,-0.17589897663341958,0.003187072514334025,0.643924032644281,0.3781017000285095,0.10795266059921793,0.46753396897892985,0.0,0.006043802776780183,0.5877852522924732,-0.8090169943749473,2.768831647037307,-0.053142268612983656,0.371159973457784,0.45971123266556935,0.8589822850854628,0.41582510473587714
2025-07-10,0.002742441072925317,22.403600141541904,0.10894307455057373,0.002177393614559913,-0.06041983495860669,0.41582510473587714,0.037723404707367625,-0.0702292558918503,0.0,0.002742441072925317,-0.587785252292473,-0.8090169943749475,2.7587432984957503,-0.010088348541556602,0.39505434138223205,0.46431933737472225,0.8322160535153114,0.357748309317012
2025-07-11,-0.0033029717732251385,22.261467649665985,-0.1421324918759197,0.0006503690732228794,-1.0381483941289444,0.357748309317012,-0.058076795418865124,-0.09580020012623275,-0.0033029717732251385,0.0,-0.9510565162951536,0.30901699437494723,2.797281311569803,0.03853801307405291,0.41031090026393874,0.4621369834050271,0.8316916512382886,0.36157626254012326
2025-07-14,0.0014064243309359625,22.275551218087966,0.014083568421980885,0.002141563708688858,-0.02629353618681516,0.36157626254012326,0.0038279532231112467,0.06190474864197637,0.0,0.0014064243309359625,0.0,1.0,2.844909428176351,0.04762811660654798,0.3566800832101627,0.45039699228437613,0.7923728727466198,0.44960327257421073
2025-07-15,-0.003964145065671332,22.3590866401577,0.0835354220697333,-0.008219213470847938,-0.9191552822529279,0.44960327257421073,0.08802701003408747,0.08419905681097622,-0.003964145065671332,0.0,0.9510565162951535,0.30901699437494745,2.855320071549938,0.010410643373586659,0.39257092983914654,0.456384808043666,0.7829190522619113,0.7489885884287741
2025-07-16,0.003188568525382962,22.367580425660954,0.00849378550325497,0.0014698913302927815,0.42601211790713306,0.7489885884287741,0.2993853158545634,0.21135830582047593,0.0,0.003188568525382962,0.5877852522924732,-0.8090169943749473,2.842581085167748,-0.012738986382189843,0.4667483075191994,0.4586690529705528,0.7531848937806133,0.3390194207214086
2025-07-17,0.005359380240012257,22.430245981937052,0.06266555627609804,0.005407323174364094,0.8376920186065498,0.3390194207214086,-0.4099691677073655,-0.709354483561929,0.0,0.005359380240012257,-0.587785252292473,-0.8090169943749475,2.804571795802497,-0.03800928936525105,0.4513871707163058,0.4529152472160187,0.7590486306380289,0.3009455237033244
2025-07-18,-9.049030280827708e-05,22.368977817937612,-0.061268163999439906,-0.0025631241876180565,-0.08375456275737787,0.3009455237033244,-0.038073897018084224,0.3718952706892813,-9.049030280827708e-05,0.0,-0.9510565162951536,0.30901699437494723,2.79789089580353,-0.006680899998967149,0.44002661359356826,0.44425413492783694,0.7353405874593946,0.36117887843180585
2025-07-21,0.0013981570056724735,22.334869402859262,-0.03410841507835016,0.0001363743182090864,0.05765227480792784,0.36117887843180585,0.06023335472848146,0.09830725174656568,0.0,0.0013981570056724735,0.0,1.0,2.812410193515358,0.014519297711828028,0.4399471367719047,0.43564980787730967,0.7079986783303777,0.38513647607165674
2025-07-22,0.000637328496667422,22.45705008842925,0.12218068556998674,0.00047875188249803176,-0.21582237062270532,0.38513647607165674,0.02395759763985089,-0.03627575708863057,0.0,0.000637328496667422,0.9510565162951535,0.30901699437494745,2.803360380906535,-0.009049812608822982,0.42705377747139395,0.42058656839059577,0.6822505098954702,0.3650936310907233
2025-07-23,0.007781532145703096,22.453594839095686,-0.003455249333562449,0.005046634262404825,1.7531766283916375,0.3650936310907233,-0.02004284498093345,-0.04400044262078434,0.0,0.007781532145703096,0.5877852522924732,-0.8090169943749473,2.7324175501047714,-0.07094283080176345,0.35027478600378376,0.39840959605123916,0.71384448672097,0.22441561309286018
2025-07-24,0.0006979799969322187,22.38770695372404,-0.06588788537164447,-0.0008246969579707124,-0.17251375771528135,0.22441561309286018,-0.14067801799786311,-0.12063517301692966,0.0,0.0006979799969322187,-0.587785252292473,-0.8090169943749475,2.733717970158959,0.0013004200541875122,0.3273540244780741,0.39102316935304415,0.702991405113988,0.2418128830689376
2025-07-25,0.003966451001680582,22.220815306650074,-0.16689164707396742,0.0029204319387652047,0.5960921933491933,0.2418128830689376,0.017397269976077434,0.15807528797394055,0.0,0.003966451001680582,-0.9510565162951536,0.30901699437494723,2.7033726319915394,-0.030345338167419467,0.31552749635119676,0.387969259632485,0.6815028127791157,0.2690111095909171
2025-07-28,0.0001768424712675909,22.24182015798145,0.02100485133137653,-0.0012387014953517616,-0.5292293803915802,0.2690111095909171,0.027198226521979507,0.009800956545902073,0.0,0.0001768424712675909,0.0,1.0,2.7100481859984953,0.006675554006955853,0.297093942583019,0.38434830852554036,0.6573381101892416,0.370977144193457
2025-07-29,-0.0029638301974674874,22.347813027378056,0.10599286939660502,-0.005441301473299144,-1.6084916411756471,0.370977144193457,0.10196603460253989,0.07476780808056038,-0.0029638301974674874,0.0,0.9510565162951535,0.30901699437494745,2.771337911692091,0.06128972569359581,0.294262076207379,0.37374211463731694,0.6543009591957091,0.6438247604585928
2025-07-30,-0.001250213938510214,22.405037434317194,0.057224406939138106,-0.0028766327609169133,-0.8751399225651445,0.6438247604585928,0.2728476162651358,0.17088158166259593,-0.001250213938510214,0.0,0.5877852522924732,-0.8090169943749473,2.739548838590284,-0.03178907310180712,0.35000830208095296,0.383313447236334,0.6355718706218715,0.6972805025334344
2025-07-31,-0.0037016620463745653,22.527790154567857,0.12275272025066286,-0.01372841041929906,-1.3180117263244535,0.6972805025334344,0.053455742074841606,-0.2193918741902942,-0.0037016620463745653,0.0,-0.587785252292473,-0.8090169943749475,2.8166055665892396,0.07705672799895558,0.4445812799690678,0.39943987370676354,0.6589767807868481,0.6878013091453447
2025-08-01,-0.01612138718556899,22.48579386718206,-0.041996287385796194,-0.007867326892715527,-2.419899579116866,0.6878013091453447,-0.00947919338808978,-0.06293493546293139,-0.01612138718556899,0.0,-0.9510565162951536,0.30901699437494723,3.014553986615314,0.1979484200260746,0.5337789651843492,0.4180802567558925,0.9664086221829039,0.3288382684153197
2025-08-04,0.014629564491414726,22.300713473707827,-0.18508039347423377,0.009241709675702587,1.7841062697320238,0.3288382684153197,-0.35896304073002494,-0.34948384734193516,0.0,0.014629564491414726,0.0,1.0,2.8633431116363086,-0.15121087497900554,0.5457443969492297,0.4203361021609802,1.0666189991884596,0.5158371748677859
2025-08-05,-0.0048697037804625865,22.431174384407985,0.1304609107001582,-0.005926018492518109,-0.5770101168801296,0.5158371748677859,0.1869989064524662,0.5459619471824911,-0.0048697037804625865,0.0,0.9510565162951535,0.30901699437494745,2.882003529596501,0.018660417960192355,0.5747164030840956,0.41491261773520793,1.020127552646853,0.45904793535523575
2025-08-06,0.007255522219853816,22.411248720806864,-0.019925663601121357,0.005651862201644421,0.9229631768302095,0.45904793535523575,-0.05678923951255016,-0.24378814596501636,0.0,0.007255522219853816,0.5877852522924732,-0.8090169943749473,2.8195916031316988,-0.0624119264648022,0.5377610380634241,0.423907803255491,0.9844389654697173,0.8179111868638755
2025-08-07,-0.0007977981718276794,22.392121054636462,-0.019127666170401625,-0.005398622662923921,-0.05315828117518137,0.8179111868638755,0.3588632515086398,0.41565249102118995,-0.0007977981718276794,0.0,-0.587785252292473,-0.8090169943749475,2.8075938130211036,-0.011997790110595208,0.5618871749295122,0.4448511121524132,0.9351010633131511,0.29117310250220385
2025-08-08,0.007769454816388688,22.28559327395378,-0.10652778068268276,0.00537166700673887,0.9231930626861956,0.29117310250220385,-0.5267380843616717,-0.8856013358703114,0.0,0.007769454816388688,-0.9510565162951536,0.30901699437494723,2.718000506775858,-0.08959330624524542,0.4825615336008842,0.43891530252223826,0.941778511244844,0.45141741805876806
2025-08-11,-0.0025072683938844875,22.2606490526441,-0.024944221309677772,-0.0025416567649946763,-0.2667987297577434,0.45141741805876806,0.1602443155565642,0.6869823999182358,-0.0025072683938844875,0.0,0.0,1.0,2.7880929087757464,0.07009240199988831,0.5070773635295738,0.4433757362718457,0.8942476642058127,0.45716835581155607
2025-08-12,0.011281559075170478,22.359404101405197,0.09875504876109531,0.007879508217405027,1.1104313475251868,0.45716835581155607,0.00575093775278801,-0.1544933778037762,0.0,0.011281559075170478,0.9510565162951535,0.30901699437494745,2.689886199397575,-0.09820670937817155,0.49534359971832786,0.44792774071334246,0.9202630057874053,0.38395748117356393
2025-08-13,0.0032248733840454236,22.371145313114162,0.011741211708965693,0.0006048543216677131,0.17705847350782625,0.38395748117356393,-0.07321087463799214,-0.07896181239078015,0.0,0.0032248733840454236,0.5877852522924732,-0.8090169943749473,2.673458740536743,-0.016427458860831745,0.48032550888199343,0.44480175064664496,0.8912607600178318,0.32916707194428463
2025-08-14,0.00030304487855481455,22.21887413885542,-0.15227117425874326,0.0023340171754988714,-0.19231684583160344,0.32916707194428463,-0.0547904092292793,0.01842046540871284,0.0,0.00030304487855481455,-0.587785252292473,-0.8090169943749475,2.6966521510052726,0.023193410468529407,0.3825766858980753,0.4248102498616693,0.8386688110957026,0.3411992476427005
2025-08-15,-0.0029013399163648756,22.24388565056057,0.025011511705152145,-0.004266997231908166,-0.9450696648122703,0.3411992476427005,0.012032175698415859,0.06682258492769516,-0.0029013399163648756,0.0,-0.9510565162951536,0.30901699437494723,2.7140322828916124,0.0173801318863398,0.39258191492617467,0.4249140511436356,0.8353621107562974,0.18946035439748896
2025-08-18,-0.0001007682577363056,22.14933124077011,-0.09455440979046159,0.000640581437773042,-0.36942663980681734,0.18946035439748896,-0.15173889324521153,-0.1637710689436274,-0.0001007682577363056,0.0,0.0,1.0,2.707383296845538,-0.006648986046074334,0.3401905021939188,0.4196052335576435,0.789342197245648,0.5189676168959139
2025-08-19,-0.005875329112207339,22.199729915805335,0.05039867503522544,-0.005424056527619946,-1.396298881682862,0.5189676168959139,0.3295072624984249,0.4812461557436364,-0.005875329112207339,0.0,0.9510565162951535,0.30901699437494745,2.745345966245664,0.037962669400125826,0.35255035441079036,0.4271189830083153,0.8207066412083964,0.7079676545138366
2025-08-20,-0.00243463063226379,22.220741490311816,0.021011574506481168,-0.0016934847692120756,-0.6159814381673819,0.7079676545138366,0.18900003761792272,-0.14050722488050216,-0.00243463063226379,0.0,0.5877852522924732,-0.8090169943749473,2.753023540000728,0.00767757375506406,0.41735238907884487,0.44249189626746677,0.7914001750812133,0.44218399820222987
2025-08-21,-0.004012219728950939,22.112944465218604,-0.10779702509321254,-0.0016720506209076868,-0.8235837479638908,0.44218399820222987,-0.2657836563116067,-0.45478369392952944,-0.004012219728950939,0.0,-0.587785252292473,-0.8090169943749475,2.8094027183426014,0.05637917834187345,0.439955774330434,0.44616286612991934,0.7769879166288539,0.6639699954389017
2025-08-22,0.015072285158778342,22.3420321048669,0.22908763964829504,0.012811179770112095,2.025918133081815,0.6639699954389017,0.2217859972366718,0.4875696535482785,0.0,0.015072285158778342,-0.9510565162951536,0.30901699437494723,2.6546494431534917,-0.15475327518910964,0.5045099238896742,0.46709402719401666,0.9462752115743606,0.2617966266165096
2025-08-25,-0.004275512539646087,22.124219720527833,-0.2178123843390658,-0.002845642339845263,-0.7605931318230713,0.2617966266165096,-0.4021733688223921,-0.6239593660590639,-0.004275512539646087,0.0,0.0,1.0,2.6939512741434677,0.03930183098997597,0.5189771783334782,0.4680456340296153,0.9330648131762225,0.3135324027442898
2025-08-26,0.004125473710116623,22.305883274701507,0.1816635541736744,0.004720370246727264,0.623139828940188,0.3135324027442898,0.051735776127780186,0.45390914495017226,0.0,0.004125473710116623,0.9510565162951535,0.30901699437494745,2.6823904464939363,-0.011560827649531369,0.4778901355031534,0.47016569560834726,0.8878166720289647,0.26099589333474643
2025-08-27,0.0023881304533031056,22.14485011908608,-0.16103315561542786,0.002957455798525402,0.35512399583163956,0.26099589333474643,-0.05253650940954335,-0.10427228553732354,0.0,0.0023881304533031056,0.5877852522924732,-0.8090169943749473,2.6979998909369054,0.015609444442969078,0.3884957832673354,0.464928493186504,0.8309251155556457,0.4154297297291564
2025-08-28,0.0031517474414659574,22.178096965787077,0.03324684670099742,0.0027753654411586115,0.4289116757516986,0.4154297297291564,0.15443383639441,0.20697034580395335,0.0,0.0031517474414659574,-0.587785252292473,-0.8090169943749475,2.669309393934482,-0.02869049700242332,0.3831449295727208,0.45405253934224504,0.8019726596428387,0.4342112359986456
2025-08-29,-0.006418740402791556,22.16661138417145,-0.011485581615627183,-0.004482023163562064,-1.0186724982887991,0.4342112359986456,0.018781506269489157,-0.13565233012492084,-0.006418740402791556,0.0,-0.9510565162951536,0.30901699437494723,2.731766705367784,0.06245731143330202,0.3371931776846696,0.441525431412017,0.8119625728033508,0.6042557264458603
2025-09-02,-0.006946350061031836,22.288542853803772,0.12193146963232238,0.0021893148977871445,-0.9388159263828789,0.6042557264458603,0.17004449044721476,0.1512629841777256,-0.006946350061031836,0.0,0.9510565162951535,0.30901699437494745,2.8431636793528288,0.11139697398504467,0.4056849976505397,0.4375470703310892,0.8404703904096098,0.4114012802616843
2025-09-03,0.0050871123029416765,22.219615675348294,-0.06892717845547836,0.0003784591863842393,0.6669340836913223,0.4114012802616843,-0.19285444618417602,-0.3628989366313908,0.0,0.0050871123029416765,0.5877852522924732,-0.8090169943749473,2.794227920674744,-0.04893575867808497,0.4252587731540186,0.4414786423237732,0.8276474924185293,0.4373540472430917
2025-09-04,0.008311847102874026,22.264589777476715,0.04497410212842112,0.007019259150605686,0.9408382326133939,0.4373540472430917,0.02595276698140736,0.21880721316558338,0.0,0.008311847102874026,-0.587785252292473,-0.8090169943749475,2.7278528408647205,-0.06637507981002333,0.4605304039356876,0.43774135053212115,0.8298784935092227,0.8527531198894008
2025-09-05,-0.003170172669936022,22.345841075770025,0.08125129829331001,-0.007314092062131799,-0.6991587198240777,0.8527531198894008,0.41539907264630915,0.3894463056649018,-0.003170172669936022,0.0,-0.9510565162951536,0.30901699437494723,2.71997879207129,-0.007874048793430344,0.5479950819677366,0.45648921646231944,0.803832329573847,0.27483248331334326
2025-09-08,0.0021037644508883346,22.374133559335533,0.028292483565508064,-0.00045253401212824723,0.3178051276168123,0.27483248331334326,-0.5779206365760576,-0.9933197092223668,0.0,0.0021037644508883346,0.0,1.0,2.715356753563089,-0.004622038508200976,0.5161193314306761,0.430628325817056,0.7716425086032379,0.3719299553197613
2025-09-09,0.0026845470300731478,22.291537945973086,-0.08259561336244658,0.0014259111167303435,0.3099099705147209,0.3719299553197613,0.09709747200641805,0.6750181085824757,0.0,0.0026845470300731478,0.9510565162951535,0.30901699437494745,2.710713315985326,-0.004643437577763088,0.4696541772054562,0.4344738902369397,0.7537954358565456,0.39210499612462996
2025-09-10,0.002979028229397329,22.382067082780882,0.0905291368077954,-0.0027900246713759526,0.39658097959514615,0.39210499612462996,0.02017504080486865,-0.0769224312015494,0.0,0.002979028229397329,0.5877852522924732,-0.8090169943749473,2.731115498884654,0.020402182899327936,0.46579492037804543,0.43164948919245694,0.7245727833899711,0.39891366178878623
2025-09-11,0.008450087623094404,22.414552824773697,0.032485741992815065,0.0050312630155346745,1.2464861298656467,0.39891366178878623,0.006808665664156277,-0.013366375140712372,0.0,0.008450087623094404,-0.587785252292473,-0.8090169943749475,2.688527537206614,-0.04258796167804002,0.4581068432871843,0.42887545614375366,0.769239007519414,0.21405008322187524
2025-09-12,-0.0004828778814278678,22.25833358922775,-0.1562192355459473,-0.0009670044424390627,-0.3177371767150522,0.21405008322187524,-0.184863578566911,-0.19167224423106727,-0.0004828778814278678,0.0,-0.9510565162951536,0.30901699437494723,2.691920834679226,0.003393297472611856,0.3303662359536792,0.42078462766986374,0.7564325976836656,0.15148608317100257
2025-09-15,0.004695577726559819,22.34166745526345,0.08333386603570148,0.0017837595918270557,0.479775463220883,0.15148608317100257,-0.06256400005087268,0.12229957851603832,0.0,0.004695577726559819,0.0,1.0,2.753023540000728,0.06110270532150208,0.30569695592521107,0.41232362820446933,0.7505885306380916,0.2365721865324875
2025-09-16,-0.0012887604333311486,22.402138390126385,0.0604709348629342,-0.002625693000026541,-1.0926755395095877,0.2365721865324875,0.08508610336148492,0.1476501034123576,-0.0012887604333311486,0.0,0.9510565162951535,0.30901699437494745,2.794839368482153,0.041815828481424955,0.2786254021677563,0.40734138719922103,0.7216029269092857,0.7849893147175577
2025-09-17,-0.000970639078245128,22.48204402075146,0.07990563062507405,-0.0006845807391678494,-0.83247750053179,0.7849893147175577,0.5484171281850703,0.46333102482358535,-0.000970639078245128,0.0,0.5877852522924732,-0.8090169943749473,2.7549338039876257,-0.0399055644945272,0.35720226588634185,0.4356999091192243,0.691420948488753,0.4762580803633898
2025-09-18,0.0047776878367074005,22.38953766632148,-0.0925063544299789,0.0007707876516300488,0.7988593871746433,0.4762580803633898,-0.30873123435416794,-0.8571483625392382,0.0,0.0047776878367074005,-0.587785252292473,-0.8090169943749475,2.753660700205545,-0.0012731037820805646,0.3726711496012626,0.4336661216652946,0.6828729036573724,0.4108625138027352
2025-09-19,0.00487352393748175,22.934388936470288,0.5448512701488077,0.002591751325778185,0.6766700908286469,0.4108625138027352,-0.0653955665606546,0.24333566779351334,0.0,0.00487352393748175,-0.9510565162951536,0.30901699437494723,2.737608990998456,-0.016051709207089093,0.4120336357174345,0.4195182578219088,0.6833482038608245,0.39336763038102474
2025-09-22,0.004400350714762524,22.453614333775853,-0.48077460269443506,0.005914030837616055,0.44506063804067375,0.39336763038102474,-0.01749488342171046,0.04790068313894413,0.0,0.004400350714762524,0.0,1.0,2.778819295684189,0.04121030468573306,0.460409945159439,0.4171936688780419,0.6795071263695335,0.46620828259767433
2025-09-23,-0.005517351828739692,22.45201805666407,-0.0015962771117834507,-0.005321618972166412,-1.8665949668126798,0.46620828259767433,0.07284065221664959,0.09033553563836005,-0.005517351828739692,0.0,0.9510565162951535,0.30901699437494745,2.8118093987132804,0.03299010302909133,0.5063371643724763,0.40777644445703104,0.7204703177825568,0.45259317584364145
2025-09-24,-0.002850677165294968,22.4205644324576,-0.031453624206470465,-0.004782154810766018,-1.0115272172679644,0.45259317584364145,-0.01361510675403288,-0.08645575897068247,-0.002850677165294968,0.0,0.5877852522924732,-0.8090169943749473,2.7837759304916423,-0.028033468221638103,0.4398579365976931,0.4168619944202278,0.7083466703298279,0.5328075391482088
2025-09-25,-0.005021648742527418,22.493915725356484,0.07335129289888442,-0.0005252024877525291,-1.2774968124361854,0.5328075391482088,0.08021436330456733,0.0938294700586002,-0.005021648742527418,0.0,-0.587785252292473,-0.8090169943749475,2.817801051388579,0.034025120896936656,0.4511678283546569,0.4273036675823193,0.728260069126067,0.39419230747294526
2025-09-26,0.005884489130414394,22.353115994939362,-0.1407997304171218,0.004271843204866997,1.1120706528219397,0.39419230747294526,-0.13861523167526352,-0.21882959497983084,0.0,0.005884489130414394,-0.9510565162951536,0.30901699437494723,2.727199017446074,-0.09060203394250488,0.4478337870886989,0.4336463539698525,0.7217481649371374,0.34839175997410304
2025-09-29,0.0026320772599124354,22.401998442168164,0.048882447228802306,-5.556151324312417e-05,0.4476050823228753,0.34839175997410304,-0.045800547498842215,0.0928146841764213,0.0,0.0026320772599124354,0.0,1.0,2.780060789140106,0.052861771694031834,0.4388386130073146,0.4304540696958023,0.687756262572011,0.4401828059364254
2025-09-30,0.004082503613508592,22.524515135138326,0.12251669297016221,0.004836407499526339,0.6493667580928868,0.4401828059364254,0.09179104596232235,0.13759159346116456,0.0,0.004082503613508592,0.9510565162951535,0.30901699437494745,2.7899374027516357,0.009876613611529805,0.4336335176750648,0.43073843016902996,0.6650718870004892,0.4986974623231294
2025-10-01,0.0033941541712234624,22.52133038747468,-0.0031847476636457372,0.00691986281635391,0.3957364669567025,0.4986974623231294,0.058514656386704,-0.03327638957561835,0.0,0.0033941541712234624,0.5877852522924732,-0.8090169943749473,2.7905514788157535,0.0006140760641177856,0.44285437497096236,0.42571184616318564,0.656372342540146,0.38014679663727874
2025-10-02,0.0006181636213824504,22.41264737540716,-0.10868301206751951,-0.002373818962716181,-0.14909333757441368,0.38014679663727874,-0.11855066568585065,-0.17706532207255465,0.0,0.0006181636213824504,-0.587785252292473,-0.8090169943749475,2.811208242739808,0.020656763924054466,0.41232222646877636,0.42422353741916624,0.6212774288305171,0.4713869488547317
2025-10-03,6.551065686721813e-05,22.466029371010634,0.05338199560347334,-0.0009451006287205304,-0.17379199498166104,0.4713869488547317,0.09124015221745296,0.20979081790330362,0.0,6.551065686721813e-05,-0.9510565162951536,0.30901699437494723,2.812410193515358,0.0012019507755498537,0.4277611547451336,0.4258441517816253,0.5921564109610564,0.3280034200244837
2025-10-06,0.003639959282761396,22.446828546456427,-0.019200824554207685,0.0009529250146303519,0.7410323689945476,0.3280034200244837,-0.14338352883024802,-0.23462368104770098,0.0,0.003639959282761396,0.0,1.0,2.7954504426495905,-0.016959750865767287,0.4236834867552098,0.4008560708356769,0.5819284138757357,0.49360283649704206
2025-10-07,-0.0038186877068522307,22.43636983047457,-0.010458715981858546,-0.004687762222596088,-1.261868925913964,0.49360283649704206,0.16559941647255838,0.3089829453028064,-0.0038186877068522307,0.0,0.9510565162951535,0.30901699437494745,2.8472322519593383,0.05178180930974774,0.4343674928673331,0.4112737067015673,0.6151324556382685,0.2820352547992916
2025-10-08,0.005810748494187834,22.406535826521562,-0.02983400395300606,0.004429596942638433,1.086418549533409,0.2820352547992916,-0.21156758169775047,-0.37716699817030885,0.0,0.005810748494187834,0.5877852522924732,-0.8090169943749473,2.7911650610066143,-0.056067190952723944,0.39103505136256556,0.406993006676783,0.6325026739741857,0.45080383902114124
2025-10-09,-0.002759373980278923,22.406886861753993,0.0003510352324305188,-0.0037627297961896062,-1.4064392799943826,0.45080383902114124,0.16876858422184965,0.3803361659196001,-0.002759373980278923,0.0,-0.587785252292473,-0.8090169943749475,2.7991089506234785,0.007943889616864208,0.4051664598393381,0.409788189671855,0.6369409822392518,1.401358261283122
2025-10-10,-0.027485975439899946,22.609821717810405,0.20293485605641237,-0.028284510769037298,-2.70025877592881,1.401358261283122,0.9505544222619806,0.781785838040131,-0.027485975439899946,0.0,-0.9510565162951536,0.30901699437494723,3.075467234528159,0.2763582839046803,0.5911607223250162,0.45752364679063295,1.3815765979983252,0.41202918826514684
2025-10-13,0.015478263036934337,22.391719548511944,-0.2181021692984615,0.004848969893708847,1.4135478246721884,0.41202918826514684,-0.9893290730179751,-1.9398834952799557,0.0,0.015478263036934337,0.0,1.0,2.946016717390323,-0.12945051713783595,0.6079658759731488,0.46695122322126487,1.4212843530896877,1.2837314371052786
2025-10-14,-0.0015655514969434847,22.457911597394055,0.06619204888211172,0.006313972012415301,-0.08267798720037879,1.2837314371052786,0.8717022488401318,1.861031321858107,-0.0015655514969434847,0.0,0.9510565162951535,0.30901699437494745,3.035433614742034,0.0894168973517111,0.7659915960947961,0.5208676686467066,1.2966469578729873,1.176974368453663
2025-10-15,0.00401791850342903,22.451918648497625,-0.005992948896430761,-0.0025764720771372595,0.42161610951289413,1.176974368453663,-0.1067570686516155,-0.9784593174917473,0.0,0.00401791850342903,0.5877852522924732,-0.8090169943749473,3.0272309110420648,-0.008202703699969227,0.9449794188256704,0.5656487249286674,1.2314896583789603,1.0911499981297967
2025-10-16,-0.006314280275143247,22.523023237450868,0.07110458895324356,-0.009002882686389643,-0.45294234673945183,1.0911499981297967,-0.08582437032386636,0.020932698327749133,-0.006314280275143247,0.0,-0.587785252292473,-0.8090169943749475,3.231199553456376,0.20396864241431123,1.0730486506474015,0.5802278050911549,1.1785187535964567,0.6434644261506551
2025-10-17,0.005256873944526674,22.40187900442124,-0.12114423302962862,0.00764313081018969,0.5348329456881263,0.6434644261506551,-0.4476855719791416,-0.36186120165527524,0.0,0.005256873944526674,-0.9510565162951536,0.30901699437494723,3.033991018714657,-0.19720853474171918,0.9214698836209081,0.5881900120334057,1.0898400656836902,0.39053177151931157
2025-10-20,0.010615724136144422,22.264889469010683,-0.13698953541055658,0.006715775670247167,0.9073499234023112,0.39053177151931157,-0.25293265463134357,0.19475291734779804,0.0,0.010615724136144422,0.0,1.0,2.903068563580112,-0.1309224551345447,0.917170400271741,0.5872218814484808,1.0783366900269156,0.3159766372683976
2025-10-21,3.269591641696934e-05,22.380544892133443,0.11565542312276023,-0.00020782243876469862,-0.023568798036272407,0.3159766372683976,-0.07455513425091398,0.1783775203804296,0.0,3.269591641696934e-05,0.9510565162951535,0.30901699437494745,2.8831233761345922,-0.019945187445519874,0.7236194403043649,0.5835365960621652,0.9990951337024491,0.8214810333591029
2025-10-22,-0.00535183477474277,22.46548661210141,0.08494171996796851,-0.006240739470805975,-0.38973501905688906,0.8214810333591029,0.5055043960907053,0.5800595303416193,-0.00535183477474277,0.0,0.5877852522924732,-0.8090169943749473,2.9231616012282804,0.04003822509368815,0.6525207732854528,0.6004543460984236,0.9581738767690365,0.40767280502072445
2025-10-23,0.005810479862013551,22.439897583662297,-0.02558902843911426,0.005176295821160892,0.48762771426925244,0.40767280502072445,-0.4138082283383785,-0.9193126244290838,0.0,0.005810479862013551,-0.587785252292473,-0.8090169943749475,2.8507064574031857,-0.07245514382509466,0.5158253346636383,0.5983152808211419,0.9506163816934472,0.31755491470591096
2025-10-24,0.007871361975244184,22.344280479898732,-0.09561710376356558,0.002893022467349307,0.6170907593341538,0.31755491470591096,-0.09011789031481349,0.323690338023565,0.0,0.007871361975244184,-0.9510565162951536,0.30901699437494723,2.7954504426495905,-0.055256014753595206,0.45064343237468957,0.5880651558476991,0.9162694742153105,0.21372212957232986
2025-10-27,0.012215141327379442,22.389206948803256,0.04492646890452434,0.004329285622273384,1.4041420864504657,0.21372212957232986,-0.1038327851335811,-0.013714894818767615,0.0,0.012215141327379442,0.0,1.0,2.7593768258516564,-0.03607361679793408,0.4152815039852932,0.5794713378524317,0.9586059673912225,0.41169401836061115
2025-10-28,0.0022853305022305648,22.463017721830294,0.07381077302703787,-0.000993586460066868,-0.2202815452087423,0.41169401836061115,0.19797188878828129,0.3018046739218624,0.0,0.0022853305022305648,0.9510565162951535,0.30901699437494745,2.7985001086706855,0.039123282819029104,0.4344249802037359,0.5824857311089321,0.8840510070219424,0.6783311469213016
2025-10-29,-4.357920473374577e-05,22.56065651800844,0.09763879617814553,-0.0029504484680489265,-0.5230881695136878,0.6783311469213016,0.26663712856069044,0.06866523977240915,-4.357920473374577e-05,0.0,0.5877852522924732,-0.8090169943749473,2.8284963586871754,0.029996250016489867,0.40579500291617565,0.5938261282986881,0.8195832619503204,0.5139253626050444
2025-10-30,-0.009954191424535352,22.52377029059237,-0.03688622741606906,-0.005577826770284982,-1.8438422939855785,0.5139253626050444,-0.1644057843162572,-0.4310429128769476,-0.009954191424535352,0.0,-0.587785252292473,-0.8090169943749475,2.827905153886959,-0.0005912048002163495,0.4270455144330397,0.5945512664073508,0.8954572395039547,0.5698534480458213
2025-10-31,0.002614500917884399,22.579295041348576,0.055524750756205776,-0.005680994249395478,0.000714963859953216,0.5698534480458213,0.055928085440776876,0.22033386975703406,0.0,0.002614500917884399,-0.9510565162951536,0.30901699437494723,2.858766449103403,0.030861295216443985,0.47750522110102167,0.6035849164744242,0.8548194137453533,0.574484374631845
2025-11-03,0.0017192339969174242,22.525919086393742,-0.05337595495483427,-0.00441954534070207,-0.00010778935479402328,0.574484374631845,0.004630926586023709,-0.051297158854753167,0.0,0.0017192339969174242,0.0,1.0,2.8431636793528288,-0.015602769750574286,0.5496576701129248,0.6084943177019058,0.7981322371324587,0.5346942636935194
2025-11-04,-0.0118062503923273,22.470639677954587,-0.05527940843915502,-0.0025029699586216177,-1.6172333383457547,0.5346942636935194,-0.03979011093832563,-0.04442103752434934,-0.0118062503923273,0.0,0.9510565162951535,0.30901699437494745,2.9444389791664403,0.1012752998136115,0.5742577191795064,0.6183367388290028,0.9218156845263319,0.649686103373468
2025-11-05,0.0036468976756882654,22.50490762815454,0.0342679501999541,0.0039097649869396615,0.2993129612096394,0.649686103373468,0.11499183967994864,0.15478195061827427,0.0,0.0036468976756882654,0.5877852522924732,-0.8090169943749473,2.890927171896462,-0.053511807269978284,0.5685287104699397,0.6257692753469278,0.8762294084446358,0.6991693100749607
2025-11-06,-0.011241134514722972,22.523638109437925,0.018730481283384393,-0.009960175528453172,-1.339765427633439,0.6991693100749607,0.049483206701492755,-0.06550863297845588,-0.011241134514722972,0.0,-0.587785252292473,-0.8090169943749475,2.970414465569701,0.07948729367323892,0.605577499963923,0.6456328017886264,0.9631805216085653,0.9997332288989805
2025-11-07,0.0012610463474942435,22.502627098549112,-0.021011010888813075,0.004859551842469121,0.2841414881584239,0.9997332288989805,0.3005639188240198,0.251080712122527,0.0,0.0012610463474942435,-0.9510565162951536,0.30901699437494723,2.948640662021506,-0.021773803548194692,0.6915534561345547,0.6717722965447139,0.9114253136134612,0.5965402569646124
2025-11-10,0.015283626703501696,22.40335790702048,-0.09926919152863078,0.006913089396371451,1.9096975033060408,0.5965402569646124,-0.4031929719343681,-0.7037568907583879,0.0,0.015283626703501696,0.0,1.0,2.867898923718522,-0.08074173830298426,0.6959646326011083,0.633447629672404,1.0244757310556747,0.41250718191223257
2025-11-11,0.0020731999523917466,22.329396285948583,-0.07396162107189852,0.004533628005328879,0.3266009801776769,0.41250718191223257,-0.18403307505237987,0.21915989688198823,0.0,0.0020731999523917466,0.9510565162951535,0.30901699437494745,2.8495498031123385,-0.018349120606183433,0.6715272162448509,0.6334703912746461,0.9474253009975572,0.3868815764683243
2025-11-12,0.0006293191259452158,22.389766269922845,0.06036998397426174,-0.0024565182538106313,0.14486499526959504,0.3868815764683243,-0.025625605443908295,0.15840746960847157,0.0,0.0006293191259452158,0.5877852522924732,-0.8090169943749473,2.862772159369253,0.01322235625691448,0.6189663108638221,0.5907632550538386,0.8911241832096106,0.7054471266523986
2025-11-13,-0.01669545163092856,22.4232242955442,0.03345802562135347,-0.01312024717597907,-1.6465477778965119,0.7054471266523986,0.31856555018407434,0.34419115562798264,-0.01669545163092856,0.0,-0.587785252292473,-0.8090169943749475,2.995732273553991,0.13296011418473785,0.6202218741793097,0.5683095768728262,1.1004657240260274,1.2137588431974038
2025-11-14,-0.000501851471272019,22.34119955778007,-0.08202473776412944,0.009244966778659956,0.11426163559759332,1.2137588431974038,0.5083117165450052,0.18974616636093083,-0.000501851471272019,0.0,-0.9510565162951536,0.30901699437494723,2.9871959386843043,-0.008536334869686524,0.6630269970389944,0.574148093304617,1.0332706052441438,1.1591485043901193
2025-11-17,-0.009204497894303998,22.372735672068195,0.03153611428812653,-0.0061556515030086545,-0.6894225184807312,1.1591485043901193,-0.0546103388072845,-0.5629220553522897,-0.009204497894303998,0.0,0.0,1.0,3.1081676653845203,0.12097172670021594,0.7755486465240958,0.5987044779826867,1.0809022207363634,0.9602083758511394
2025-11-18,-0.008290709844169797,22.364084192591253,-0.008651479476942114,-0.003600727894704244,-0.6519578378163854,0.9602083758511394,-0.1989401285389799,-0.1443297897316954,-0.008290709844169797,0.0,0.9510565162951535,0.30901699437494745,3.206398324987611,0.09823065960309085,0.8850888853118771,0.6258319353318212,1.0726027450845452,0.9047617540199014
2025-11-19,0.003746807737265101,22.337016436561917,-0.027067756029335754,0.002460102612454011,0.6573217464822426,0.9047617540199014,-0.05544662183123794,0.14349350670774197,0.0,0.003746807737265101,0.5877852522924732,-0.8090169943749473,3.1637858521010482,-0.04261247288656289,0.9886649208221925,0.6538693218437976,1.0010044702513539,1.6830220587688922
2025-11-20,-0.015689726116315583,22.445332189751817,0.10831575318989906,-0.030005272977439372,-1.326783197184647,1.6830220587688922,0.7782603047489908,0.8337069265802287,-0.015689726116315583,0.0,-0.587785252292473,-0.8090169943749475,3.2741213019819138,0.11033544988086552,1.1841799072454913,0.6948950849585496,1.1623738990879826,1.4132387371897168
2025-11-21,0.009775103041592459,22.503278245670522,0.0579460559187055,0.007177031365316076,1.1114909935505433,1.4132387371897168,-0.2697833215791754,-1.048043626328166,0.0,0.009775103041592459,-0.9510565162951536,0.30901699437494723,3.1540172655447054,-0.12010403643720835,1.224075886043954,0.7427791769665968,1.1328280677676912,0.635534950124854
2025-11-24,0.015348818899081351,22.521626801774566,0.018348556104044178,0.0102806819171872,1.64021488042783,0.635534950124854,-0.7777037870648629,-0.5079204654856875,0.0,0.015348818899081351,0.0,1.0,3.0214000426107397,-0.13261722293396572,1.1193531751909007,0.7579210834151179,1.1979183779173759,1.0475831811690877
2025-11-25,0.009020886000833173,22.3333695279008,-0.18825727387376645,0.010228204688195745,0.9268485981303829,1.0475831811690877,0.4120482310442337,1.1897520181090966,0.0,0.009020886000833173,0.9510565162951535,0.30901699437494745,2.921008698583398,-0.10039134402734184,1.1368281362544903,0.7976287525387731,1.1442596129806597,0.46240629115766363
2025-11-26,0.006882969436150077,22.224004332680135,-0.1093651952206649,0.0028016826976037653,0.658682944746745,0.46240629115766363,-0.585176890011424,-0.9972251210556577,0.0,0.006882969436150077,0.5877852522924732,-0.8090169943749473,2.8443278504626814,-0.0766808481207164,1.0483570436820429,0.8000436226719659,1.08534059399613,0.21263579513203829
2025-11-28,0.005340487341136679,21.662702620638697,-0.5613017120414376,0.003886865985096218,0.374938394608685,0.21263579513203829,-0.24977049602562534,0.3354063939857987,0.0,0.005340487341136679,-0.9510565162951536,0.30901699437494723,2.794227920674744,-0.05009992978793765,0.7542797909546721,0.7778676535391439,1.0275788468694007,0.45306305967397054
2025-12-01,-0.0053375487460556315,22.238254599003934,0.5755519783652367,4.845208491137068e-05,-0.6435860264179741,0.45306305967397054,0.24042726454193225,0.4901977605675576,-0.0053375487460556315,0.0,0.0,1.0,2.8472322519593383,0.053004331284594475,0.5622446554515228,0.7749694486376643,0.9968180080267993,0.4640602184276861
2025-12-02,0.0024542211959364124,22.24546471033239,0.007210111328454616,-0.0002327679855590149,0.013710928964906817,0.4640602184276861,0.010997158753715541,-0.2294301057882167,0.0,0.0024542211959364124,0.9510565162951535,0.30901699437494745,2.8088001133999354,-0.03843213855940286,0.5279497091120893,0.7699316757987054,0.9287309922619637,0.43712201746532026
2025-12-03,0.0029753605210860457,22.278623417124287,0.03315870679189814,0.005039183725393468,-0.055095636164804514,0.43712201746532026,-0.02693820096236582,-0.03793535971608136,0.0,0.0029753605210860457,0.5877852522924732,-0.8090169943749473,2.777576259006172,-0.031223854393763517,0.40585747637133573,0.7633906111717281,0.8703235529381033,0.397468891035733
2025-12-04,0.0010797387119740876,22.306860675468226,0.028237258343938976,-0.001362631625802865,-0.2426195871109578,0.397468891035733,-0.03965312642958724,-0.012714925467221416,0.0,0.0010797387119740876,-0.587785252292473,-0.8090169943749475,2.7587432984957503,-0.018832960510421604,0.3928699963469497,0.7568560696165955,0.8235604649907158,0.38370376807409295
2025-12-05,0.0019347688846789168,22.321553819498053,0.014693144029827465,0.0005940396726727846,-0.5289981279612543,0.38370376807409295,-0.013765122961640064,0.025888003467947174,0.0,0.0019347688846789168,-0.9510565162951536,0.30901699437494723,2.7350166394301496,-0.023726659065600675,0.4270835909353606,0.7441902441261489,0.7767674313094459,0.45854055320203635
2025-12-08,-0.003483315331648029,22.282910382381353,-0.038643437116700596,-0.00418176329023666,-1.187638895948111,0.45854055320203635,0.0748367851279434,0.08860190808958346,-0.003483315331648029,0.0,0.0,1.0,2.8130106275797595,0.0779939881496099,0.42817908964097373,0.7327317318941049,0.7575166985441038,0.28371939043840116
2025-12-09,-0.0008767431610134935,22.229130524677338,-0.053779857704014944,-1.4632962647392089e-05,-0.645775963599654,0.28371939043840116,-0.17482116276363519,-0.24965794789157858,-0.0008767431610134935,0.0,0.9510565162951535,0.30901699437494745,2.829087214170784,0.016076586591024622,0.39211092404311676,0.6986358348245536,0.7305386928119585,0.6169828347689915
2025-12-10,0.006726880659140733,22.43283320706047,0.20370268238313116,0.007753578314048898,1.2102093504277764,0.6169828347689915,0.33326344433059035,0.5080846070942255,0.0,0.006726880659140733,0.5877852522924732,-0.8090169943749473,2.7581094300024462,-0.07097778416833789,0.4280830875038511,0.6996092909104763,0.7316974680921584,0.6252249268243315
2025-12-11,0.0020771919837176966,22.336906903937535,-0.09592630312293338,0.005769428946994615,0.2134864984222838,0.6252249268243315,0.008242092055339989,-0.32502135227525036,0.0,0.0020771919837176966,-0.587785252292473,-0.8090169943749475,2.6979998909369054,-0.06010953906554084,0.4736342946615707,0.709738707334862,0.699872977233449,0.85683622956829
2025-12-12,-0.01072091345855597,22.314572364983615,-0.022334538953920458,-0.008668395160034436,-2.0822787846452666,0.85683622956829,0.23161130274395847,0.22336921068861848,-0.01072091345855597,0.0,-0.9510565162951536,0.30901699437494723,2.756205228447844,0.058205337510938815,0.5682607869604102,0.7321175003396223,0.840008445843973,0.4789181149736751
2025-12-15,-0.0015978388918362896,22.327811803501064,0.013239438517448576,-0.006387553318047714,-0.3512839332180673,0.4789181149736751,-0.3779181145946149,-0.6095294173385734,-0.0015978388918362896,0.0,0.0,1.0,2.803360380906535,0.04715515245869062,0.572336299314738,0.7213304045453973,0.7881461597121524,0.6199876787710569
2025-12-16,-0.0023867640084400676,22.32933407861152,0.0015222751104566612,2.0535961305164003e-05,-0.41821853893611316,0.6199876787710569,0.14106956379738178,0.5189876783919967,-0.0023867640084400676,0.0,0.9510565162951535,0.30901699437494745,2.8021474967044036,-0.0012128842021312813,0.6395899569812691,0.6930555871917617,0.7501149504246399,0.6004232553718658
2025-12-17,-0.011659856611370145,22.356834252992837,0.027500174381316356,-0.012045079036137354,-1.7187161246807594,0.6004232553718658,-0.019564423399191067,-0.16063398719657285,-0.011659856611370145,0.0,0.5877852522924732,-0.8090169943749473,2.8690346681376235,0.06688717143321998,0.6362780411018438,0.6664496229527973,0.874244414887636,0.5996318442755358
2025-12-18,0.007902951520478041,22.35273968298807,-0.004094570004767206,-0.0004870267703384588,1.4149067988031974,0.5996318442755358,-0.0007914110963299636,0.018773012302861103,0.0,0.007902951520478041,-0.587785252292473,-0.8090169943749475,2.825536946304965,-0.04349772183265843,0.6311594245920847,0.6492793119253877,0.8719082233309224,0.3095824657576148
2025-12-19,0.008779407421830143,22.869719790413548,0.5169801074254785,0.006146568652094689,1.303579149272069,0.3095824657576148,-0.29004937851792106,-0.2892579674215911,0.0,0.008779407421830143,-0.9510565162951536,0.30901699437494723,2.7020321185427174,-0.1235048277622477,0.5217086718299497,0.620937441055755,0.8648109798619897,0.24251904150447348
2025-12-22,0.006415870575560589,22.219541770401236,-0.6501780200123122,0.001932562174964893,0.8080109332824287,0.24251904150447348,-0.0670634242531413,0.22298595426477977,0.0,0.006415870575560589,0.0,1.0,2.6447553453112924,-0.05727677323142499,0.4744288571361094,0.5523420592812588,0.8372562737569031,0.2697371320673103
2025-12-23,0.004540067046789886,22.063662845941007,-0.15587892446022877,0.005424384196721663,0.47398257656751125,0.2697371320673103,0.027218090562836833,0.09428151481597813,0.0,0.004540067046789886,0.9510565162951535,0.30901699437494745,2.6390573296152584,-0.005698015696034009,0.4043787477953601,0.49788960189447756,0.7946971618905252,0.22404486585586597
2025-12-24,0.00321630434470066,21.310090929130073,-0.7535719168109338,0.003922781205794242,0.35390503234084797,0.22404486585586597,-0.04569226621144434,-0.07291035677428118,0.0,0.00321630434470066,0.5877852522924732,-0.8090169943749473,2.6004650102462374,-0.038592319369020966,0.3291030698921601,0.47829483597690675,0.7574276013254887,0.24038634867654085
2025-12-26,-0.0003044098771098902,21.673590778750086,0.3634998496200126,-0.0008769790958299531,-0.10012556951172638,0.24038634867654085,0.01634148282067488,0.06203374903211922,-0.0003044098771098902,0.0,-0.9510565162951536,0.30901699437494723,2.6100698207912507,0.009604810545013276,0.2572539707723611,0.43985689157249974,0.713380354324047,0.3215137984728636
2025-12-29,-0.003498162923936121,21.98788679250608,0.31429601375599603,0.000309954955765734,-0.7384445800748395,0.3215137984728636,0.08112744979632275,0.06478596697564787,-0.003498162923936121,0.0,0.0,1.0,2.653241951175182,0.04317213038393142,0.25964023731541086,0.4331477252541759,0.7121069242522418,0.19903847440847824
2025-12-30,-0.0013766142506543844,21.920192878377627,-0.06769391412845494,-0.0006087996688269766,-0.40491439549796726,0.19903847440847824,-0.12247532406438535,-0.2036027738607081,-0.0013766142506543844,0.0,0.9510565162951535,0.30901699437494745,2.662355236516009,0.009113285340826671,0.25094412389621185,0.4325002337911492,0.6942508920401218,0.33134173045669274
